<?xml version="1.0" encoding="UTF-8"?><hwthemes>
	
	<color name="qs_panel_background">H7_COLOR_QSBG</color>
	
	<color name="qs_panel_background_lite">H7_COLOR_QSBG</color>
	
	
	
	
	
	
	<color name="qs_tile_tint_on">H7_COLOR_SYSTEMUI</color>
	
	
	
	
	<color name="status_bar_brightness_image_color">H7_COLOR_SYSTEMUI</color>
	
	<color name="brightness_text_color">H7_COLOR_SYSTEMUI</color>
	
	<color name="volume_slider_inactive">H7_COLOR_SYSTEMUI</color>
	
	<color name="volume_image_color">H7_COLOR_SYSTEMUI</color>


</hwthemes>