﻿<?xml version="1.0" encoding="utf-8"?>
<resources>
	<item type="drawable" name="notification_action_background_seletor">H7_BACKGROUND</item>
	<item type="drawable" name="notification_bg">H7_BACKGROUND</item>
	<item type="drawable" name="notification_bg_low">H7_BACKGROUND</item>
	<item type="drawable" name="notification_material_action_background">H7_BACKGROUND</item>
	<item type="drawable" name="notification_material_media_action_background">H7_BACKGROUND</item>
	<item type="drawable" name="notification_template_icon_low_bg">H7_BACKGROUND</item>
	<item type="drawable" name="screen_background_holo_dark">H7_BACKGROUND</item>
	<item type="drawable" name="screen_background_holo_light">H7_BACKGROUND</item>
	
	<color name="background_dark">H7_BACKGROUND</color>
	<color name="background_material_dark">H7_BACKGROUND</color>
	<color name="background_floating_material_dark">H7_BACKGROUND</color>
	<color name="notification_material_background_color">H7_BACKGROUND</color>


	<color name="primary_text_default_material_light">#ffafafaf</color>
	<color name="notification_default_color">#ffafafaf</color>
	<color name="notification_default_color_dark">#ffafafaf</color>
	<color name="notification_default_color_light">#ffafafaf</color>
	<color name="notification_event_text_color">#ffafafaf</color>
	<color name="notification_primary_text_color_dark">#ffafafaf</color>
	<color name="notification_primary_title_color">#ffafafaf</color>
	<color name="notification_secondary_text_color_dark">#ffa1a1a1</color>
	<color name="notification_sub_text_color">#ffa1a1a1</color>

	<color name="micro_text_light">#ffa1a1a1</color>
	<color name="emui_text_dark">#ffafafaf</color>

	<color name="system_notification_accent_color">#ffafafaf</color>	
	<color name="notification_default_color">#ffafafaf</color>	

	<color name="perms_costs_money">#ffafafaf</color>
	<color name="perms_dangerous_grp_color">#ffafafaf</color>
	<color name="perms_dangerous_perm_color">#ffafafaf</color>

	<color name="link_text_dark">#ffafafaf</color>
	<color name="link_text_holo_dark">#ffafafaf</color>
	<color name="link_text_holo_light">#ffafafaf</color>		 
	<color name="link_text_light">#ffafafaf</color>

	<color name="legacy_light_button_normal">#ffafafaf</color>
	<color name="legacy_light_button_pressed">#ffa1a1a1</color>
	<color name="legacy_light_control_activated">#ffafafaf</color>	

	<color name="group_button_dialog_focused_holo_dark">#ffafafaf</color>
	<color name="group_button_dialog_focused_holo_light">#ffafafaf</color>	 
	<color name="group_button_dialog_pressed_holo_dark">#ffa1a1a1</color>

	
	<color name="notification_secondary_text_color_light">#ffa1a1a1</color>
	<color name="notification_action_list_background_color">#ffafafaf</color> 
	<color name="notification_action_list">#ffafafaf</color> 
	<color name="notification_primary_text_color_light">#ffafafaf</color>
	<color name="primary_dark_device_default_dark">#ffafafaf</color>
	<color name="primary_dark_device_default_settings">#ffafafaf</color>
	<color name="primary_dark_device_default_settings_light">#ffafafaf</color>
	<color name="primary_dark_material_settings_light">#ffafafaf</color>
	<color name="primary_device_default_dark">#ffafafaf</color> 
	<color name="primary_device_default_settings">afafaf</color>
	<color name="primary_device_default_settings_light">#ffafafaf</color>
	<color name="primary_material_settings_light">#ffafafaf</color>
	<color name="secondary_text_default_material_light">#ffa1a1a1</color>
	<color name="secondary_text_leanback_dark">#ffa1a1a1</color>
	<color name="suggestion_highlight_text">#ffa1a1a1</color>  

	<color name="Blue_700">#ff03a9f4</color>
	<color name="Blue_800">#ff03a9f4</color>
	<color name="Indigo_700">#ff7986cb</color>
	<color name="Indigo_800">#ff7986cb</color>
	<color name="Pink_700">#ffe91e63</color>
	<color name="Pink_800">#ffe91e63</color>
	<color name="Purple_700">#ff673ab7</color>
	<color name="Purple_800">#ff673ab7</color>
	<color name="Red_700">#fff44336</color>
	<color name="Red_800">#fff44336</color>	
	<color name="Teal_700">#ff009688</color>
	<color name="Teal_800">#ff009688</color>
	
	<color name="legacy_orange">#ffff5722</color>
	<color name="holo_blue_light">#ff03a9f4</color>
	<color name="holo_blue_dark">#ff03a9f4</color>
	<color name="holo_green_light">#ff4caf50</color>
	<color name="holo_green_dark">#ff4caf50</color>
	<color name="holo_red_light">#fff44336</color>
	<color name="holo_red_dark">#fff44336</color>
	<color name="holo_orange_light">#ffff5722</color>
	<color name="holo_orange_dark">#ffff5722</color>
	<color name="holo_purple">#ff673ab7</color>
	<color name="holo_blue_bright">#ff673ab7</color>
	<color name="legacy_green">#ff4caf50</color>
</resources>
