﻿<?xml version="1.0" encoding="utf-8"?>
<resources>
    <!--9.0适配start-->
    <color name="emui_white">H7_BACKGROUND</color>
    <color name="emui_black">#FFFFFF</color>
    <color name="emui_primary">#E6E6E6</color>
    <color name="emui_accent">H7_ACCENT_COLOR</color>
    <color name="emui_color_gray_1">#4f5257</color>
    <color name="emui_color_gray_2">#1A1A1A</color>
    <color name="emui_color_gray_3">#4f5257</color>
    <color name="emui_color_gray_4">#303238</color>
    <color name="emui_color_gray_5">#4D4D4D</color>
    <color name="emui_color_gray_6">#666666</color>
    <color name="emui_color_gray_7">#808080</color>
    <color name="emui_color_gray_8">#B3B3B3</color>
    <color name="emui_color_gray_9">#CCCCCC</color>
    <color name="emui_color_gray_10">#E6E6E6</color>
    <color name="emui_functional_red">#ed2a2b</color>
    <color name="emui_functional_green">#3db03d</color>
    <color name="emui_functional_blue">H7_ACCENT_COLOR</color>
    <color name="emui_primary_indicator_aar">#ffffff</color>
    <color name="emui_gray_3_indicator_aar">#4CE6E6E6</color>
</resources>

