<?xml version="1.0" encoding="utf-8"?>
<resources>
    <color name="item_pressed_color">H7_ACTIONBAR</color>
    <color name="action_bar_land_menu_color">H7_ACCENT_COLOR</color>
    <color name="action_bar_menu_color">H7_ACCENT_COLOR</color>
    <color name="action_menu_color">H7_ACCENT_COLOR</color>
    <color name="agenda_item_background">H7_BACKGROUND</color>
    <color name="agenda_list_separator_color">H7_ACTIONBAR</color>
    <color name="background_color">H7_BACKGROUND</color>
    <color name="black_calendar_edit_add_bg">H7_BACKGROUND</color>
    <color name="color_focused_highlight">H7_ACCENT_COLOR</color>
    <color name="color_white">H7_BACKGROUND</color>
    <color name="day_view_pop_window_background">H7_ACTIONBAR</color>
    <color name="departed_event_area_color">H7_ACTIONBAR</color>
    <color name="edit_event_load">H7_BACKGROUND</color>
    <color name="event_center">H7_ACCENT_COLOR</color>
    <color name="event_info_dialog_bg">H7_ACTIONBAR</color>
    <color name="fab_color">H7_ACTIONBAR</color>
    <color name="fab_color_pressed">H7_ACCENT_COLOR_PRESS</color>
    <color name="folder_title_count_bg_color">H7_ACTIONBAR</color>
    <color name="header_num_circle_color">H7_ACCENT_COLOR</color>
    <color name="list_item_selected">H7_ACCENT_COLOR</color>
    <color name="month_festival">H7_ACCENT_COLOR</color>
    <color name="month_festival_not_focus">H7_ACCENT_COLOR_PRESS</color>
    <color name="month_view_select_event_background">H7_ACTIONBAR</color>
    <color name="more_event_color">H7_ACCENT_COLOR</color>
    <color name="navigation_bar_color">H7_ACTIONBAR</color>
    <color name="rest_color">H7_ACCENT_COLOR</color>
    <color name="search_text_color">H7_ACCENT_COLOR</color>
    <color name="select_calendars_fragment_bg">H7_ACTIONBAR</color>
    <color name="text_color_link">H7_ACCENT_COLOR</color>
    <color name="today_button_rect_color">H7_ACCENT_COLOR</color>
    <color name="today_color_white">H7_ACTIONBAR</color>
    <color name="today_pressed">H7_ACTIONBAR</color>
    <color name="widget_agenda_today_title_color">H7_ACCENT_COLOR</color>
    <color name="emui_accent">H7_ACCENT_COLOR</color>
    <color name="emui_accent_inverse">H7_ACCENT_COLOR</color>
    <color name="emui_accent_pressed">H7_ACCENT_COLOR</color>
    <color name="emui_card_bg">H7_ACTIONBAR</color>
    <color name="emui_color_bg">H7_BACKGROUND</color>
    <color name="emui_color_gray_1">H7_ACTIONBAR</color>
    <color name="emui_color_gray_2">H7_ACTIONBAR</color>
    <color name="emui_color_gray_3">H7_ACTIONBAR</color>
    <color name="emui_color_gray_4">H7_ACTIONBAR</color>
    <color name="emui_color_text_highlight">H7_ACCENT_COLOR_PRESS</color>
    <color name="emui_control_highlight">H7_ACCENT_COLOR</color>
    <color name="emui_fab_bg_normal">H7_ACCENT_COLOR</color>
    <color name="emui_fab_bg_pressed">H7_ACCENT_COLOR</color>
    <color name="emui_fab_icon">#ffffffff</color>
    <color name="emui_functional_blue">H7_ACCENT_COLOR</color>
    <color name="emui_functional_blue_inverse">H7_ACCENT_COLOR</color>
    <color name="emui_text_highlight_inverse">H7_ACCENT_COLOR_PRESS</color>
    <color name="hwdateandtimepicker_alert_dialog_button_text_color">H7_ACCENT_COLOR</color>
    <color name="hwdateandtimepicker_backgroud_color">H7_ACTIONBAR</color>
    <color name="hwdatepicker_alert_dialog_button_text_color">H7_ACCENT_COLOR</color>
    <color name="hwdatepicker_backgroud_color">H7_ACTIONBAR</color>
    <color name="hwsubtab_emui_color_bg">H7_BACKGROUND</color>
    <color name="hwsubtab_emui_subtab_text_on">H7_ACCENT_COLOR</color>
    <color name="hwsubtab_indicator_color">H7_ACCENT_COLOR</color>
</resources>
