﻿<resources>




   <drawable name="album_cover_background">H7_BACKGROUND</drawable>
   <color name="album_cover_background">H7_BACKGROUND</color>
  <color name="photo_page_immersion_color">H7_BACKGROUND</color>
   <color name="photo_page_full_immersion_color">H7_BACKGROUND</color>
   <color name="gray_title_groundcolor">#808080</color>
   <!-- configuration for album set page -->
   <color name="albumset_background">H7_BACKGROUND</color>
   <color name="albumset_placeholder">#00000000</color>
   <color name="albumset_label_background">#00000000</color>
   <color name="albumset_label_title">#ffffff</color>
   <color name="albumset_label_count">#ffffff</color>
   <color name="albumset_label_select_title">H7_ACCENT_COLOR</color>
   <!-- configuration for album page -->
   <color name="album_background">H7_BACKGROUND</color>
   <color name="album_placeholder">H7_BACKGROUND</color>
   <!--  DTS2015020300419  s00219286 20150203 begin -->
   <color name="album_no_video_thumbnail_placeholder">#33ffffff</color>
   <!--  DTS2015020300419  s00219286 20150203 end -->
   <color name="cloud_placeholder">#1D1D1D</color>
   <!-- configuration for photo page -->
   <color name="photo_background">H7_BACKGROUND</color>
   <color name="photo_placeholder">#333</color>
   <!-- configuration for manage cache page -->
   <color name="cache_background">#262424</color>
   <color name="cache_placeholder">#333</color>
   <color name="bitmap_screennail_placeholder">#333</color>
   <!-- DTS2013041507468 w00210918 20130417 begin -->
   <color name="slideshow_background">H7_BACKGROUND</color>
   <!-- DTS2013041507468 w00210918 20130417 end -->
   <color name="button_dark_transparent_background">#6000</color>
   <color name="crop_button_selected">H7_ACCENT_COLOR</color>
   <color name="crop_button_notselected">H7_ACCENT_COLOR_PRESS</color>
   <!-- For Action Bar -->
   <color name="action_bar_title_textcolor">#ffffff</color>
   <color name="actionbar_hightlight_text_color_normal">H7_ACCENT_COLOR</color>
   <color name="actionbar_hightlight_text_color_white">H7_ACCENT_COLOR</color>
   <color name="transparent">#00000000</color>
   <color name="crop_bolder_selected">#7fffffff</color>
   <color name="photopage_bottom_buttom_pressed">#FF0a9dcd</color>
   <color name="dialog_content_textcolor">#262424</color>
   <color name="freeshare_device_title_textcolor">H7_ACCENT_COLOR</color>
   <color name="selection_all_text_color">#ffffff</color>
   <color name="selection_all_bg_color">H7_BACKGROUND</color>
   <!-- configuration for cloud photo -->
   <color name="photoshare_login_color">#ffffff</color>
   <color name="photoshare_login_backgroundcolor">#EEEEEE</color>
   <color name="photoshare_albumset_name_color">#FFFFFF</color>
   <color name="photoshare_btngroup_text_color">#ffffff</color>
   <color name="photoshare_new_share_name_text_color">H7_ACCENT_COLOR</color>
   <color name="photoshare_new_share_edittext_color">#26ffffff</color>
   <color name="photoshare_new_share_receiver_color">#99ffffff</color>
   <color name="selection_all_bottom_line_color">#cccccc</color>
   <!-- DTS2015040203985 s00219286 20150416 begin -->
   <color name="photoshare_headPic_stroke_color">#E6FFFFFF</color>
   <!-- DTS2015040203985 s00219286 20150416 end -->
   <color name="hw_graphics_list_item_shadow_item_2_end_color">#26FFFFFF</color>
   <color name="date_label_text_color">#FFFFFFFF</color>
   <color name="location_label_text_color">#99FFFFFF</color>
   <!-- for MultiScreen -->
   <color name="multiscreen_tips_background">#A0ffffff</color>
   <color name="multiscreen_controller_background">#717070</color>
   <color name="multiscreen_controller_divider">#66ffffff</color>
   <!-- for Diag Delete Button -->
   <color name="delete_textcolor">#FFD43E25</color>
   <color name="time_line_text_color">#FFffffff</color>
   <color name="time_line_color">#33ffffff</color>
   <color name="time_line_group_title_text_color">#808080</color>
   <!-- For album slot fragment -->
   <color name="video_title_text_color">#FFFFFF</color>
   <color name="video_duration_text_color">#FFFFFF</color>
   <color name="photoshare_tag_albumSet_name_color">#FFFFFF</color>
   <color name="empty_album_text_color">#66ffffff</color>
   <!-- for Photoshare -->
   <color name="photoshare_login_background_color">H7_BACKGROUND</color>
   <color name="photoshare_login_title_color">#A6ffffff</color>
   <color name="photoshare_login_desc_color">#80ffffff</color>
   <color name="photoshare_download_progress_tips_color">#8C8C8C</color>
   <!--For pull_down_ListView -->
   <color name="CS_black_65_percent">#a6ffffff</color>
   <color name="list_header_update_time">#ffffff</color>
   <!-- For simple editor adjust state -->
   <color name="adjust_label_color">#99FFFFFF</color>
   <color name="adjust_value_color">#FFFFFF</color>
   <color name="editor_label_color">#B2FFFFFF</color>
   <color name="editor_reset_color">H7_ACCENT_COLOR</color>
   <color name="editor_adjust_background_color">#99ffffff</color>
   <color name="cutbitmap_tag">#FFFFFFFF</color>
   <color name="editor_original_text_color">#B2FFFFFF</color>
   <color name="map_overlay">#19ffffff</color>
   <!-- DTS2014091200259 xiweinan x00263025 20140912 begin -->
   <color name="allfocus_button_saveas_normal_text_color">#B2FFFFFF</color>
   <color name="allfocus_button_saveas_pressed_text_color">#59FFFFFF</color>
   <!-- DTS2014091200259 xiweinan x00263025 20140912 end -->
   <color name="appwidget_textshadow_color">#80ffffff</color>
   <color name="appwidget_text_color">#ffffff</color>
   <!-- Barcode appearance  -->
   <!-- DTS2014072400443 guxinggang g00282909 20140723 begin  -->
   <color name="Barcode_text_color">#D9ffffff</color>
   <!-- DTS2014072400443 guxinggang g00282909 20140723 end  -->
   <drawable name="hw_transparent">#00000000</drawable>
   <drawable name="album_cover_background">#1D1D1D</drawable>
   <color name="album_cover_background">#1D1D1D</color>
   <drawable name="stack_cover_background1">#0Fffffff</drawable>
   <drawable name="stack_cover_background2">#08ffffff</drawable>
   <drawable name="grid_background">H7_ACTIONBAR_BLUR</drawable>
   <color name="album_set_background">H7_BACKGROUND</color>
   <!-- For List album fragment -->
   <color name="list_empty_album_text_color">#A6ffffff</color>
   <color name="pic_gallery_album_empty_day_color">#1AFFFFFF</color>
   <!-- DTS2014110703256 xiweinan x00263025 20141107 begin -->
   <color name="switcher_mode_text">H7_ACCENT_COLOR</color>
   <!-- DTS2014110703256 xiweinan x00263025 20141107 end -->
   <color name="tag_tips_text_color">#4CFFFFFF</color>
   <color name="tag_normal_text_color">#FFFFFFFF</color>
   <color name="action_divider_color">#4dFFFFFF</color>
   <color name="bardian_time_line_text_color">#E6FFFFFF</color>
   <color name="bardian_time_line_group_title_text_color">H7_ACCENT_COLOR</color>
   <color name="bardian_title_background">#00FFFFFF</color>
   <color name="detail_title_color">#E6FFFFFF</color>
   <color name="detail_divide_line_color">#33FFFFFF</color>
   <!-- DTS2015042703420 g00282909 20150427 begin -->
   <color name="distance_line_color">H7_BACKGROUND</color>
   <color name="distance_text_color">#ffffff</color>
   <color name="distance_remeasure_color">#ffffff</color>
   <!-- DTS2015042703420 g00282909 20150427 end -->
   <color name="emui_tab_title_pressed">#8fffffff</color>
   <color name="emui_tab_title_selected">#ffffffff</color>
   <color name="emui_tab_title_activated">#ffffffff</color>
   <color name="emui_tab_title_normal">#ffffffff</color>
   <color name="emui_tab_title_normal_light">#a6ffffff</color>
   <color name="emui_tab_title_normal_pressed_light">#7fffffff</color>
   <color name="emui_tab_title_selected_light">H7_ACCENT_COLOR</color>
   <color name="emui_tab_title_selected_pressed_light">H7_ACCENT_COLOR_PRESS</color>
   <color name="emui_action_bar_title_text_color_light">#d9ffffff</color>
   <color name="emui_action_bar_title_text_color">#ffffffff</color>
   <color name="title_sub_title_text_enable_color">#CDFFFFFF</color>
   <color name="title_sub_title_text_disable_color">#4DFFFFFF</color>
   <color name="title_sub_title_text_enable_color_light">#CDffffff</color>
   <color name="title_sub_title_text_disable_color_light">#4Dffffff</color>
   <color name="photo_share_edit_friends_text_enable_color">#FFFFFFFF</color>
   <color name="photo_share_edit_friends_text_disable_color">#4DFFFFFF</color>
   <color name="photo_share_edit_friends_text_enable_color_light">#FFffffff</color>
   <color name="photo_share_edit_friends_text_disable_color_light">#4Dffffff</color>
   <color name="photo_share_edit_friends_divider_color_light">#4Dffffff</color>
   <color name="photo_share_edit_friends_divider_color">#4DFFFFFF</color>
   <color name="photo_share_policy_color">H7_ACCENT_COLOR</color>
   <color name="seekbar_textview_shadow">#Bfffffff</color>
   <color name="kids_album_background">#83b32e</color>
   <color name="comment_text_color">#D8FFFFFF</color>
   <color name="comment_text_background">H7_BACKGROUND</color>
   <color name="wallpaper_controll_normal">#E6FFFFFF</color>
   <color name="wallpaper_controll_actived">H7_BACKGROUND</color>
   <color name="wallpaper_item_default_bg">#26FFFFFF</color>
   <color name="kids_empty_tips">#b2ffffff</color>
   <color name="cloud_share_member_text_color">#7Fffffff</color>
   <color name="cloud_share_msg_text_color">#7Fffffff</color>
   <color name="user_guard_tutton_text_color_normal">H7_ACCENT_COLOR</color>
   <color name="user_guard_tutton_text_color_pressed">H7_ACCENT_COLOR</color>
   <color name="frame_overlay_icon_color">#CCFFFFFF</color>
   <color name="black">#ffffffff</color>
   <color name="ic_public_arrow_right_color">#80ffffff</color>
   <color name="ic_choosed_number_bg_dark_color">#33ffffff</color>
   <color name="ic_choosed_number_bg_dark_color">#33ffffff</color> 
   <color name="ic_choosed_number_bg_light_color">#33ffffff</color>
   <color name="ic_choosed_number_bg_color">#33ffffff</color>
   <color name="watermark_tip_item_color">#80ffffff</color>
   <color name="watermark_tip_content_color">#ffffffff</color>
   <color name="top_message_text_color">#ffffff</color>
   <color name="actionbar_background_color">H7_BACKGROUND</color>
   <color name="actionbar_text_light">#ffffff</color>
   <color name="actionbar_number_background_color">#202020</color>
   <color name="actionbar_text_dark">#ffffff</color>
   <color name="image_damage_background_color">#333333</color>
   <color name="image_damage_icon_color">#80ffffff</color>
   <color name="icon_white_background_color_normal">H7_ACCENT_COLOR</color>
   <color name="icon_white_background_color_activated">H7_ACCENT_COLOR</color>
   <color name="icon_white_background_color_pressed">H7_ACCENT_COLOR</color>
   <color name="icon_white_background_color_disabled">H7_ACCENT_COLOR</color>
   <color name="activity_background">H7_BACKGROUND</color>
   <color name="use_network_bottom_line_color">#202020</color>
   <color name="photoshare_down_up_status_progress_bgd_color_2">#333333</color>
   <color name="message_content">#ffffff</color>
   <color name="message_description">#80ffffff</color>
   <color name="photoshare_edit_text_color">#ffffff</color>
   <color name="photoshare_invite_status_creater">#a6ffffff</color>
   <color name="photoshare_invite_status_received">#a6ffffff</color>
   <color name="photoshare_invite_status_waiting">H7_ACCENT_COLOR</color>
   <color name="photoshare_invite_status_declined">#a6ffffff</color>
   <color name="pic_gallery_album_empty_color">#80ffffff</color>
   <color name="search_result_title">#ffffffff</color>
   <color name="photoshare_receiver_creater_color">#80ffffff</color>
   <color name="entry_title_color">#ffffffff</color>
   <color name="wm_dailog_message_content_color">#ffffffff</color>
   <color name="wm_dailog_message_description_color">#7fffffff</color>
   <color name="actionbar_primary_background">H7_BACKGROUND</color>
   <color name="recycle_circle_color">#4CFFFFFF</color>
   <color name="discover_user_guide_title_color">#ffffffff</color>
   <color name="people_tag_albumset_title_color">#FFFFFFFF</color>
   <color name="people_tag_albumset_label_color">#FFFFFFFF</color>
   <color name="discover_more_text_color">#80FFFFFF</color>
   <color name="alpha_black10">#FF313131</color>
   <color name="full_black">#FF656565</color>
   <color name="search_suggestion_tag_color">#FF333333</color>
   <color name="search_suggestion_text_color">#FFFFFFFF</color>
   <color name="search_suggestion_tag_background_color">#26FFFFFF</color>
   <color name="black_cancel_background_color">#FFFFFFFF</color>
   <color name="people_album_relation_color">#FFFFFF</color>
   <color name="people_relation_text_color">#FFFFFFFF</color>
   <color name="rename_normal_bg_color">#26FFFFFF</color>
   <color name="people_detail_rename_checked_color">H7_ACCENT_COLOR_PRESS</color>
   <color name="photomore_location_press_color">H7_ACCENT_COLOR</color>
   <color name="photomore_location_color">H7_ACCENT_COLOR</color>
   <color name="photo_view_background_color">H7_BACKGROUND</color>
   <color name="user_guide_bar_background">H7_BACKGROUND</color>
   <color name="photomore_info_background">H7_BACKGROUND</color>
   <color name="list_album_sys_bg">#333333</color>
   <color name="icon_black">#CCFFFFFF</color>
   <color name="recycle_circle_bg">#262626</color>
   <color name="divider_line_bg_color">#33FFFFFF</color>
   <color name="background_white">H7_BACKGROUND</color>
   <color name="round_rectangle_stork_cloor">#1AFFFFFF</color>
   <color name="tv_content_new_album_cloor">H7_ACCENT_COLOR</color>
   <color name="search_suggestion_tag_view_background">H7_BACKGROUND</color>
   <drawable name="fragment_viewpage_background">H7_BACKGROUND</drawable>
   <color name="id_photomore_cancel_color">#FFFFFFFF</color>
   
   
   
   
    <item type="drawable" name="album_cover_background">H7_ACTIONBAR_BLUR</item>
    <item type="drawable" name="fragment_viewpage_background">H7_BACKGROUND</item>
    <item type="drawable" name="grid_background">H7_ACTIONBAR_BLUR</item>
    <item type="drawable" name="hw_transparent">#00000000</item>
    <item type="drawable" name="stack_cover_background1">#0fffffff</item>
    <item type="drawable" name="stack_cover_background2">#08ffffff</item>

    <color name="Barcode_text_color">#d9ffffff</color>
    <color name="CS_black_65_percent">#a6ffffff</color>
    <color name="action_bar_title_textcolor">#ffffffff</color>
    <color name="action_date_color">#99ffffff</color>
    <color name="actionbar_background_color">H7_BACKGROUND</color>
    <color name="actionbar_hightlight_text_color_normal">H7_ACCENT_COLOR</color>
    <color name="actionbar_hightlight_text_color_white">H7_ACCENT_COLOR</color>
    <color name="address_title_color">#ff808080</color>
    <color name="album_background">H7_BACKGROUND</color>
    <color name="album_cover_background">H7_ACTIONBAR_BLUR</color>
    <color name="album_no_video_thumbnail_placeholder">#33ffffff</color>
    <color name="album_placeholder">H7_ACTIONBAR_BLUR</color>
    <color name="album_set_background">H7_BACKGROUND</color>
    <color name="albumset_background">H7_BACKGROUND</color>
    <color name="albumset_label_background">#00000000</color>
    <color name="albumset_label_count">#ffffffff</color>
    <color name="albumset_label_select_title">H7_ACCENT_COLOR</color>
    <color name="albumset_label_title">#ffffffff</color>
    <color name="albumset_placeholder">#00000000</color>
    <color name="alpha_black10">H7_ACTIONBAR_BLUR</color>
    <color name="appwidget_text_color">#ffffffff</color>
    <color name="appwidget_textshadow_color">#80ffffff</color>
    <color name="background_white">H7_BACKGROUND</color>
    <color name="bardian_time_line_group_title_text_color">H7_ACCENT_COLOR</color>
    <color name="bardian_time_line_text_color">#e6ffffff</color>
    <color name="bardian_title_background">#00ffffff</color>
    <color name="bitmap_screennail_placeholder">H7_ACTIONBAR_BLUR</color>
    <color name="button_dark_transparent_background">#66000000</color>
    <color name="cache_background">H7_ACTIONBAR_BLUR</color>
    <color name="cache_placeholder">H7_ACTIONBAR_BLUR</color>
    <color name="cloud_placeholder">H7_ACTIONBAR_BLUR</color>
    <color name="comment_text_background">#4c000000</color>
    <color name="comment_text_color">#d8ffffff</color>
    <color name="crop_bolder_selected">#7fffffff</color>
    <color name="crop_button_notselected">H7_BACKGROUND</color>
    <color name="crop_button_selected">H7_ACCENT_COLOR</color>
    <color name="cutbitmap_tag">#ffffffff</color>
    <color name="date_label_text_color">#ffffffff</color>
    <color name="default_background">H7_BACKGROUND</color>
    <color name="default_statusbar_color">H7_BACKGROUND</color>
    <color name="delete_textcolor">#ffd43e25</color>
    <color name="detail_title_color">#e6ffffff</color>
    <color name="dialog_content_textcolor">H7_ACTIONBAR_BLUR</color>
    <color name="distance_line_color">H7_ACCENT_COLOR</color>
    <color name="distance_remeasure_color">#ffffffff</color>
    <color name="distance_text_color">#ffffffff</color>
    <color name="divider_line_bg_color">#33ffffff</color>
    <color name="editor_label_color">#b2ffffff</color>
    <color name="editor_reset_color">H7_ACCENT_COLOR</color>
    <color name="emui_accent">H7_ACCENT_COLOR</color>
    <color name="emui_accent_inverse">H7_ACCENT_COLOR</color>
    <color name="emui_accent_pressed">H7_ACCENT_COLOR</color>
    <color name="emui_black">H7_BACKGROUND</color>
    <color name="emui_button_default">#1affffff</color>
    <color name="emui_button_default_disabled">#0affffff</color>
    <color name="emui_color_1">#ff4d5ceb</color>
    <color name="emui_color_10">#ffda830b</color>
    <color name="emui_color_11">#ffd49f0f</color>
    <color name="emui_color_2">#ff1596d1</color>
    <color name="emui_color_3">#ff15a5ad</color>
    <color name="emui_color_4">#ff40ae3f</color>
    <color name="emui_color_5">#ff77b40f</color>
    <color name="emui_color_6">#ff923ae4</color>
    <color name="emui_color_7">#ffe20277</color>
    <color name="emui_color_8">#ffed2a2b</color>
    <color name="emui_color_9">#ffe16808</color>
    <color name="emui_color_bg">H7_BACKGROUND</color>
    <color name="emui_color_connected">#ff41ba41</color>
    <color name="emui_color_divider_horizontal">#33ffffff</color>
    <color name="emui_color_fg">H7_ACTIONBAR_BLUR</color>
    <color name="emui_color_fg_inverse">#ffe5e5e5</color>
    <color name="emui_color_gray_1">H7_ACTIONBAR_BLUR</color>
    <color name="emui_color_gray_10">H7_BACKGROUND</color>
    <color name="emui_color_gray_2">H7_ACTIONBAR_BLUR</color>
    <color name="emui_color_gray_3">H7_ACTIONBAR_BLUR</color>
    <color name="emui_color_gray_4">H7_ACTIONBAR_BLUR</color>
    <color name="emui_color_gray_5">#4ce6e6e6</color>
    <color name="emui_color_gray_6">#ff666666</color>
    <color name="emui_color_gray_7">#ff808080</color>
    <color name="emui_color_gray_8">#ffb3b3b3</color>
    <color name="emui_color_gray_9">#ffcccccc</color>
    <color name="emui_color_handup">#fffa2a2d</color>
    <color name="emui_color_list_divider">#33ffffff</color>
    <color name="emui_color_primary">#a9ffffff</color>
    <color name="emui_color_secondary">#80ffffff</color>
    <color name="emui_color_tertiary">#61ffffff</color>
    <color name="emui_color_text_highlight">H7_ACCENT_COLOR_PRESS</color>
    <color name="emui_color_text_primary">#a9ffffff</color>
    <color name="emui_color_text_secondary">#80ffffff</color>
    <color name="emui_color_text_tertiary">#61ffffff</color>
    <color name="emui_color_warning">#ffff7500</color>
    <color name="emui_control_highlight">H7_ACCENT_COLOR</color>
    <color name="emui_control_normal">#19ffffff</color>
    <color name="emui_control_normal_disabled">#0affffff</color>
    <color name="emui_functional_blue">H7_ACCENT_COLOR</color>
    <color name="emui_functional_blue_inverse">H7_ACCENT_COLOR</color>
    <color name="emui_functional_green">#ff3db03d</color>
    <color name="emui_functional_red">#fffa2a2d</color>
    <color name="emui_list_separator_text">#80000000</color>
    <color name="emui_primary">#ffffffff</color>
    <color name="emui_primary_inverse">#ffffffff</color>
    <color name="emui_tab_title_activated">#ffffffff</color>
    <color name="emui_tab_title_normal">#ffffffff</color>
    <color name="emui_tab_title_normal_light">#a6ffffff</color>
    <color name="emui_tab_title_normal_pressed_light">#7fffffff</color>
    <color name="emui_tab_title_pressed">#8fffffff</color>
    <color name="emui_tab_title_selected">#ffffffff</color>
    <color name="emui_tab_title_selected_light">H7_ACCENT_COLOR</color>
    <color name="emui_tab_title_selected_pressed_light">H7_ACCENT_COLOR_PRESS</color>
    <color name="emui_text_disabled">#61ffffff</color>
    <color name="emui_text_hint">#7fffffff</color>
    <color name="emui_text_hint_inverse">#99ffffff</color>
    <color name="emui_text_primary">#ffffffff</color>
    <color name="emui_text_primary_inverse">#ffffffff</color>
    <color name="emui_text_secondary_inverse">#99ffffff</color>
    <color name="emui_text_tertiary_inverse">#61ffffff</color>
    <color name="emui_white">H7_BACKGROUND</color>
    <color name="frame_overlay_icon_color">#ccffffff</color>
    <color name="freeshare_device_title_textcolor">H7_ACCENT_COLOR</color>
    <color name="full_black">#ff656565</color>
    <color name="gray_title_groundcolor">#ff111111</color>
    <color name="hw_graphics_list_item_shadow_item_2_end_color">#26ffffff</color>
    <color name="ic_choosed_number_bg_color">#33ffffff</color>
    <color name="ic_choosed_number_bg_dark_color">#33ffffff</color>
    <color name="ic_choosed_number_bg_light_color">#33ffffff</color>
    <color name="ic_public_cancel_bound_color">#ffcccccc</color>
    <color name="ic_public_cancel_inner_color">#ffffffff</color>
    <color name="icon_black_background_color_activated">H7_ACCENT_COLOR</color>
    <color name="icon_white_background_color_activated">H7_ACCENT_COLOR</color>
    <color name="icon_white_background_color_disabled">H7_ACCENT_COLOR_DISABLED</color>
    <color name="icon_white_background_color_normal">H7_ACCENT_COLOR</color>
    <color name="icon_white_background_color_pressed">H7_ACCENT_COLOR_PRESS</color>
    <color name="id_photomore_cancel_color">#ffffffff</color>
    <color name="kids_album_background">#ff83b32e</color>
    <color name="kids_empty_tips">#e6000000</color>
    <color name="list_album_sys_bg">H7_ACTIONBAR_BLUR</color>
    <color name="list_header_update_time">#ffffffff</color>
    <color name="location_label_text_color">#99ffffff</color>
    <color name="multiscreen_controller_background">#ff717070</color>
    <color name="multiscreen_controller_divider">#66ffffff</color>
    <color name="multiscreen_tips_background">#a0ffffff</color>
    <color name="photo_background">H7_BACKGROUND</color>
    <color name="photo_page_full_immersion_color">H7_BACKGROUND</color>
    <color name="photo_page_immersion_color">#80000000</color>
    <color name="photo_placeholder">H7_ACTIONBAR_BLUR</color>
    <color name="photo_share_edit_friends_text_disable_color">#4dffffff</color>
    <color name="photo_share_edit_friends_text_disable_color_light">#4dffffff</color>
    <color name="photo_share_edit_friends_text_enable_color">#ffffffff</color>
    <color name="photo_share_edit_friends_text_enable_color_light">#ffffffff</color>
    <color name="photo_share_policy_color">H7_ACCENT_COLOR</color>
    <color name="photo_view_background_color">H7_BACKGROUND</color>
    <color name="photomore_info_background">H7_BACKGROUND</color>
    <color name="photomore_location_press_color">H7_ACCENT_COLOR</color>
    <color name="photopage_bottom_buttom_pressed">H7_ACCENT_COLOR</color>
    <color name="photoshare_albumset_name_color">#ffffffff</color>
    <color name="photoshare_down_up_status_progress_bgd_color_2">H7_ACTIONBAR_BLUR</color>
    <color name="photoshare_headPic_stroke_color">#e6ffffff</color>
    <color name="photoshare_login_background_color">H7_BACKGROUND</color>
    <color name="photoshare_login_backgroundcolor">#ffeeeeee</color>
    <color name="photoshare_login_desc_color">#80ffffff</color>
    <color name="photoshare_login_title_color">#a6ffffff</color>
    <color name="photoshare_new_share_edittext_color">#26ffffff</color>
    <color name="photoshare_new_share_name_text_color">H7_ACCENT_COLOR</color>
    <color name="photoshare_new_share_receiver_color">#99ffffff</color>
    <color name="recycle_circle_bg">H7_ACTIONBAR_BLUR</color>
    <color name="recycle_circle_color">#4cffffff</color>
    <color name="rename_normal_bg_color">#19ffffff</color>
    <color name="round_rectangle_stork_cloor">#1affffff</color>
    <color name="search_result_title">#ffffffff</color>
    <color name="search_suggestion_tag_background_color">#26ffffff</color>
    <color name="search_suggestion_tag_color">H7_ACTIONBAR_BLUR</color>
    <color name="search_suggestion_tag_view_background">H7_BACKGROUND</color>
    <color name="seekbar_textview_shadow">#bfffffff</color>
    <color name="selection_all_bg_color">H7_BACKGROUND</color>
    <color name="selection_all_bottom_line_color">#ffcccccc</color>
    <color name="selection_all_text_color">#ffffffff</color>
    <color name="slideshow_background">H7_BACKGROUND</color>
    <color name="switcher_mode_text">H7_ACCENT_COLOR</color>
    <color name="system_highlight">#ff006cde</color>
    <color name="system_warning">#ffd30003</color>
    <color name="text_and_icon_highlight">H7_ACCENT_COLOR</color>
    <color name="text_highlight">#ff007dff</color>
    <color name="time_line_color">#33ffffff</color>
    <color name="time_line_group_title_text_color">#ff808080</color>
    <color name="title_sub_title_text_disable_color">#4dffffff</color>
    <color name="title_sub_title_text_disable_color_light">#4dffffff</color>
    <color name="title_sub_title_text_enable_color">#cdffffff</color>
    <color name="title_sub_title_text_enable_color_light">#cdffffff</color>
    <color name="top_message_text_color">#ffffffff</color>
    <color name="transparent">#00000000</color>
    <color name="use_network_bottom_line_color">H7_ACTIONBAR_BLUR</color>
    <color name="user_guard_tutton_text_color_normal">H7_ACCENT_COLOR</color>
    <color name="user_guard_tutton_text_color_pressed">H7_ACCENT_COLOR</color>
    <color name="user_guide_bar_background">H7_BACKGROUND</color>
    <color name="video_title_text_color">#ffffff</color>
    <color name="wallpaper_controll_normal">#ffcccccc</color>
    <color name="watermark_tip_content_color">#ffffffff</color>
    <color name="watermark_tip_item_color">#80ffffff</color>
    <color name="wave_text_color">#ffffffff</color>
    <color name="welcome_page_background">H7_BACKGROUND</color>
    <color name="wm_dailog_message_content_color">#ffffffff</color>
    <color name="wm_dailog_message_description_color">#7fffffff</color>
    <color name="action_divider_color">#4dffffff</color>
    <color name="actionbar_number_background_color">H7_ACTIONBAR_BLUR</color>
    <color name="actionbar_primary_background">H7_BACKGROUND</color>
    <color name="actionbar_text_dark">#ffffffff</color>
    <color name="actionbar_text_light">#ffffffff</color>
    <color name="activity_background">H7_BACKGROUND</color>
    <color name="allfocus_button_saveas_normal_text_color">#b2ffffff</color>
    <color name="allfocus_button_saveas_pressed_text_color">#59ffffff</color>
    <color name="black">#ffffffff</color>
    <color name="detail_divide_line_color">#33ffffff</color>
    <color name="editor_original_text_color">#b2ffffff</color>
    <color name="image_damage_background_color">H7_ACTIONBAR_BLUR</color>
    <color name="image_damage_icon_color">#80ffffff</color>
    <color name="list_empty_album_text_color">#a6ffffff</color>
    <color name="map_overlay">#19ffffff</color>
    <color name="message_content">#ffffffff</color>
    <color name="message_description">#80ffffff</color>
    <color name="photo_share_edit_friends_divider_color">#4dffffff</color>
    <color name="photo_share_edit_friends_divider_color_light">#4dffffff</color>
    <color name="photoshare_download_progress_tips_color">#ff8c8c8c</color>
    <color name="photoshare_edit_text_color">#ffffffff</color>
    <color name="photoshare_invite_status_creater">#a6ffffff</color>
    <color name="photoshare_invite_status_declined">#a6ffffff</color>
    <color name="photoshare_invite_status_received">#a6ffffff</color>
    <color name="photoshare_invite_status_waiting">H7_ACCENT_COLOR</color>
    <color name="tag_normal_text_color">#ffffffff</color>
    <color name="tag_tips_text_color">#4cffffff</color>
    <color name="wallpaper_controll_actived">H7_ACCENT_COLOR</color>
    <color name="wallpaper_item_default_bg">#26ffffff</color>   
   
   
</resources>