﻿<?xml version="1.0" encoding="utf-8"?>
<resources>
    <!-- magazine_subscription.xml -->
    <color name="emui_text_dark">#ffffff</color>
    <color name="emui_primary_text_dark_disabled">#33ffffff</color>
    <color name="ic_public_list_add_light_path_a">H7_ACCENT_COLOR</color>
    <color name="ic_public_list_add_light_path_b">H7_ACCENT_COLOR</color>
    <color name="ic_public_ok_tint">H7_ACCENT_COLOR</color>
    <color name="magazine_title_color_black">#ffffff</color>
    <color name="divider_view_background">#21ffffff</color>
    <color name="magazine_subscription_color">#e5ffffff</color>
    <color name="magazine_subscription_content_color">#80ffffff</color>
    <color name="list_view_title_text">#bfffffff</color>
    <color name="list_text_color_emui">#e5ffffff</color>
    <color name="public_arrow_right_tint_color">#33ffffff</color>
    <!-- UserAgreementDialog -->
    <color name="privacy_policy_click_span">H7_ACCENT_COLOR</color>
    <!-- magazine_channel_preview -->
    <color name="magazine_update_color">#e5ffffff</color>
    <color name="progress_start_color">H7_ACCENT_COLOR_DISABLED</color>
    <color name="progress_end_color">H7_ACCENT_COLOR_DISABLED</color>
    <color name="progress_stroke_color">H7_ACCENT_COLOR_PRESS</color>
    <color name="progress_solid_color">H7_ACCENT_COLOR</color>
    <color name="progress_solid_pressed_color">H7_ACCENT_COLOR</color>
    <color name="download_cancel_blue">H7_ACCENT_COLOR</color>
</resources>

