﻿<?xml version="1.0" encoding="utf-8"?>

<resources>


    <drawable name="text_color_red">#ffff4444</drawable>
    <color name="text_color_white">#ffffffff</color>
    <color name="duoqu_notify_title_text_color">#d8ffffff</color>
    <color name="duoqu_notify_content_text_color">#b2ffffff</color>
    <color name="duoqu_notify_button_text_color">#b2ffffff</color>
    <color name="duoqu_red">#FF1F00</color>
    <color name="duoqu_web_network_fail_bg_color">#f7f7f7</color>
    <color name="duoqu_web_network_fail_text_color">#f26d4e</color>
    <color name="duoqu_web_network_setting_text_color">#a3a3a3</color>
    <color name="duoqu_web_network_fail_bottom_line_color">#e6e6e6</color>
    <color name="duoqu_action_bar_close_text_color">#ffffff</color>
    <color name="duoqu_action_bar_title_text_color">#ffffff</color>
    <color name="duoqu_hint_text_color">#7fffffff</color>
    <color name="duoqu_head_title_text_color">#ffffff</color>
    <color name="duoqu_body_text_color_gray">#7Fffffff</color>
    <color name="duoqu_black2">#ffffff</color>
    <color name="duoqu_split_line_bg">#4Cffffff</color>
    <color name="duoqu_huawei_text_disable">#4cffffff</color>
    <color name="duoqu_item_menu_pressed">#4cffffff</color>
    <color name="duoqu_gray_black">#ffffff</color>
    <color name="duoqu_border_color">#333333</color>
    <color name="duoqu_menu_item_color">#80ffffff</color>
    <color name="mms_unread_text_color">#f0460e</color>
    <color name="sms_number_set_warning">#f0460e</color>
    <color name="mms_favorites_msg_text_color">#80ffffff</color>
    <color name="conversation_text_normal_color">#80ffffff</color>
    <color name="mms_menu_item_gray_color">#33ffffff</color>
    <color name="message_pop_incoming_bg_color">H7_COLOR_DIALER_AB</color>
    <color name="other_file_name_color_receiver">#D8ffffff</color>
    <color name="other_file_size_color_receiver">#80ffffff</color>
    <color name="mms_icon_list_item_text_color">#E5ffffff</color>
    <color name="signview_divider_line_color">#33ffffff</color>
    <color name="mms_bg_change">H7_COLOR_DIALER_AB</color>
    <color name="textSubTitleColor">#80ffffff</color>
    <color name="emoji_category_panel_dark">H7_COLOR_DIALER_AB</color>
    <color name="black">#ffffff</color>
    <color name="ic_sms_album_color">#80ffffff</color>
    <color name="duoqu_theme_color_1000">#ffffff</color>
    <color name="duoqu_bottom_button_text_color">#0d9ffb</color>
    <color name="duoqu_new_popmenu_text_color">#ffffff</color>
    <color name="duoqu_setting_bottom_text_color">#80ffffff</color>
    <color name="duoqu_preference_summary_text_color">#ffffff</color>
    <color name="duoqu_bubble_style_text_color">#E6E6E6</color>
    <color name="duoqu_theme_color_3010">#ffffff</color>
    <color name="duoqu_theme_color_5010">#80ffffff</color>
    <color name="duoqu_preference_split_line_color">#33ffffff</color>
    <color name="encrypted_sms_lock_unenable">#33ffffff</color>
    <color name="encrypted_sms_lock_off">#80ffffff</color>

    <color name="multisimcard_select_arrow_color">#4cffffff</color>
    <color name="black_color_groupmember_item_name">#4Cffffff</color>
    <color name="duoqu_ic_sms_stroke_black_color">#33ffffff</color>
    <color name="duoqu_ic_sms_black_color">#E6E6E6</color>
    <color name="message_editor_background">#454545</color>
    <color name="rcs_ic_group_member_add_pressed">#4DE6E6E6</color>
    <color name="rcs_group_chat_button_background_stroke_color">#4DE6E6E6</color>
    <color name="rcs_image_backgroud_color">#33ffffff</color>
    <color name="duoqu_web_nearby_point_load_more">#1596D1</color>
    <color name="duoqu_menu_bg">H7_COLOR_DIALER_AB</color>
    <color name="duoqu_feature_train_spannable_color">#FF303030</color>
    <color name="duoqu_feature_express_list_item_time_gray_color">#85FFFFFF</color>
    <color name="duoqu_feature_express_list_item_time_black_color">#FFFFFF</color>
    <color name="duoqu_url_default_layout_loading_tv_color">#FFFFFF</color>
    <color name="duoqu_url_default_layout_load_error_tv_color">#FFFFFF</color>
    <color name="duoqu_out_of_date_color">#FFFFFF</color>
    <color name="duoq_url_voice_color">#707070</color>
    <color name="duoqu_rcs_tips_color">#e5e5e5</color>
    <color name="duoqu_rcs_file_bord_color">#33FFFFFF</color>
    <color name="duoqu_rcs_url_bg_color">#333333</color>
    <color name="duoqu_round_style_dlg">#333333</color>
    <color name="duoqu_train_svg_color">#4CFFFFFF</color>
    <color name="duoqu_url_contact_item_value_color">#80FFFFFF</color>
    <color name="duoqu_url_voice_time_color">#FFFFFF</color>
    <color name="duoqu_url_tv_area_color">#FFFFFF</color>
    <color name="duoqu_url_tv_address_color">#80FFFFFF</color>
    <color name="duoqu_rcs_expired_domain_color">#80FFFFFF</color>
    <color name="duoqu_file_url_preview_title_color">#FFFFFF</color>
    <color name="duoqu_file_url_loading_size_color">#80FFFFFF</color>
    <color name="tv_loading_size_line_color">#80FFFFFF</color>
    <color name="duoqu_file_url_preview_content_color">#80FFFFFF</color>

    <color name="duoqu_recg_train_dep_city_color">#80FFFFFF</color>
    <color name="duoqu_recg_train_arr_city_color">#80FFFFFF</color>
    <color name="duoqu_recg_train_dep_time_color">#FFFFFF</color>
    <color name="duoqu_recg_train_arr_time_color">#FFFFFF</color>
    <color name="duoqu_recg_train_date_color">#FFFFFF</color>
    <color name="duoqu_recg_train_week_color">#FFFFFF</color>
    <color name="duoqu_recg_arr_date_color">#FFFFFF</color>
    <color name="duoqu_recg_arr_week_color">#FFFFFF</color>

    <color name="duoqu_recg_air_dep_city_color">#80FFFFFF</color>
    <color name="duoqu_recg_air_arr_city_color">#80FFFFFF</color>
    <color name="duoqu_recg_air_dep_time_color">#FFFFFF</color>
    <color name="duoqu_recg_air_arr_time_color">#FFFFFF</color>
    <color name="duoqu_recg_air_dep_time_type_color">#FFFFFF</color>
    <color name="duoqu_recg_air_dep_week_type_color">#FFFFFF</color>
    <color name="duoqu_recg_air_arr_time_type_color">#FFFFFF</color>
    <color name="duoqu_recg_air_arr_week_type_color">#FFFFFF</color>
    <color name="duoqu_recg_air_state_color">#80FFFFFF</color>
    <color name="duoqu_recg_air_guitai_text_color">#80FFFFFF</color>
    <color name="duoqu_recg_air_dengjikou_text_color">#80FFFFFF</color>
    <color name="duoqu_recg_air_zhuanpan_text_color">#80FFFFFF</color>
    <color name="duoqu_recg_air_guitai_color">#80FFFFFF</color>
    <color name="duoqu_recg_air_dengjikou_color">#80FFFFFF</color>
    <color name="duoqu_recg_air_zhuanpan_color">#80FFFFFF</color>

    <color name="duoqu_recg_dlg_company_color">#FFFFFF</color>
    <color name="duoqu_recg_dlg_title_color">#FFFFFF</color>
    <color name="duoqu_recg_dlg_loading_text_color">#FFFFFF</color>
    <color name="duoqu_recg_dlg_prompt_text_color">#FFFFFF</color>
    <color name="duoqu_menu_splite_bgcolor">#4D4D4D</color>
    <color name="mms_ic_save_color">#E6E6E6</color>
    <color name="duoqu_bottom_text_color">#E6E6E6</color>
    <color name="color_emui_primary_4c">#4CFFFFFF</color>
    <color name="emui_color_gray_5">#4D4D4D</color>
    <color name="mms_emui_white">H7_COLOR_DIALER_AB</color>
    <color name="mms_emui_white_adapter_dark">H7_COLOR_DIALER_AB</color>
    <color name="mms_audio_background_stroke_color">#33FFFFFF</color>
    <color name="icon_pressed_bg_color">#33ffffff</color>
    <color name="emui_gray_5_crypto_stub_bg">H7_COLOR_DIALER_AB</color>
    <color name="rcs_talk_button_emui_white">H7_COLOR_DIALER_AB</color>
    <color name="rcs_talk_button_emui_color_gray_4">#4cffffff</color>
    <drawable name="text_color_black">#ffffff</drawable>
    <color name="ic_empty_message_color">#4dffffff</color>

    <color name="fab_new_message_bg">H7_COLOR_DIALER</color>
    <color name="fab_new_message_bg_press">H7_COLOR_DIALER</color>
    <color name="fab_new_message_center_color">#ffffff</color>
	<color name="hwtoolbar_splitbackground">H7_COLOR_DIALER_AB</color>
	<color name="hwtoolbar_background">H7_COLOR_DIALER_AB</color>
	<color name="new_message_edit_color">H7_COLOR_DIALER_AB</color>
	<color name="toolbar_menu_line_bg">H7_COLOR_DIALER_AB</color>
	<bool name="hw_blur_effect_enable">true</bool>
	<color name="emui_color_gray_1">H7_COLOR_DIALER_AB</color>
	<color name="primary_emui">H7_COLOR_DIALER_AB</color>
	<color name="primary_emui_light">H7_COLOR_DIALER_AB</color>
	<color name="primary_emui_dark">H7_COLOR_DIALER_AB</color>
	<color name="duoqu_menu_background_color">H7_COLOR_DIALER_AB</color>  
	<color name="mms_search_view_edit_bg_color_onappbar">H7_COLOR_DIALER_AB</color>  
	<color name="emui_gray_5">H7_COLOR_DIALER_AB</color>  
	<color name="emoji_category_panel_choose">H7_COLOR_DIALER_AB</color>
	<color name="attach_panel_item_color">H7_COLOR_DIALER_AB</color>
	<color name="search_view_background_color">H7_COLOR_DIALER_AB</color>
	<color name="record_panel_bg">H7_COLOR_DIALER_AB</color>
	<color name="white">H7_COLOR_DIALER_AB</color>
	<color name="mediapicker_others_view_background">H7_COLOR_DIALER_AB</color>
	<color name="duoqu_actionbar_bg_color">H7_COLOR_DIALER_AB</color>
	<color name="delivery_report_activity_color">H7_COLOR_DIALER_AB</color>
	<color name="mms_messagelist_background">H7_COLOR_DIALER_AB</color>
	<color name="navation_bar_white_color">H7_COLOR_DIALER_AB</color>
	<color name="tips_bg_color">H7_COLOR_DIALER_AB</color>
	<color name="emui_gray_5_adaptation_nova">H7_COLOR_DIALER_AB</color>
	<color name="emui_gray_5_adaptation">H7_COLOR_DIALER_AB</color> 
	<color name="emui_gray_5_adaptation_honor">H7_COLOR_DIALER_AB</color> 
	<color name="emui_gray_5_adaptation_huawei">H7_COLOR_DIALER_AB</color>
	<color name="navation_bar_black_color">H7_COLOR_DIALER_AB</color> 
</resources>
