<?xml version="1.0" encoding="utf-8"?>
<resources>
    <!-- 窗口背景色 -->
    <color name="pad_window_background">H7_BACKGROUND</color>
    <color name="window_background">H7_BACKGROUND</color>
    <color name="text_normal_white">H7_BACKGROUND</color>
    <color name="tab_text_color_selected">H7_ACCENT_COLOR</color>
    <color name="tab_text_color_selected_new">H7_ACCENT_COLOR</color>
    <color name="text_color_selected">H7_ACCENT_COLOR</color>
    <color name="sub_tab_text_color_selected">H7_ACCENT_COLOR</color>
    <color name="label_highlight_text_color_normal">H7_ACCENT_COLOR</color>
    <color name="label_highlight_text_color_unable">H7_ACCENT_COLOR_DISABLED</color>
    <color name="label_highlight_text_color_pressed">H7_ACCENT_COLOR</color>
    <color name="paragraph_highlight_text_color_normal">H7_ACCENT_COLOR</color>
    <color name="url_text_color_normal">H7_ACCENT_COLOR</color>
    <color name="tab_bg_color_normal">H7_BACKGROUND</color>
    <color name="tab_slider_bg_color_selected">H7_ACCENT_COLOR</color>
    <color name="sub_tab_bg_color_selected">H7_ACCENT_COLOR_DISABLED</color>
    <color name="sub_tab_stroke_color_normal">H7_ACCENT_COLOR_DISABLED</color>
    <color name="sliding_tab_bg_color_selected">H7_ACCENT_COLOR</color>
    <color name="btn_blue">H7_ACCENT_COLOR</color>
    <color name="btn_manual">H7_ACCENT_COLOR</color>
    <color name="emui_accent">H7_ACCENT_COLOR</color>
    <color name="notice_btn_blue">H7_ACCENT_COLOR</color>
    <color name="emui_functional_blue">H7_ACCENT_COLOR</color>
    <color name="feedback_sdk_common_btn_blue">H7_ACCENT_COLOR</color>
    <color name="feedback_sdk_tab_slider_bg_color_selected">H7_ACCENT_COLOR</color>
    <color name="feedback_sdk_notice_view_pad_background">H7_BACKGROUND</color>
    <color name="feedback_sdk_notice_view_background">H7_BACKGROUND</color>
    <color name="emui_white_bg">H7_BACKGROUND</color>
    <color name="label_service_work_color_remark">H7_ACCENT_COLOR</color>
    <color name="knowledge_evaluate">H7_ACCENT_COLOR</color>
    <color name="window_background">H7_BACKGROUND</color>
    <color name="tab_bg_color_normal">H7_BACKGROUND</color>
    <color name="tab_slider_imm_bg_color_selected">Hx</color>
    <color name="sub_tab_bg_color_normal">Hx</color>
    <color name="btn_blue">H7_ACCENT_COLOR</color>
    <color name="action_bar_grey">H7_ACTIONBAR</color>
    <color name="action_bar_grey_search">H7_ACTIONBAR</color>
    <color name="emui_color_gray_1">H7_ACTIONBAR</color>
    <color name="emui_color_gray_3">H7_ACTIONBAR</color>
    <color name="emui_color_gray_4">H7_ACTIONBAR</color>
    <color name="CS_background">H7_BACKGROUND</color>
    <color name="feedback_sdk_problem_question_info_bg">H7_ACTIONBAR</color>
    <color name="feedback_sdk_common_btn_blue">H7_ACCENT_COLOR</color>
    <color name="feedback_sdk_action_bar_grey">H7_ACTIONBAR</color>
    <color name="feedback_sdk_notice_view_pad_background">H7_BACKGROUND</color>
    <color name="feedback_sdk_notice_view_background">H7_BACKGROUND</color>
    <color name="hotline_item_bg">H7_ACTIONBAR</color>
    <color name="emui_white_bg">H7_BACKGROUND</color>
    <color name="function_evaluate_bg">H7_ACTIONBAR</color>
    <color name="emui_color_gray_1">H7_ACTIONBAR</color>
    <color name="emui_color_gray_3">H7_ACTIONBAR</color>
    <color name="emui_color_gray_4">H7_ACTIONBAR</color>
    <color name="emui_white_bg">H7_BACKGROUND</color>
    <color name="device_center_bg_color" >H7_ACTIONBAR</color>
    <color name="hwbottomnav_blur_color">H7_ACTIONBAR</color>
    <color name="faq_sdk_notice_view_pad_background">H7_BACKGROUND</color>
    <color name="faq_sdk_notice_view_background">H7_BACKGROUND</color>
    <color name="faq_sdk_label_highlight_text_color_normal">H7_ACCENT_COLOR</color>
    <color name="faq_sdk_action_bar_grey">H7_ACTIONBAR</color>
    <color name="faq_sdk_btn_blue">H7_ACCENT_COLOR</color>
    <color name="faq_sdk_share_bg">H7_ACTIONBAR</color>
    <color name="btn_blue">H7_ACCENT_COLOR</color>
    <color name="faq_sdk_category_menu_bg">H7_ACTIONBAR</color>
</resources>