﻿<?xml version="1.0" encoding="utf-8"?>
<resources>

    <color name="dialog_transparent">H7_BACKGROUND</color>
    <color name="black">#ffffff</color>
    <color name="black_honor">#ffffffff</color>
    <color name="red">#ffff0000</color>
    <color name="white">#ffffff</color>
    <color name="line">#48474c</color>
    <color name="default_text_color">#ffffff</color>
    <color name="first_tx_color">#ffffffff</color>
    <color name="first_tx_disable_color">#4cffffff</color>
    <color name="sub_tx_color">#80ffffff</color>
    <color name="sub_tx_disable_color">#4cffffff</color>
    <color name="dividing_line_color">#00cccccc</color>
    <color name="btn_text_unselect">#888888</color>
    <color name="bottom_bar_btn_pressed">#84d2ef</color>
    <color name="delete_red">#d43e25</color>

    <drawable name="list_item_press_bg">#13ffffff</drawable>
    <drawable name="list_item_bg">#ffffff</drawable>
    <drawable name="list_header_bg">#f0f0f0</drawable>
    <drawable name="activity_bg">#f8f8f8</drawable>
    <drawable name="item_selected_bg">#ff0000</drawable>

    <color name="title_text_color">H7_ACCENT_COLOR</color>
    <color name="title_divider_line">H7_ACCENT_COLOR</color>

    <drawable name="top_bar_bg">#0097a8</drawable>

    <color name="white_65">#a6ffffff</color>
    <color name="white_70">#b2ffffff</color>
    <color name="white_90">#e6ffffff</color>
    <color name="white_85">#daffffff</color>
    <color name="white_80">#cdffffff</color>
    <color name="waring_red">#daf0460e</color>
    <color name="autolink_color">H7_ACCENT_COLOR</color>
    <color name="black_45">#73ffffff</color>
    <color name="black_80">#cdffffff</color>
    <color name="dialog_text_color">#ffffffff</color>

    <drawable name="item_press_bg">#cc23a7d9</drawable>
    <drawable name="grid_item_press">#cae7eb</drawable>

    <color name="title_text_color_clone">#BFffffff</color>
    <color name="pink">#fd5d7b</color>
    <color name="invite_gray">#4a4a4a</color>
    <color name="invite_red">#ff4444</color>
    <color name="dialog_title_color">#0a9dcd</color>

    <drawable name="clone_blue_bg">#2068b0</drawable>

    <color name="white_d8">#d8ffffff</color>
    <color name="black_50">#80ffffff</color>
    <color name="black_50_disable">#40ffffff</color>
    <color name="black_65">#a5ffffff</color>
    <color name="black_85">#daffffff</color>
    <color name="black_80">#CEffffff</color>
    <color name="green_D8">#D8ffffff</color>
    <color name="serach_tips">#D8ffffff</color>
    <color name="blue_53">H7_ACCENT_COLOR</color>
    <color name="black_d8">#d8ffffff</color>
    <color name="bf_zereo">#BFffffff</color>
    <color name="blak_a5">#A5ffffff</color>
    <color name="black_A6">#A6ffffff</color>
    <color name="blue_color">H7_ACCENT_COLOR</color>
    <color name="blue_color_50">H7_ACCENT_COLOR_PRESS</color>
    <color name="time_warning_color">#ff3320</color>
    <color name="send_btn_text_color">#ffffff</color>
    <color name="send_btn_text_color_disable">#80ffffff</color>
    <color name="white_text_color">#ffffff</color>
    <color name="white_text_press_color">#80ffffff</color>
    <color name="blue_text_color">#28c0c6</color>
    <color name="black_text_color">#ffffff</color>
    <color name="black_text_press_color">#43ffffff</color>
    <color name="trans_data_suc">#91d13f</color>
    <color name="medium_row_default_bg">#ffffff</color>
    <color name="medium_row_selected_bg">#00ffff</color>
    <color name="row_text_color_default">#00000C</color>
    <color name="row_text_color_inverse">#ffffff</color>
    <color name="small_area_jalam">#00bcd5</color>
    <color name="small_area_jalam_disable">#4c00bcd5</color>
    <color name="blue_emui5_text">H7_ACCENT_COLOR</color>
    <color name="autolink_color_pressed">#0a7fc9</color>
    <color name="list_divider_color">#D2D2D2</color>
    <color name="activity_background">#0f1015</color>
    <color name="black_10">#33ffffff</color>
    <color name="black_3">H7_ACTIONBAR</color>
    <color name="black_20">#80ffffff</color>
    <color name="black_30">#80ffffff</color>
    <color name="black_75">#bfffffff</color>
    <color name="exe_text_pressed">#80ffffff</color>
    <color name="exe_text_unpressed">#bfffffff</color>
    <color name="exe_text_unenable">#33ffffff</color>
    <color name="CS_black_3_percent">#15ffffff</color>
    <color name="CS_black_75_percent">#ffffff</color>
	<color name="divider_bg">#15ffffff</color>
	<color name="black_dark">#C0ffffff</color>
	

	<color name="feedback_blue">#23a7d9</color>
    <color name="feedback_title_bar_unnormal_color">#0D0f1015</color>
    <color name="feedback_transparent">H7_BACKGROUND</color>
    <color name="feedback_white">#FFFFFF</color>
    <color name="feedback_light_white">#55FFFFFF</color>
    <color name="feedback_divideline">#260f1015</color>
    <color name="feedback_background">#f7f7f7</color>
    <color name="feedback_text_color1">#FFFFFF</color>
    <color name="feedback_text_color2">#80FFFFFF</color>
    <color name="feedback_text_color_75">#C0FFFFFF</color>
   
    <!--30% -->
    <color name="feedback_text_color3">#33FFFFFF</color>
	
	<color name="feedback_highlight_color_old">#28c0c6</color> 
	<color name="feedback_record_listview_title">#14FFFFFF</color>
	<color name="feedback_question_type_color">#f0460e</color>
	<color name="feedback_highlight_color">H7_ACCENT_COLOR</color>
	<!-- 20%透明度 -->
	<color name="feedback_highlight_color_disable">#338891b9</color>
	<color name="feedback_highlight_color_disable_old">#3328c0c6</color>
	<color name="feedback_blue_disable">#3323a7d9</color>
	
	<color name="feedback_smarthelper_textview_bg">#33FFFFFF</color>
	<color name="feedback_black_10">#26FFFFFF</color>
	
	<color name="feedback_smarthelper_user_textview_bg">H7_ACCENT_COLOR</color>
	
	<color name="feedback_black_03">#070f1015</color>
	
	<color name="feedback_spannable_click_color">#0a7fc9</color>
	<!-- 多主题适配 -->
	<color name="feedback_text_color_data">#FFFFFF</color>
	<color name="feedback_text_color_customer_service">#FFFFFF</color>


    <color name="upsdk_black">#FFFFFFFF</color>

</resources>