﻿<?xml version="1.0" encoding="utf-8"?>
<resources>
    <color name="dialog_customMessage_text_color">#FFFFFF</color>
    <color name="launcher_hw_privacy_policy">#147EFB</color>
    <color name="folder_background_simple">#000000</color>
    <color name="folder_icon_text_simple">#FFFFFF</color>
    <!--<color name="folderadd_text_color">#FFFFFF</color>-->
    <color name="addlist_textview_color">#FFFFFF</color>
    <color name="wallpaper_setting_catagory_color">#14ffffff</color>

    <color name="hifolder_selected_bg_color">#80ffffff</color>
    <color name="textview_black_color">#FFFFFF</color>

    <color name="widget_name_color">#ffffffff</color>
    <color name="widget_dims_color">#80ffffff</color>

	<color name="calendar_dynamic_date">H7_ACCENT_COLOR</color>
	<color name="calendar_dynamic">H7_ACCENT_COLOR</color>


    <color name="color_50_black">#E6FFFFFF</color>
    <color name="icon_shadow">#00000000</color>

    <color name="popup_text_dropscreen_msg_color">#FFFFFFFF</color>
</resources>