<?xml version="1.0" encoding="UTF-8"?><MIUI_Theme_Values template="DarkTemplate">
  <color name="hint_edit_text_dialog_color_light" package="miui">#66ffffff</color>
  <color name="preference_secondary_text_color_pressed_light" package="miui">#99ffffff</color>
  <color name="cloud_recommend_msg_color">H7_ACCENT_COLOR</color>
  <color name="picker_action_bar_tab_text_color_selected">H7_ACCENT_COLOR</color>
  <color name="dropdown_popup_list_text_color_pressed_light" package="miui">#e6ffffff</color>
  <color name="contact_photo_view_color7">#00ffffff</color>
  <color name="indexer_text_highlight">H7_ACCENT_COLOR</color>
  <color name="contact_photo_view_color8">#00ffffff</color>
  <color name="svg_icon_color_pressed">#99ffffff</color>
  <color name="contact_photo_view_color5">#00ffffff</color>
  <color name="contact_photo_view_color6">#00ffffff</color>
  <color name="dialer_digits_text_color">#e6ffffff</color>
  <color name="dialer_accent_color">H7_ACCENT_COLOR</color>
  <color name="list_text_color_checked_light" package="miui">H7_ACCENT_COLOR</color>
  <color name="edit_text_color_light" package="miui">#e6ffffff</color>
  <integer name="checkwidget_background_normal_alpha_light" package="miui">25</integer>
  <color name="dialog_list_text_color_normal_light" package="miui">#e6ffffff</color>
  <color name="dialer_menu_item_bg_color">#0cffffff</color>
  <color name="cloud_status_disabled_text_color_light" package="miui">H7_ACCENT_COLOR</color>
  <color name="divider_color_light" package="miui">#0dffffff</color>
  <color name="button_text_color_light" package="miui">#e6ffffff</color>
  <color name="word_photo_color" package="miui">#f4ffffff</color>
  <color name="editor_scan_bussiness_card_bg_p">#33ffffff</color>
  <integer name="checkwidget_stroke_normal_alpha_light" package="miui">50</integer>
  <color name="editor_scan_bussiness_card_bg_n">#19ffffff</color>
  <color name="text_edit_action_popup_more_normal_light" package="miui">H7_ACCENT_COLOR</color>
  <color name="checkbox_btn_on_background_color_light" package="miui">H7_ACCENT_COLOR</color>
  <color name="list_divider_stroke">#19ffffff</color>
  <color name="button_text_color_guide_normal_light" package="miui">H7_ACCENT_COLOR</color>
  <color name="action_mode_button_text_color_normal_light" package="miui">#e6ffffff</color>
  <dimen name="dialer_input_margin_top">0dp</dimen>
  <color name="preference_category_text_color_light" package="miui">#99ffffff</color>
  <color name="quick_contact_name_text_color" package="miui">#e6ffffff</color>
  <color name="alphabet_indexer_text_color" package="miui">#66ffffff</color>
  <color name="contact_photo_view_color0">#00ffffff</color>
  <color name="contact_photo_view_color2">#00ffffff</color>
  <color name="dialer_buttons_text_color_normal">#e6ffffff</color>
  <color name="contact_photo_view_color1">#00ffffff</color>
  <color name="text_edit_action_popup_summary_normal_light" package="miui">#99ffffff</color>
  <color name="contact_photo_view_color4">#00ffffff</color>
  <color name="contact_detail_list_item_firstly_text_color">#e6ffffff</color>
  <color name="contact_photo_view_color3">#00ffffff</color>
  <color name="dim_foreground_light" package="miui">#99ffffff</color>
  <dimen name="dialer_menu_padding_btm">0dp</dimen>
  <dimen name="shadow_height">0dp</dimen>
  <color name="immersion_text_color_normal_light" package="miui">#e6ffffff</color>
  <color name="dialog_bg_color_light" package="miui">H7_BACKGROUND</color>
  <bool name="check_widget_anim_enable" package="miui">false</bool>
  <color name="highlight_disabled_light" package="miui">H7_ACCENT_COLOR</color>
  <color name="dialer_title_text_color">#e6ffffff</color>
  <color name="button_text_color_dialog_light" package="miui">#e6ffffff</color>
  <integer name="window_translucent_status" package="miui">2</integer>
  <color name="edit_text_search_hint_color_light" package="miui">#66ffffff</color>
  <color name="button_text_color_dialog_disabled_light" package="miui">#4cffffff</color>
  <color name="alphabet_indexer_overlay_text_color" package="miui">#ffffffff</color>
  <color name="svg_icon_color_red_normal_light" package="miui">#ffff2a48</color>
  <color name="list_item_bg_color_pressed_light" package="miui">#0dffffff</color>
  <color name="contact_detail_list_item_secondly_text_color">#99ffffff</color>
  <color name="text_select_item_bg_color_pressed_light" package="miui">#0dffffff</color>
  <color name="tab_text_color_unfocused">#99ffffff</color>
  <color name="contact_photoview_end_color">#80000000</color>
  <color name="dialer_buttons_text_color_press">#e6ffffff</color>
  <color name="dialog_message_text_color_light" package="miui">#99ffffff</color>
  <color name="cloud_status_highlight_text_color_light" package="miui">H7_ACCENT_COLOR</color>
  <color name="picker_action_bar_tab_text_color_normal">#99ffffff</color>
  <color name="preference_primary_text_color_pressed_light" package="miui">#e6ffffff</color>
  <color name="action_mode_button_text_color_disable_light" package="miui">#4cffffff</color>
  <color name="text_edit_action_popup_info_normal_light" package="miui">#66ffffff</color>
  <color name="list_view_item_group_header_text_light" package="miui">#99ffffff</color>
  <color name="editor_hint_text_color_n">#66ffffff</color>
  <color name="blank_page_text_color_light" package="miui">#66ffffff</color>
  <color name="sliding_button_bar_off_light" package="miui">#26ffffff</color>
  <color name="action_button_text_color_disable_light" package="miui">#4cffffff</color>
  <color name="svg_icon_color_disable">#4cffffff</color>
  <color name="dropdown_popup_list_item_bg_pressed_light" package="miui">#0dffffff</color>
  <color name="dialer_menu_item_bg_press_color">#19ffffff</color>
  <color name="immersion_text_color_pressed_light" package="miui">#e6ffffff</color>
  <color name="dialer_digits_location_text_color">#66ffffff</color>
  <color name="quickcontact_window_title_bg_normal">#ff333333</color>
  <color name="sliding_button_bar_on_light" package="miui">H7_ACCENT_COLOR</color>
  <color name="numberpicker_label" package="miui">H7_ACCENT_COLOR</color>
  <color name="preference_primary_text_color_light" package="miui">#e6ffffff</color>
  <color name="checkbox_btn_on_foreground_color_light" package="miui">#ffffffff</color>
  <color name="list_secondary_text_color_pressed_light" package="miui">#99ffffff</color>
  <color name="list_item_bg_normal">#00ffffff</color>
  <bool name="default_theme">false</bool>
  <color name="action_bar_subtitle_text_light" package="miui">#99ffffff</color>
  <color name="list_secondary_text_color_disable_light" package="miui">#4cffffff</color>
  <color name="edit_text_search_color_light" package="miui">#e6ffffff</color>
  <color name="svg_icon_color_normal_light" package="miui">#e6ffffff</color>
  <color name="list_text_color_normal_light" package="miui">#e6ffffff</color>
  <color name="list_text_color_disable_light" package="miui">#4cffffff</color>
  <color name="contact_detail_head_textcolor">#66ffffff</color>
  <color name="action_button_text_color_normal_light" package="miui">#e6ffffff</color>
  <color name="contact_title_color">#e6ffffff</color>
  <color name="text_edit_action_popup_title_normal_light" package="miui">#e6ffffff</color>
  <color name="svg_icon_color_blue_selected_light" package="miui">H7_ACCENT_COLOR</color>
  <color name="checkbox_btn_disable_background_color_light" package="miui">#ffffffff</color>
  <color name="detail_activity_window_bg_light">#00ffffff</color>
  <color name="text_edit_action_popup_text_pressed" package="miui">H7_ACCENT_COLOR</color>
  <color name="edit_text_dialog_color_normal_light" package="miui">#e6ffffff</color>
  <color name="list_secondary_text_color_pressed_light">#99ffffff</color>
  <color name="list_secondary_text_color_checked_light" package="miui">H7_ACCENT_COLOR</color>
  <color name="svg_icon_color_pressed_light" package="miui">#99ffffff</color>
  <color name="list_secondary_text_color_normal_light">#99ffffff</color>
  <color name="sliding_btn_slider_off_normal_color_light" package="miui">#ffffffff</color>
  <dimen name="twelve_key_digits_input_margin_top">15dp</dimen>
  <color name="preference_secondary_text_color_light" package="miui">#99ffffff</color>
  <color name="editor_label_text_color_n">#99ffffff</color>
  <color name="editor_label_text_color_p">#e6ffffff</color>
  <color name="default_contact_list_item_bg">#00000000</color>
  <color name="t9_list_item_text_highlight">H7_ACCENT_COLOR</color>
  <color name="search_action_mode_cancel_text_color_pressed" package="miui">#99ffffff</color>
  <color name="dropdown_popup_list_text_color_disabled_light" package="miui">#4cffffff</color>
  <bool name="dialerinput_with_animation">false</bool>
  <color name="v5_list_text_color_light">#e6ffffff</color>
  <color name="dropdown_popup_list_item_bg_normal_light" package="miui">#00ffffff</color>
  <color name="numberpicker_highlight_text" package="miui">H7_ACCENT_COLOR</color>
  <color name="preference_primary_text_color_disable_light" package="miui">#4cffffff</color>
  <integer name="checkwidget_stroke_disable_alpha_light" package="miui">25</integer>
  <color name="contacts_accent_color">H7_ACCENT_COLOR</color>
  <color name="highlight_normal_light" package="miui">H7_ACCENT_COLOR</color>
  <color name="alphabet_indexer_activated_text_color" package="miui">#99ffffff</color>
  <color name="dialog_message_text_color_light">#99ffffff</color>
  <color name="quickcontact_list_item_primary_text_color">#e6ffffff</color>
  <color name="sliding_btn_slider_on_pressed_color_light" package="miui">#ffffffff</color>
  <color name="editor_scan_businesscard_btn_txt_color">#e6ffffff</color>
  <color name="edit_text_search_bg_color_light">#19ffffff</color>
  <color name="contact_detail_action_item_textcolor">H7_ACCENT_COLOR</color>
  <color name="numberpicker_hint_text" package="miui">#99ffffff</color>
  <color name="header_text_label_color">#99ffffff</color>
  <color name="divider_bg_color">#00000000</color>
  <color name="preference_secondary_text_color_disable_light" package="miui">#4cffffff</color>
  <color name="text_select_item_bg_color_normal_light" package="miui">#00ffffff</color>
  <color name="list_secondary_text_color_normal_light" package="miui">#99ffffff</color>
  <color name="svg_icon_color_blue_disable_light" package="miui">#4cffffff</color>
  <color name="checkbox_btn_stroke_color_light" package="miui">#ffffffff</color>
  <color name="text_edit_action_popup_text_normal" package="miui">#e6ffffff</color>
  <color name="svg_icon_color_red_pressed_light" package="miui">#99ffffff</color>
  <color name="editor_button_default_color">#e6ffffff</color>
  <color name="contact_detail_content_bg_color">H7_BACKGROUND</color>
  <color name="quickcontact_window_bg">H7_ACTIONBAR</color>
  <color name="dropdown_popup_list_text_color_normal_light" package="miui">#e6ffffff</color>
  <color name="highlight_pressed_light" package="miui">H7_ACCENT_COLOR</color>
  <color name="button_text_color_guide_disabled_light" package="miui">#4cffffff</color>
  <color name="aggregation_suggestions_item_n">H7_ACTIONBAR</color>
  <color name="dialog_list_text_color_pressed_light" package="miui">#e6ffffff</color>
  <color name="dropdown_popup_list_text_color_checked_light" package="miui">H7_ACCENT_COLOR</color>
  <color name="dialog_list_text_color_disabled_light" package="miui">#4cffffff</color>
  <color name="svg_icon_color_normal">#e6ffffff</color>
  <color name="action_mode_button_text_color_selected_light" package="miui">H7_ACCENT_COLOR</color>
  <color name="action_button_text_color_selected_light" package="miui">H7_ACCENT_COLOR</color>
  <color name="sliding_btn_slider_off_pressed_color_light" package="miui">#ffffffff</color>
  <color name="bright_foreground_light" package="miui">#e6ffffff</color>
  <color name="contact_editor_group_name_color">#66ffffff</color>
  <dimen name="dialerpad_padding_start">0dp</dimen>
  <color name="action_mode_title_text_color_light" package="miui">#e6ffffff</color>
  <color name="action_mode_button_text_color_pressed_light" package="miui">#99ffffff</color>
  <color name="dialog_title_text_color" package="miui">#e6ffffff</color>
  <color name="action_bar_title_text_color_light" package="miui">#e6ffffff</color>
  <dimen name="dialerpad_padding_end">0dp</dimen>
  <color name="tab_text_color_focused">H7_ACCENT_COLOR</color>
  <color name="action_button_text_color_pressed_light" package="miui">#99ffffff</color>
  <color name="contact_subtitle_color">#99ffffff</color>
  <color name="aggregation_suggestions_item_p">#ff1e1e1e</color>
  <color name="svg_icon_color_red_disable_light" package="miui">#4cffffff</color>
  <color name="search_action_mode_cancel_text_color_normal" package="miui">#e6ffffff</color>
  <color name="dialog_title_text_color">#e6ffffff</color>
  <bool name="status_bar_color_enable">false</bool>
  <color name="immersion_text_color_disable_light" package="miui">#4cffffff</color>
  <integer name="checkwidget_background_disable_alpha_light" package="miui">12</integer>
  <color name="sliding_btn_slider_on_normal_color_light" package="miui">#ffffffff</color>
  <color name="list_text_color_pressed_light" package="miui">#e6ffffff</color>
  <color name="high_light_text">H7_ACCENT_COLOR</color>
  <color name="svg_icon_color_disable_light" package="miui">#4cffffff</color>
  <color name="cloud_status_normal_text_color_light" package="miui">H7_ACCENT_COLOR</color>
  
  
  
  
  
  
  
  
  
  
  
 
	<color name="IME_item_highlight" package="miui">H7_ACCENT_COLOR</color>
	<color name="accent_color_dark" package="miui">H7_ACCENT_COLOR</color>
	<color name="accent_color_light" package="miui">H7_ACCENT_COLOR</color>
	<color name="action_bar_overlay_mask_color_dark" package="miui">H7_ACTIONBAR</color>
	<color name="action_bar_overlay_mask_color_light" package="miui">H7_ACTIONBAR</color>
	<color name="action_bar_overlay_mask_color_oled_dark" package="miui">H7_ACTIONBAR</color>
	<color name="action_bar_subtitle_text_light" package="miui">H7_ACTIONBAR</color>
	<color name="action_bar_tab_settings_text_color_pressed_light" package="miui">H7_ACTIONBAR</color>
	<color name="action_bar_tab_settings_text_color_selected_light" package="miui">H7_ACTIONBAR</color>
	<color name="action_bar_title_settings_text_color_light" package="miui">H7_ACTIONBAR</color>
	<color name="action_mode_title_default_button_text_color_disable_light" package="miui">H7_ACTIONBAR</color>
	<color name="action_mode_title_default_button_text_color_normal_light" package="miui">H7_ACTIONBAR</color>
	<color name="action_mode_title_default_button_text_color_pressed_light" package="miui">H7_ACTIONBAR</color>
	<color name="alphabet_indexer_activated_text_color" package="miui">H7_ACTIONBAR</color>
	<color name="alphabet_indexer_overlay_text_color" package="miui">H7_ACTIONBAR</color>
	<color name="arrow_popup_triangle_color_dark" package="miui">H7_BACKGROUND</color><!--This-->
	<color name="arrow_popup_triangle_color_light" package="miui">H7_ACTIONBAR</color>
	<color name="arrow_popup_window_dim_color_dark" package="miui">H7_ACTIONBAR</color>
	<color name="autofill_service_color" package="miui">H7_ACCENT_COLOR</color>
	<color name="background_dark" package="miui">H7_BACKGROUND</color><!--This-->
	<color name="background_light" package="miui">H7_BACKGROUND</color><!--This-->

	<color name="bg_notification_success" package="miui">H7_ACCENT_COLOR</color>
	<color name="bg_screen_throw_high_light" package="miui">H7_ACCENT_COLOR</color>

	<color name="button_bg_color_warn_normal_dark" package="miui">H7_ACCENT_COLOR_PRESS</color>
	<color name="button_bg_color_warn_normal_light" package="miui">H7_ACCENT_COLOR</color>
	<color name="button_text_color_guide_normal_dark" package="miui">H7_ACCENT_COLOR</color>
	<color name="button_text_color_guide_normal_light" package="miui">H7_ACCENT_COLOR</color>
	<color name="button_text_color_warning_normal_dark" package="miui">H7_ACTIONBAR</color>
	<color name="button_text_color_warning_normal_light" package="miui">H7_ACTIONBAR</color>
	<color name="checked_text_dark" package="miui">H7_ACCENT_COLOR</color>

	<color name="dialog_bg_color_dark" package="miui">H7_BACKGROUND</color>
	<color name="dialog_bg_color_light" package="miui">H7_BACKGROUND</color>
	<color name="dialog_checkbox_text_color_light" package="miui">H7_ACTIONBAR</color>

	<color name="dialog_title_text_color_dark" package="miui">H7_ACTIONBAR</color>

	<color name="dropdown_popup_backgroud_color_dark" package="miui">H7_BACKGROUND</color>
	<color name="dropdown_popup_list_item_bg_normal_dark" package="miui">H7_BACKGROUND</color>
	<color name="dropdown_popup_list_text_color_checked_dark" package="miui">H7_ACCENT_COLOR</color>
	<color name="dropdown_popup_list_text_color_checked_light" package="miui">H7_ACCENT_COLOR</color>
	<color name="edit_text_border_color" package="miui">H7_ACCENT_COLOR</color>

	<color name="edit_text_search_bg_color_dark" package="miui">H7_BACKGROUND</color>

	<color name="float_notification_button_color_n" package="miui">H7_ACTIONBAR</color>
	<color name="float_notification_button_color_p" package="miui">H7_ACTIONBAR</color>
	<color name="guide_popup_background_dark" package="miui">H7_BACKGROUND</color>
	<color name="guide_popup_item_text_light" package="miui">H7_BACKGROUND</color>
	<color name="highlight_normal_light" package="miui">H7_ACCENT_COLOR</color>

	<color name="immersion_window_background_dark" package="miui">H7_ACTIONBAR</color><!--This-->
	<color name="input_method_background_color" package="miui">H7_ACTIONBAR</color>
	<color name="input_method_gradient_start_color" package="miui">H7_ACTIONBAR</color>
	<color name="link_text_dark" package="miui">H7_ACCENT_COLOR</color>
	<color name="link_text_light" package="miui">H7_ACCENT_COLOR</color>
	<color name="list_secondary_text_color_checked_dark" package="miui">H7_ACCENT_COLOR</color>
	<color name="list_secondary_text_color_checked_light" package="miui">H7_ACCENT_COLOR</color>
	<color name="list_text_color_checked_dark" package="miui">H7_ACCENT_COLOR</color>
	<color name="list_text_color_checked_light" package="miui">H7_ACCENT_COLOR</color>

	<color name="message_view_text_color_light" package="miui">H7_ACCENT_COLOR</color>
	<color name="numberpicker_highlight_text" package="miui">H7_ACCENT_COLOR</color>
	<color name="numberpicker_highlight_text_dark" package="miui">H7_ACCENT_COLOR</color>
	<color name="numberpicker_label" package="miui">H7_ACCENT_COLOR</color>
	<color name="numberpicker_label_dark" package="miui">H7_ACCENT_COLOR</color>

	<color name="preference_secondary_text_color_checked_dark" package="miui">H7_ACCENT_COLOR</color>
	<color name="preference_secondary_text_color_checked_light" package="miui">H7_ACCENT_COLOR</color>
	<color name="progressPrimaryColor" package="miui">H7_ACCENT_COLOR</color>
	<color name="progressbar_color_dark" package="miui">H7_ACCENT_COLOR_PRESS</color>
	<color name="resolver_recommend_tag_tv_color" package="miui">H7_ACCENT_COLOR</color>
	<color name="search_action_mode_cancel_text_color_normal" package="miui">H7_ACCENT_COLOR</color>
	<color name="search_action_mode_cancel_text_color_pressed" package="miui">H7_ACCENT_COLOR_PRESS</color>
	<color name="second_space_switch_dialog_bg_color_light" package="miui">H7_ACTIONBAR</color>
	<color name="second_space_switch_dialog_text_color_dark" package="miui">H7_ACTIONBAR</color>
	<color name="seekbar_progress_color" package="miui">H7_ACTIONBAR</color>
	<color name="select_tab_text_color" package="miui">H7_ACCENT_COLOR</color>
	<color name="silent_mode_title" package="miui">H7_ACTIONBAR</color>
	<color name="sliding_btn_slider_off_normal_color_light" package="miui">H7_ACTIONBAR</color>
	<color name="sliding_btn_slider_off_pressed_color_light" package="miui">H7_ACTIONBAR</color>
	<color name="sliding_btn_slider_on_normal_color_light" package="miui">H7_ACTIONBAR</color>
	<color name="sliding_btn_slider_on_pressed_color_light" package="miui">H7_ACTIONBAR</color>
	<color name="sliding_button_bar_on_dark" package="miui">H7_ACCENT_COLOR_PRESS</color>
	<color name="sliding_button_bar_on_light" package="miui">H7_ACCENT_COLOR</color>
	<color name="status_bar_toggle_off_color" package="miui">H7_ACTIONBAR</color>
	<color name="status_bar_toggle_on_color" package="miui">H7_ACTIONBAR</color>
	<color name="svg_icon_color_blue_disable_dark" package="miui">H7_ACCENT_COLOR_DISABLED</color>
	<color name="svg_icon_color_blue_disable_light" package="miui">H7_ACCENT_COLOR_DISABLED</color>
	<color name="svg_icon_color_blue_normal_dark" package="miui">H7_ACCENT_COLOR_PRESS</color>
	<color name="svg_icon_color_blue_normal_light" package="miui">H7_ACCENT_COLOR_PRESS</color>
	<color name="svg_icon_color_blue_pressed_dark" package="miui">H7_ACCENT_COLOR_PRESS</color>
	<color name="svg_icon_color_blue_pressed_light" package="miui">H7_ACCENT_COLOR_PRESS</color>
	<color name="svg_icon_color_blue_selected_dark" package="miui">H7_ACCENT_COLOR_PRESS</color>
	<color name="svg_icon_color_blue_selected_light" package="miui">H7_ACCENT_COLOR_PRESS</color>

	<color name="switch_dialog_bg" package="miui">H7_BACKGROUND</color>
	<color name="text_edit_action_popup_more_normal_dark" package="miui">H7_ACCENT_COLOR</color>
	<color name="text_edit_action_popup_more_normal_light" package="miui">H7_ACCENT_COLOR</color>
	<color name="text_select_bg_color_dark" package="miui">H7_ACTIONBAR</color>
	<color name="text_select_bg_color_light" package="miui">H7_ACTIONBAR</color>
	<color name="text_select_item_bg_color_normal_dark" package="miui">H7_ACTIONBAR</color>
	<color name="text_select_item_bg_color_normal_light" package="miui">H7_ACTIONBAR</color>
	<color name="textcolor_device_title" package="miui">H7_ACTIONBAR</color>
	<color name="textcolor_enable_midrop_tips" package="miui">H7_ACTIONBAR</color>
	<color name="textcolor_file_name" package="miui">H7_ACTIONBAR</color>
	<color name="time_not_selected" package="miui">H7_ACTIONBAR</color>
	<color name="voice_input_button_bg" package="miui">H7_ACTIONBAR</color>
	<color name="voice_input_dialog" package="miui">H7_ACTIONBAR</color>
	<color name="white" package="miui">H7_ACTIONBAR</color><!--This--> 
  
  
  
  
</MIUI_Theme_Values>