<?xml version="1.0" encoding="utf-8"?>
<resources>
    <!-- 窗口背景色 -->
    <color name="pad_window_background">H7_BACKGROUND</color>
    <color name="window_background">H7_BACKGROUND</color>
    <!-- 分割线颜色定义 -->
    <color name="module_base_section_divider_color">#26FFFFFF</color>
    <color name="module_base_list_divider_color">#33FFFFFF</color>
    <color name="module_base_grid_divider_color">#26FFFFFF</color>
    <!-- section背景色定义 -->
    <color name="module_base_section_background_color">#14ffffff</color>
    <color name="module_base_label_text_color_normal">#E6E6E6</color>
    <color name="module_base_label_text_color_normal_70">#BCE6E6E6</color>
    <color name="module_base_label_text_color_normal_50">#80E6E6E6</color>
    <color name="module_base_label_text_color_normal_30">#4DE6E6E6</color>
    <color name="black_40">#66ffffff</color>
    <color name="black_30">#4Dffffff</color>
    <color name="black_20">#33ffffff</color>
    <!-- 主题颜色定义 黑色主题 -->
    <color name="red">#ff0000</color>
    <color name="text_normal_white">H7_BACKGROUND</color>
    <color name="text_normal_white_new">#ffffff</color>
    <!-- 窗口背景色 -->
    <color name="web_view_background">#ffffff</color>
    <!-- 首页淡红色错误提示背景色 -->
    <color name="error_notice_view_background">#3c2222</color>
    <color name="tab_text_color_selected_20">#8026a69a</color>
    <!--text颜色定义-->
    <color name="tab_text_color_normal">#ffffff</color><!-- tab开头的颜色目前只用于首页 -->
    <color name="tab_text_color_selected">H7_ACCENT_COLOR</color>
    <color name="tab_text_color_selected_new">H7_ACCENT_COLOR</color>
    <color name="text_color_selected">H7_ACCENT_COLOR</color>
    <color name="tab_text_imm_color_normal">#ffffff</color>
    <color name="tab_text_imm_color_selected">#ffffff</color>
    <color name="sub_tab_text_color_normal">#BFFFFFFF</color><!-- sub tab类似卡券页面 -->
    <color name="sub_tab_text_color_selected">H7_ACCENT_COLOR</color>
    <color name="btn_highlight_bg_text_color_normal">#ffffff</color>
    <!-- 如果btn背景色自定义为高亮色了 这里需要也自定义text的颜色 -->
    <color name="section_title_text_color_normal">#ffffff</color>
    <!-- 一个section表示一个list里面的一块 参见'我的'页面 -->
    <color name="section_assist_text_color_normal">#80E6E6E6</color>
    <color name="section_sub_title_text_color_normal">#C0ffffff</color>
    <color name="auto_line_btn_text_color_normal">#C0ffffff</color>
    <color name="list_item_title_text_color_normal">#ffffff</color>
    <color name="list_item_content_text_color_normal">#80FFFFFF</color>
    <color name="list_item_hint_text_color_normal">#4DE6E6E6</color>
    <color name="edit_text_hint_color_normal">#4DFFFFFF</color>
    <color name="edit_text_color_normal">#ffffff</color>
    <color name="grid_item_title_text_color_normal">#ffffff</color>
    <color name="search_view_text_color_normal">#FFFFFF</color>
    <color name="search_view_text_hint_color_normal">#4DFFFFFF</color>
    <color name="search_view_imm_text_color_normal">#66202125</color>
    <color name="sliding_tab_text_color_normal">#ffffff</color><!-- 参见搜索结果页面 -->
    <color name="sliding_tab_text_color_selected">#ffffff</color>
    <color name="notice_view_default_text_color">#80FFFFFF</color>
    <color name="label_text_color_normal">#E6E6E6</color><!-- label表示静态文本 -->
    <color name="label_hint_text_color_normal">#33FFFFFF</color>
    <color name="label_assist_text_color_normal">#80FFFFFF</color>
    <color name="label_highlight_text_color_normal">H7_ACCENT_COLOR</color>
    <color name="label_highlight_text_color_unable">H7_ACCENT_COLOR_DISABLED</color>
    <color name="label_highlight_text_color_pressed">H7_ACCENT_COLOR</color>
    <color name="paragraph_text_color_normal">#ffffff</color><!-- paragraph表示大段文字 -->
    <color name="paragraph_assist_text_color_normal">#99ffffff</color><!-- paragraph表示大段文字 -->
    <color name="paragraph_edit_text_color_normal">#80FFFFFF</color>
    <color name="paragraph_highlight_text_color_normal">H7_ACCENT_COLOR</color>
    <color name="url_text_color_normal">H7_ACCENT_COLOR</color>
    <color name="error_text_color_normal">#FF3320</color>
    <color name="waring_text_color_normal">#FFBA1B</color>
    <!-- tab背景色定义 -->
    <color name="tab_bg_color_normal">H7_BACKGROUND</color>
    <color name="tab_imm_bg_color_normal">#00000000</color>
    <color name="tab_slider_bg_color_normal">#26FFFFFF</color>
    <color name="tab_slider_bg_color_selected">H7_ACCENT_COLOR</color>
    <color name="tab_slider_imm_bg_color_normal">#FFFFFFFF</color>
    <color name="tab_slider_imm_bg_color_selected">00000000</color>
    <color name="sub_tab_bg_color_normal">00000000</color>
    <color name="sub_tab_bg_color_selected">H7_ACCENT_COLOR_DISABLED</color>
    <color name="sub_tab_stroke_color_normal">H7_ACCENT_COLOR_DISABLED</color>
    <color name="sliding_tab_bg_color_normal">#33FFFFFF</color>
    <color name="sliding_tab_bg_color_selected">H7_ACCENT_COLOR</color>
    <!-- edittext 背景色定义 -->
    <color name="edit_bg_color_normal">#26FFFFFF</color>
    <color name="list_item_selector_color">#19FFFFFF</color>
    <color name="message_dot_bg_color">#ff0000</color>
    <!-- 圆点指示器的颜色 -->
    <color name="color_point">#E5ebebeb</color>
    <color name="color_point_default">#7febebeb</color>
    <!-- 会员成长值曲线 -->
    <color name="member_growth_line_start">#FFC65EFF</color>
    <color name="member_growth_line_end">#FF9BD4FF</color>
    <color name="member_growth_circle_color">#26ffffff</color>
    <color name="member_growth_circle_filled_color">#fcfcfc</color>
    <color name="member_growth_vertical_line_color">#ffffff</color>
    <color name="member_growth_text_color_normal">#82021250</color>
    <!-- imageView 背景 -->
    <color name="image_view_bg_color_normal">#F4F4F4</color>
    <color name="image_view_cover_color_normal">#0Dffffff</color>
    <color name="wave_side_bar_text_color">#808080</color>
    <color name="personal_actionbar_right_color">#ffffff</color>
    <color name="black_35">#59ffffff</color>
    <color name="black_for_img">#FFffffff</color>
    <color name="start_location">#80E6E6E6</color>
    <color name="btn_blue">H7_ACCENT_COLOR</color>
    <color name="btn_manual">H7_ACCENT_COLOR</color>
    <color name="action_bar_grey">#F75f6368</color>
    <!--ItemActiveColor-->
    <color name="emui_accent">H7_ACCENT_COLOR</color>
    <color name="edit_background">#26FFFFFF</color>
    <color name="action_bar_grey_search">#F75f6368</color>
    <color name="emui_black">#E6E6E6</color>
    <color name="emui_color_gray_1">#5f6368</color>
    <color name="emui_color_gray_2">#1A1A1A</color>
    <color name="emui_color_gray_3">#5f6368</color>
    <color name="emui_color_gray_4">#333333</color>
    <color name="emui_color_gray_5">#4CE6E6E6</color>
    <color name="emui_color_gray_6">#666666</color>
    <color name="emui_color_gray_7">#808080</color>
    <color name="emui_color_gray_8">#B3B3B3</color>
    <color name="emui_color_gray_9">#CCCCCC</color>
    <color name="emui_color_gray_10">#E6E6E6</color>
    <color name="black_10">#19ffffff</color>
    <color name="thin_divider_color">#4DFFFFFF</color>
    <color name="toggle_item_bg_color">#33FFFFFF</color>
    <color name="hwedit_emui_black_color_alpha_30">#4CE6E6E6</color>
    <color name="hwedit_emui_edit_text_hint_color">#33ffffff</color>
    <color name="notice_btn_blue">H7_ACCENT_COLOR</color>
    <color name="emui_white">#e6e6e6</color>
    <color name="emui_functional_blue">H7_ACCENT_COLOR</color>
    <color name="member_ordinay_title_color_personalcenter">#AD682D</color>
    <color name="member_sliver_title_color_personalcenter">#9BADC0</color>
    <color name="member_gold_title_color_personalcenter">#C6963D</color>
    <color name="member_platinum_title_color_personalcenter">#D6D6D6</color>
    <color name="member_dimaond_title_color_personalcenter">#E0E0E0</color>
    <color name="member_blue_dimaond_title_color_personalcenter">#6CACBD</color>
    <color name="member_crown_title_color_personalcenter">#D3BD6D</color>
    <color name="member_dimaond_levle_background_color">#33A3A3A3</color>
    <color name="member_blue_diamond_levle_background_color">#33B8D9E3</color>
    <!--华为账号SDK的主题颜色-->
    <color name="CS_emui_color_gray_10">#E6E6E6</color>
    <color name="CS_black_20_percent">#33FFFFFF</color>
    <color name="CS_black_100_percent">#ffFFFFFF</color>
    <color name="CS_black">#FFFFFF</color>
    <color name="CS_background">H7_BACKGROUND</color>
    <color name="CS_black_50_percent">#80ffffff</color>
    <color name="feedback_sdk_problem_submit_normol_bg">#04324C</color>
    <color name="feedback_sdk_problem_submit_select_bg">#0E9FFC</color>
    <color name="feedback_sdk_problem_common_type_info_phone">#747474</color>
    <color name="feedback_sdk_problem_select_question_type">#E6E6E6</color>
    <color name="feedback_sdk_problem_question_info_bg">#5f6368</color>
    <color name="feedback_sdk_problem_question_info_or_phone_text">#FFFFFF</color>
    <color name="feedback_sdk_problem_question_info_or_phone_hint">#606060</color>
    <color name="feedback_sdk_problem_question_number">#676767</color>
    <color name="feedback_sdk_problem_question_max_number">#ff0000</color>
    <color name="feedback_sdk_problem_submit_text">#4F7083</color>
    <color name="feedback_sdk_problem_submit_select_text">#FFFFFF</color>
    <color name="feedback_sdk_problem_recycle_select_question_type">#E6E6E6</color>
    <color name="feedback_sdk_problem_recycle_normol_question_type_bg">#33ffffff</color>
    <color name="feedback_sdk_problem_recycle_select_question_type_bg">#07507D</color>
    <color name="feedback_sdk_problem_photo_bg">#191919</color>
    <color name="feedback_sdk_text_normal_black">#E6E6E6</color>
    <color name="feedback_sdk_label_text_color_normal">#E6E6E6</color>
    <color name="feedback_sdk_text_normal_black_50">#80E6E6E6</color>
    <color name="feedback_sdk_common_btn_blue">H7_ACCENT_COLOR</color>
    <color name="feedback_sdk_common_black_20">#33ffffff</color>
    <color name="feedback_sdk_moreservice_text_color">#E6E6E6</color>
    <color name="feedback_sdk_common_black_40">#66ffffff</color>
    <color name="feedback_sdk_tab_slider_bg_color_selected">H7_ACCENT_COLOR</color>
    <color name="feedback_sdk_action_bar_grey">#F75f6368</color>
    <color name="feedback_sdk_notice_view_default_text_color">#80E6E6E6</color>
    <color name="feedback_sdk_notice_view_pad_background">H7_BACKGROUND</color>
    <color name="feedback_sdk_notice_view_background">H7_BACKGROUND</color>
    <color name="feedback_sdk_list_item_hint_text_color_normal">#4DE6E6E6</color>
    <color name="feedback_sdk_label_assist_text_color_normal">#80E6E6E6</color>
    <color name="feedback_sdk_grid_divider_color">#33E6E6E6</color>
    <color name="feedback_sdk_common_black_30">#4DE6E6E6</color>
    <color name="feedback_sdk_tab_slider_bg_color_selected_50">#8026a69a</color>
    <color name="feedback_sdk_moreservice_choose_text_color">#80E6E6E6</color>
    <color name="hotline_item_bg">#5f6368</color>
    <color name="hw_dialog_title_color">#FFFFFF</color>
    <color name="emui_white_bg">H7_BACKGROUND</color>
    <color name="service_info_time_color">#99E6E6E6</color>
    <color name="feedback_sdk_common_black_50">#80E6E6E6</color>
    <!--物流进度背景色-->
    <color name="logistics_backgroud_color">#D9272727</color>
    <color name="label_service_work_color_remark">H7_ACCENT_COLOR</color>
    <color name="knowledge_evaluate">H7_ACCENT_COLOR</color>
    <color name="recommend_notice_color">#E6E6E6E6</color>
    <color name="recommend_notice_split_color">#33FFFFFF</color>
    <color name="repick_num_btn_30">#3A5C70</color>
    <color name="function_evaluate">#B3E6E6E6</color>
    <color name="function_evaluate_bg">#242424</color>
    <color name="calendar_add_color">#4CBBFF</color>
    <color name="pad_window_background">H7_BACKGROUND</color>
    <color name="window_background">H7_BACKGROUND</color>
    <color name="module_base_section_divider_color">#26FFFFFF</color>
    <color name="module_base_list_divider_color">#33FFFFFF</color>
    <color name="module_base_grid_divider_color">#26FFFFFF</color>
    <color name="module_base_section_background_color">#14ffffff</color>
    <color name="module_base_label_text_color_normal">#E6E6E6</color>
    <color name="module_base_label_text_color_normal_70">#BCE6E6E6</color>
    <color name="module_base_label_text_color_normal_50">#80E6E6E6</color>
    <color name="module_base_label_text_color_normal_30">#4DE6E6E6</color>
    <color name="black_40">#66ffffff</color>
    <color name="black_30">#4Dffffff</color>
    <color name="black_20">#33ffffff</color>
    <color name="red">#ff0000</color>
    <color name="text_normal_white">#FF000000</color>
    <color name="text_normal_white_new">#ffffff</color>
    <color name="web_view_background">#ffffff</color>
    <color name="error_notice_view_background">#3c2222</color>
    <color name="tab_text_color_selected_20">#803F97E9</color>
    <color name="tab_text_color_normal">#ffffff</color><!-- tab开头的颜色目前只用于首页 -->
    <color name="tab_text_color_selected">#3F97E9</color>
    <color name="tab_text_color_selected_new">#3F97E9</color>
    <color name="text_color_selected">#3F97E9</color>
    <color name="tab_text_imm_color_normal">#ffffff</color>
    <color name="tab_text_imm_color_selected">#ffffff</color>
    <color name="sub_tab_text_color_normal">#BFFFFFFF</color><!-- sub tab类似卡券页面 -->
    <color name="sub_tab_text_color_selected">#3F97E9</color>
    <color name="btn_highlight_bg_text_color_normal">#ffffff</color>
    <color name="section_title_text_color_normal">#ffffff</color>
    <color name="section_assist_text_color_normal">#80E6E6E6</color>
    <color name="section_sub_title_text_color_normal">#C0ffffff</color>
    <color name="auto_line_btn_text_color_normal">#C0ffffff</color>
    <color name="list_item_title_text_color_normal">#ffffff</color>
    <color name="list_item_content_text_color_normal">#80FFFFFF</color>
    <color name="list_item_hint_text_color_normal">#4DE6E6E6</color>
    <color name="edit_text_hint_color_normal">#4DFFFFFF</color>
    <color name="edit_text_color_normal">#ffffff</color>
    <color name="grid_item_title_text_color_normal">#ffffff</color>
    <color name="search_view_text_color_normal">#FFFFFF</color>
    <color name="search_view_text_hint_color_normal">#4DFFFFFF</color>
    <color name="search_view_imm_text_color_normal">#66000000</color>
    <color name="sliding_tab_text_color_normal">#ffffff</color><!-- 参见搜索结果页面 -->
    <color name="sliding_tab_text_color_selected">#ffffff</color>
    <color name="notice_view_default_text_color">#80FFFFFF</color>
    <color name="label_text_color_normal">#E6E6E6</color><!-- label表示静态文本 -->
    <color name="label_hint_text_color_normal">#33FFFFFF</color>
    <color name="label_assist_text_color_normal">#80FFFFFF</color>
    <color name="label_highlight_text_color_normal">#3F97E9</color>
    <color name="label_highlight_text_color_unable">#333F97E9</color>
    <color name="label_highlight_text_color_pressed">#0A7FC8</color>
    <color name="paragraph_text_color_normal">#ffffff</color><!-- paragraph表示大段文字 -->
    <color name="paragraph_assist_text_color_normal">#99ffffff</color><!-- paragraph表示大段文字 -->
    <color name="paragraph_edit_text_color_normal">#80FFFFFF</color>
    <color name="paragraph_highlight_text_color_normal">#3F97E9</color>
    <color name="url_text_color_normal">#3F97E9</color>
    <color name="error_text_color_normal">#FF3320</color>
    <color name="waring_text_color_normal">#FFBA1B</color>
    <!-- tab背景色定义 -->
    <color name="tab_bg_color_normal">H7_BACKGROUND</color>
    <color name="tab_imm_bg_color_normal">#01000000</color>
    <color name="tab_slider_bg_color_normal">#26FFFFFF</color>
    <color name="tab_slider_bg_color_selected">#3F97E9</color>
    <color name="tab_slider_imm_bg_color_normal">#FFFFFFFF</color>
    <color name="tab_slider_imm_bg_color_selected">xxxxxxxxxxxxxxxxxxxxxxxxxxxxxxxxxxxxxxxxxxxxxxxxxxxxxxxxxxxxxxx</color>
    <color name="sub_tab_bg_color_normal">xxxxxxxxxxxxxxxxxxxxxxxxxxxxxxxxxxxxxxxxxxxxxxxxxxxxxxxxxxxxxxx</color>
    <color name="sub_tab_bg_color_selected">#263F97E9</color>
    <color name="sub_tab_stroke_color_normal">#4D3F97E9</color>
    <color name="sliding_tab_bg_color_normal">#33FFFFFF</color>
    <color name="sliding_tab_bg_color_selected">#3F97E9</color>
    <!-- edittext 背景色定义 -->
    <color name="edit_bg_color_normal">#26FFFFFF</color>
    <color name="list_item_selector_color">#19FFFFFF</color>
    <color name="message_dot_bg_color">#ff0000</color>
    <!-- 圆点指示器的颜色 -->
    <color name="color_point">#E5ebebeb</color>
    <color name="color_point_default">#7febebeb</color>
    <!-- 会员成长值曲线 -->
    <color name="member_growth_line_start">#FFC65EFF</color>
    <color name="member_growth_line_end">#FF9BD4FF</color>
    <color name="member_growth_circle_color">#26ffffff</color>
    <color name="member_growth_circle_filled_color">#fcfcfc</color>
    <color name="member_growth_vertical_line_color">#ffffff</color>
    <color name="member_growth_text_color_normal">#80000000</color>
    <!-- imageView 背景 -->
    <color name="image_view_bg_color_normal">#F4F4F4</color>
    <color name="image_view_cover_color_normal">#0Dffffff</color>
    <color name="wave_side_bar_text_color">#808080</color>
    <color name="personal_actionbar_right_color">#ffffff</color>
    <color name="black_35">#59ffffff</color>
    <color name="black_for_img">#FFffffff</color>
    <color name="start_location">#80E6E6E6</color>
    <color name="btn_blue">H7_ACCENT_COLOR</color>
    <color name="btn_manual">#3F97E9</color>
    <color name="action_bar_grey">H7_ACTIONBAR</color>
    <!--ItemActiveColor-->
    <color name="emui_accent">#3F97E9</color>
    <color name="edit_background">#26FFFFFF</color>
    <color name="action_bar_grey_search">H7_ACTIONBAR</color>
    <color name="emui_black">#E6E6E6</color>
    <color name="emui_color_gray_1">H7_ACTIONBAR</color>
    <color name="emui_color_gray_2">#1A1A1A</color>
    <color name="emui_color_gray_3">H7_ACTIONBAR</color>
    <color name="emui_color_gray_4">H7_ACTIONBAR</color>
    <color name="emui_color_gray_5">#4CE6E6E6</color>
    <color name="emui_color_gray_6">#666666</color>
    <color name="emui_color_gray_7">#808080</color>
    <color name="emui_color_gray_8">#B3B3B3</color>
    <color name="emui_color_gray_9">#CCCCCC</color>
    <color name="emui_color_gray_10">#E6E6E6</color>
    <color name="black_10">#19ffffff</color>
    <color name="thin_divider_color">#4DFFFFFF</color>
    <color name="toggle_item_bg_color">#33FFFFFF</color>
    <color name="hwedit_emui_black_color_alpha_30">#4CE6E6E6</color>
    <color name="hwedit_emui_edit_text_hint_color">#33ffffff</color>
    <color name="notice_btn_blue">#3F97E9</color>
    <color name="emui_white">#e6e6e6</color>
    <color name="emui_functional_blue">#1596d1</color>
    <color name="member_ordinay_title_color_personalcenter">#AD682D</color>
    <color name="member_sliver_title_color_personalcenter">#9BADC0</color>
    <color name="member_gold_title_color_personalcenter">#C6963D</color>
    <color name="member_platinum_title_color_personalcenter">#D6D6D6</color>
    <color name="member_dimaond_title_color_personalcenter">#E0E0E0</color>
    <color name="member_blue_dimaond_title_color_personalcenter">#6CACBD</color>
    <color name="member_crown_title_color_personalcenter">#D3BD6D</color>
    <color name="member_dimaond_levle_background_color">#33A3A3A3</color>
    <color name="member_blue_diamond_levle_background_color">#33B8D9E3</color>
    <!--华为账号SDK的主题颜色-->
    <color name="CS_emui_color_gray_10">#E6E6E6</color>
    <color name="CS_black_20_percent">#33FFFFFF</color>
    <color name="CS_black_100_percent">#ffFFFFFF</color>
    <color name="CS_black">#FFFFFF</color>
    <color name="CS_background">H7_BACKGROUND</color>
    <color name="CS_black_50_percent">#80ffffff</color>
    <color name="feedback_sdk_problem_submit_normol_bg">#04324C</color>
    <color name="feedback_sdk_problem_submit_select_bg">#0E9FFC</color>
    <color name="feedback_sdk_problem_common_type_info_phone">#747474</color>
    <color name="feedback_sdk_problem_select_question_type">#E6E6E6</color>
    <color name="feedback_sdk_problem_question_info_bg">H7_ACTIONBAR</color>
    <color name="feedback_sdk_problem_question_info_or_phone_text">#FFFFFF</color>
    <color name="feedback_sdk_problem_question_info_or_phone_hint">#606060</color>
    <color name="feedback_sdk_problem_question_number">#676767</color>
    <color name="feedback_sdk_problem_question_max_number">#ff0000</color>
    <color name="feedback_sdk_problem_submit_text">#4F7083</color>
    <color name="feedback_sdk_problem_submit_select_text">#FFFFFF</color>
    <color name="feedback_sdk_problem_recycle_select_question_type">#E6E6E6</color>
    <color name="feedback_sdk_problem_recycle_normol_question_type_bg">#33ffffff</color>
    <color name="feedback_sdk_problem_recycle_select_question_type_bg">#07507D</color>
    <color name="feedback_sdk_problem_photo_bg">#191919</color>
    <color name="feedback_sdk_text_normal_black">#E6E6E6</color>
    <color name="feedback_sdk_label_text_color_normal">#E6E6E6</color>
    <color name="feedback_sdk_text_normal_black_50">#80E6E6E6</color>
    <color name="feedback_sdk_common_btn_blue">H7_ACCENT_COLOR</color>
    <color name="feedback_sdk_common_black_20">#33ffffff</color>
    <color name="feedback_sdk_moreservice_text_color">#E6E6E6</color>
    <color name="feedback_sdk_common_black_40">#66ffffff</color>
    <color name="feedback_sdk_tab_slider_bg_color_selected">#3F97E9</color>
    <color name="feedback_sdk_action_bar_grey">H7_ACTIONBAR</color>
    <color name="feedback_sdk_notice_view_default_text_color">#80E6E6E6</color>
    <color name="feedback_sdk_notice_view_pad_background">H7_BACKGROUND</color>
    <color name="feedback_sdk_notice_view_background">H7_BACKGROUND</color>
    <color name="feedback_sdk_list_item_hint_text_color_normal">#4DE6E6E6</color>
    <color name="feedback_sdk_label_assist_text_color_normal">#80E6E6E6</color>
    <color name="feedback_sdk_grid_divider_color">#33E6E6E6</color>
    <color name="feedback_sdk_common_black_30">#4DE6E6E6</color>
    <color name="feedback_sdk_tab_slider_bg_color_selected_50">#803F97E9</color>
    <color name="feedback_sdk_moreservice_choose_text_color">#80E6E6E6</color>
    <color name="hotline_item_bg">H7_ACTIONBAR</color>
    <color name="hw_dialog_title_color">#FFFFFF</color>
    <color name="emui_white_bg">H7_BACKGROUND</color>
    <color name="service_info_time_color">#99E6E6E6</color>
    <color name="feedback_sdk_common_black_50">#80E6E6E6</color>
    <!--物流进度背景色-->
    <color name="logistics_backgroud_color">#D9272727</color>
    <color name="label_service_work_color_remark">#3F97E9</color>
    <color name="knowledge_evaluate">#3F97E9</color>
    <color name="recommend_notice_color">#E6E6E6E6</color>
    <color name="recommend_notice_split_color">#33FFFFFF</color>
    <color name="repick_num_btn_30">#3A5C70</color>
    <color name="function_evaluate">#B3E6E6E6</color>
    <color name="function_evaluate_bg">H7_ACTIONBAR</color>
    <color name="calendar_add_color">#4CBBFF</color>
    <!-- 隐私 -->
    <color name="privacy_txt_color">#99FFFFFF</color>
    <!-- System Color -->
    <color name="emui_color_fg">#FFFFFFFF</color>
    <color name="emui_color_fg_inverse">#E5E5E5</color>
    <color name="emui_color_bg">#FF000000</color>
    <color name="emui_accent">#3F97E9</color>
    <color name="emui_accent_inverse">#FF3F97E9</color>
    <color name="emui_functional_red">#FFFA2A2D</color>
    <color name="emui_color_warning">#FF7500</color>
    <color name="emui_color_handup">#FA2A2D</color>
    <color name="emui_color_connected">#41ba41</color>
    <!-- Widget Color -->
    <color name="emui_control_normal">#19FFFFFF</color>
    <color name="emui_control_normal_disabled">#0AFFFFFF</color>
    <color name="emui_color_list_divider">#33FFFFFF</color>
    <color name="emui_fab_icon">#FFFFFF</color>
    <color name="emui_fab_bg_normal">#3F97E9</color>
    <color name="emui_fab_bg_pressed">#26A9FB</color>
    <color name="emui_card_bg">#404040</color>
    <color name="emui_color_subheader_divider">#19FFFFFF</color>
    <!-- Other Color -->
    <color name="emui_text_hint">#7Fffffff</color>
    <color name="emui_text_hint_inverse">#99FFFFFF</color>
    <color name="emui_functional_blue">#3F97E9</color>
    <color name="emui_functional_blue_inverse">#3F97E9</color>
    <color name="emui_control_highlight">#FF3F97E9</color>
    <color name="emui_accent_pressed">#FF3F97E9</color>
    <color name="emui_button_default">#1AFFFFFF</color>
    <color name="emui_button_default_disabled">#0AFFFFFF</color>
    <color name="emui_color_divider_horizontal">#33FFFFFF</color>
    <color name="emui_list_separator_text">#80000000</color>
    <!-- Icon Color -->
    <color name="emui_primary">#FFFFFF</color>
    <color name="emui_primary_inverse">#FFFFFF</color>
    <color name="emui_color_primary">#A9FFFFFF</color>
    <color name="emui_color_secondary">#80FFFFFF</color>
    <color name="emui_color_tertiary">#61ffffff</color>
    <!-- Text Color -->
    <color name="emui_text_primary">#FFFFFF</color>
    <color name="emui_text_primary_inverse">#ffffff</color>
    <color name="emui_text_secondary_inverse">#99FFFFFF</color>
    <color name="emui_text_tertiary_inverse">#61FFFFFF</color>
    <color name="emui_color_text_primary">#A9ffffff</color>
    <color name="emui_color_text_secondary">#80FFFFFF</color>
    <color name="emui_color_text_tertiary">#61ffffff</color>
    <color name="emui_color_text_highlight">#613F97E9</color>
    <color name="emui_text_disabled">#61FFFFFF</color>
    <color name="emui_text_inverse_disable">#61FFFFFF</color>
    <!-- 9.x color -->
    <color name="emui_functional_green">#3db03d</color>
    <color name="emui_color_gray_1">H7_ACTIONBAR</color>
    <color name="emui_color_gray_2">#1A1A1A</color>
    <color name="emui_color_gray_3">H7_ACTIONBAR</color>
    <color name="emui_color_gray_4">H7_ACTIONBAR</color>
    <color name="emui_color_gray_5">#4CE6E6E6</color>
    <color name="emui_color_gray_6">#666666</color>
    <color name="emui_color_gray_7">#808080</color>
    <color name="emui_color_gray_8">#B3B3B3</color>
    <color name="emui_color_gray_9">#CCCCCC</color>
    <color name="emui_color_gray_10">#E6E6E6</color>
    <color name="emui_black">#E6E6E6</color>
    <color name="emui_color_1">#4d5ceb</color>
    <color name="emui_color_2">#1596d1</color>
    <color name="emui_color_3">#15a5ad</color>
    <color name="emui_color_4">#40ae3f</color>
    <color name="emui_color_5">#77b40f</color>
    <color name="emui_color_6">#923ae4</color>
    <color name="emui_color_7">#e20277</color>
    <color name="emui_color_8">#ed2a2b</color>
    <color name="emui_color_9">#e16808</color>
    <color name="emui_color_10">#da830b</color>
    <color name="emui_color_11">#d49f0f</color>
    <color name="emui_white">#e6e6e6</color>
    <color name="emui_white_bg">H7_BACKGROUND</color>
    <!-- alpha define dark -->
    <item name="emui_primary_content_alpha" format="float" type="dimen">.66</item>
    <item name="emui_secondary_content_alpha" format="float" type="dimen">.5</item>
    <item name="emui_tertiary_content_alpha" format="float" type="dimen">.38</item>
    <item name="emui_disabled_alpha" format="float" type="dimen">.38</item>
    <item name="emui_highlight_bg_alpha" format="float" type="dimen">.38</item>
    <item name="emui_normal_bg_alpha" format="float" type="dimen">.1</item>
    <item name="emui_tips_bg_alpha" format="float" type="dimen">.1</item>
    <item name="emui_divider_alpha" format="float" type="dimen">.1</item>
    <color name="device_center_bg_color" >H7_ACTIONBAR</color>
    <color name="text_color_primary" >#A8FFFFFF</color>
    <color name="text_color_secondary" >#80FFFFFF</color>
    <!--  svg color  -->
    <color name="ic_icon_message_fill_color">#007900</color>
    <color name="ic_icon_list_delete_fill_color">#D30003</color>
    <color name="ic_icon_questionnaire_fill_color">#A56200</color>
    <color name="ic_icon_notice_fill_color">#007AAC</color>
    <color name="text_color_activated">#3F97E9</color>
    <color name="bg_bookmark_thumbup_banner">#F20D0D0D </color>
    <color name="ic_icon_default_svg_color">#B8B8B8</color>
    <color name="notice_view_color_filter">#3D3D3D</color>
    <color name="ic_icon_like_public_svg">#A8A8A8</color>
    <color name="ic_icon_default_fill_color">#9e9e9e</color>
    <color name="icon_normal_fill_color">#A8A8A8</color>
    <!--智能检测进度框-->
    <color name="rd_main_scren_circle_degree_background">#9EFFFFFF</color>
    <color name="rd_main_scren_progress_circle_color">#ff999999</color>
    <color name="rd_hsm_widget_circleview_startcolor">#FF3F97E9</color>
    <color name="rd_progress_text_blue">#FFAD82FF</color>
    <color name="rd_red">#FFFF0000</color>
    <color name="rd_green">#FF00FF00</color>
    <color name="rd_blue">#FF0000FF</color>
    <color name="rd_frame_grey">#F2F2F2</color>
    <color name="rd_main_scren_circle_background">#FF999999</color>
    <!-- 空白页面的图标都是这个颜色  start -->
    <color name="normal_icon_color">#61FFFFFF</color>
    <color name="normal_icon_color_black">#99FFFFFF</color>
    <color name="normal_icon_color_white">#A8A8A8</color>
    <color name="normal_icon_color_grey_light">#616161</color>
    <!-- 空白页面的图标都是这个颜色 end -->
    <color name="active_member_bg">#33006CDE</color>
    <!-- hwbottomnavigationview -->
    <color name="hwbottomnavigationview_bg">#1A1A1A</color>
    <color name="hwbottomnav_blur_color">H7_ACTIONBAR</color>
    <color name="hwbottomnav_item_default">#7FFFFFFF</color>
    <color name="hwbottomnav_message_bg">#D30003</color>
    <color name="hwbottomnav_emui_accent">#3F97E9</color>
    <!-- hwcommon -->
    <color name="hwclickeffic_default_color_emui">#19FFFFFF</color>
    <color name="icon_views_related_color">#61FFFFFF</color>
    <!--通用异常错误页面pad下的背景色-->
    <color name="faq_sdk_notice_view_pad_background">H7_BACKGROUND</color>
    <!--通用异常错误页面的背景色-->
    <color name="faq_sdk_notice_view_background">H7_BACKGROUND</color>
    <!--通用异常页面的文字颜色-->
    <color name="faq_sdk_notice_view_default_text_color">#80E6E6E6</color>
    <!--section的背景色-->
    <color name="faq_sdk_section_background_color_normal">#14ffffff</color>
    <!--section的标题文字颜色-->
    <color name="faq_sdk_section_sub_title_text_color_normal">#80E6E6E6</color>
    <!--grid 分割线颜色-->
    <color name="faq_sdk_grid_divider_color">#33E6E6E6</color>
    <!--list 分割线颜色-->
    <color name="faq_sdk_list_divider_color">#33E6E6E6</color>
    <!--list 选中状态背景色-->
    <color name="faq_sdk_list_item_selector_color">#19FFFFFF</color>
    <!--list 每个item文字颜色-->
    <color name="faq_sdk_list_item_title_text_color_normal">#E6E6E6</color>
    <!--正常文本文字颜色-->
    <color name="faq_sdk_label_text_color_normal">#E6E6E6</color>
    <!--次级文本文字颜色-->
    <color name="faq_sdk_label_assist_text_color_normal">#80E6E6E6</color>
    <!--高亮文本文字颜色-->
    <color name="faq_sdk_label_highlight_text_color_normal">H7_ACCENT_COLOR</color>
    <!--list提示文本的颜色-->
    <color name="faq_sdk_list_item_hint_text_color_normal">#4DE6E6E6</color>
    <!--主题颜色-->
    <color name="faq_sdk_action_bar_grey">H7_ACTIONBAR</color>
    <color name="faq_sdk_search_bg">#19ffffff</color>
    <color name="faq_sdk_btn_blue">H7_ACCENT_COLOR</color>
    <color name="faq_sdk_share_bg">H7_ACTIONBAR</color>
    <color name="module_base_label_text_color_normal">#E6E6E6</color>
    <color name="btn_blue">H7_ACCENT_COLOR</color>
    <color name="image_view_cover_color_normal">#0Dffffff</color>
    <color name="toggle_item_bg_color">#33FFFFFF</color>
    <color name="list_item_selector_color">#19FFFFFF</color>
    <color name="module_base_list_divider_color">#33FFFFFF</color>
    <color name="faq_sdk_category_menu_bg">H7_ACTIONBAR</color>
    <color name="device_rights_benefit_bg_color">#1AFFFFFF</color>
    <color name="device_rights_card_bg_color">#FF1F2426</color>
	
	
	
	
	
	
	
	
	
	
	
	
	
	
	    <!-- 窗口背景色 -->
    <color name="pad_window_background">H7_BACKGROUND</color>
    <color name="window_background">H7_BACKGROUND</color>

    <!-- 分割线颜色定义 -->
    <color name="module_base_section_divider_color">#26FFFFFF</color>
    <color name="module_base_list_divider_color">#33FFFFFF</color>
    <color name="module_base_grid_divider_color">#26FFFFFF</color>

    <!-- section背景色定义 -->
    <color name="module_base_section_background_color">#14ffffff</color>

    <color name="module_base_label_text_color_normal">#E6E6E6</color>
    <color name="module_base_label_text_color_normal_70">#BCE6E6E6</color>
    <color name="module_base_label_text_color_normal_50">#80E6E6E6</color>
    <color name="module_base_label_text_color_normal_30">#4DE6E6E6</color>

    <color name="black_40">#66ffffff</color>
    <color name="black_30">#4Dffffff</color>
    <color name="black_20">#33ffffff</color>
    <!-- 主题颜色定义 黑色主题 -->
    <color name="red">#ff0000</color>
    <color name="text_normal_white">H7_BACKGROUND</color>
    <color name="text_normal_white_new">#ffffff</color>
    <!-- 窗口背景色 -->
    <color name="web_view_background">#ffffff</color>
    <!-- 首页淡红色错误提示背景色 -->
    <color name="error_notice_view_background">#3c2222</color>
    <color name="tab_text_color_selected_20">#803F97E9</color>
    <!--text颜色定义-->
    <color name="tab_text_color_normal">#ffffff</color><!-- tab开头的颜色目前只用于首页 -->
    <color name="tab_text_color_selected">H7_ACCENT_COLOR</color>
    <color name="tab_text_color_selected_new">H7_ACCENT_COLOR</color>
    <color name="text_color_selected">H7_ACCENT_COLOR</color>
    <color name="tab_text_imm_color_normal">#ffffff</color>
    <color name="tab_text_imm_color_selected">#ffffff</color>
    <color name="sub_tab_text_color_normal">#BFFFFFFF</color><!-- sub tab类似卡券页面 -->
    <color name="sub_tab_text_color_selected">H7_ACCENT_COLOR</color>
    <color name="btn_highlight_bg_text_color_normal">#ffffff</color>
    <!-- 如果btn背景色自定义为高亮色了 这里需要也自定义text的颜色 -->
    <color name="section_title_text_color_normal">#ffffff</color>
    <!-- 一个section表示一个list里面的一块 参见'我的'页面 -->
    <color name="section_assist_text_color_normal">#80E6E6E6</color>
    <color name="section_sub_title_text_color_normal">#C0ffffff</color>
    <color name="auto_line_btn_text_color_normal">#C0ffffff</color>
    <color name="list_item_title_text_color_normal">#ffffff</color>
    <color name="list_item_content_text_color_normal">#80FFFFFF</color>
    <color name="list_item_hint_text_color_normal">#4DE6E6E6</color>
    <color name="edit_text_hint_color_normal">#4DFFFFFF</color>
    <color name="edit_text_color_normal">#ffffff</color>
    <color name="grid_item_title_text_color_normal">#ffffff</color>
    <color name="search_view_text_color_normal">#FFFFFF</color>
    <color name="search_view_text_hint_color_normal">#4DFFFFFF</color>
    <color name="search_view_imm_text_color_normal">#66000000</color>
    <color name="sliding_tab_text_color_normal">#ffffff</color><!-- 参见搜索结果页面 -->
    <color name="sliding_tab_text_color_selected">#ffffff</color>
    <color name="notice_view_default_text_color">#80FFFFFF</color>
    <color name="label_text_color_normal">#E6E6E6</color><!-- label表示静态文本 -->
    <color name="label_hint_text_color_normal">#33FFFFFF</color>
    <color name="label_assist_text_color_normal">#80FFFFFF</color>
    <color name="label_highlight_text_color_normal">H7_ACCENT_COLOR</color>
    <color name="label_highlight_text_color_unable">H7_ACCENT_COLOR_DISABLED</color>
    <color name="label_highlight_text_color_pressed">H7_ACCENT_COLOR_PRESS</color>
    <color name="paragraph_text_color_normal">#ffffff</color><!-- paragraph表示大段文字 -->
    <color name="paragraph_assist_text_color_normal">#99ffffff</color><!-- paragraph表示大段文字 -->
    <color name="paragraph_edit_text_color_normal">#80FFFFFF</color>
    <color name="paragraph_highlight_text_color_normal">H7_ACCENT_COLOR</color>
    <color name="url_text_color_normal">H7_ACCENT_COLOR</color>
    <color name="error_text_color_normal">#FF3320</color>
    <color name="waring_text_color_normal">#FFBA1B</color>


    <!-- tab背景色定义 -->
    <color name="tab_bg_color_normal">H7_BACKGROUND</color>
    <color name="tab_imm_bg_color_normal">#01000000</color>
    <color name="tab_slider_bg_color_normal">#26FFFFFF</color>
    <color name="tab_slider_bg_color_selected">H7_ACCENT_COLOR</color>
    <color name="tab_slider_imm_bg_color_normal">#FFFFFFFF</color>
    <color name="tab_slider_imm_bg_color_selected">#00000000</color>
    <color name="sub_tab_bg_color_normal">#00000000</color>
    <color name="sub_tab_bg_color_selected">H7_ACCENT_COLOR_DISABLED</color>
    <color name="sub_tab_stroke_color_normal">H7_ACCENT_COLOR_DISABLED</color>
    <color name="sliding_tab_bg_color_normal">#33FFFFFF</color>
    <color name="sliding_tab_bg_color_selected">H7_ACCENT_COLOR</color>

    <!-- edittext 背景色定义 -->
    <color name="edit_bg_color_normal">#26FFFFFF</color>


    <color name="list_item_selector_color">#19FFFFFF</color>

    <color name="message_dot_bg_color">#ff0000</color>

    <!-- 圆点指示器的颜色 -->
    <color name="color_point">#E5ebebeb</color>
    <color name="color_point_default">#7febebeb</color>

    <!-- 会员成长值曲线 -->
    <color name="member_growth_line_start">#FFC65EFF</color>
    <color name="member_growth_line_end">#FF9BD4FF</color>
    <color name="member_growth_circle_color">#26ffffff</color>
    <color name="member_growth_circle_filled_color">#fcfcfc</color>
    <color name="member_growth_vertical_line_color">#ffffff</color>
    <color name="member_growth_text_color_normal">#80000000</color>

    <!-- imageView 背景 -->
    <color name="image_view_bg_color_normal">#F4F4F4</color>
    <color name="image_view_cover_color_normal">#0Dffffff</color>

    <color name="wave_side_bar_text_color">#808080</color>
    <color name="personal_actionbar_right_color">#ffffff</color>

    <color name="black_35">#59ffffff</color>


    <color name="black_for_img">#FFffffff</color>


    <color name="start_location">#80E6E6E6</color>

    <color name="btn_blue">H7_ACCENT_COLOR</color>
    <color name="btn_manual">H7_ACCENT_COLOR</color>
    <color name="action_bar_grey">H7_ACTIONBAR</color>

    <!--ItemActiveColor-->
    <color name="emui_accent">H7_ACCENT_COLOR</color>

    <color name="edit_background">#26FFFFFF</color>
    <color name="action_bar_grey_search">H7_ACTIONBAR</color>
    <color name="emui_black">#E6E6E6</color>
    <color name="emui_color_gray_1">H7_ACTIONBAR</color>
    <color name="emui_color_gray_2">H7_ACTIONBAR</color>
    <color name="emui_color_gray_3">H7_ACTIONBAR</color>
    <color name="emui_color_gray_4">H7_ACTIONBAR</color>
    <color name="emui_color_gray_5">#4CE6E6E6</color>
    <color name="emui_color_gray_6">#666666</color>
    <color name="emui_color_gray_7">#808080</color>
    <color name="emui_color_gray_8">#B3B3B3</color>
    <color name="emui_color_gray_9">#CCCCCC</color>
    <color name="emui_color_gray_10">#E6E6E6</color>

    <color name="black_10">#19ffffff</color>
    <color name="thin_divider_color">#4DFFFFFF</color>
    <color name="toggle_item_bg_color">#33FFFFFF</color>
    <color name="hwedit_emui_black_color_alpha_30">#4CE6E6E6</color>
    <color name="hwedit_emui_edit_text_hint_color">#33ffffff</color>
    <color name="notice_btn_blue">H7_ACCENT_COLOR</color>

    <color name="emui_white">#e6e6e6</color>

    <color name="emui_functional_blue">H7_ACCENT_COLOR</color>

    <color name="member_ordinay_title_color_personalcenter">#AD682D</color>
    <color name="member_sliver_title_color_personalcenter">#9BADC0</color>
    <color name="member_gold_title_color_personalcenter">#C6963D</color>
    <color name="member_platinum_title_color_personalcenter">#D6D6D6</color>
    <color name="member_dimaond_title_color_personalcenter">#E0E0E0</color>
    <color name="member_blue_dimaond_title_color_personalcenter">#6CACBD</color>
    <color name="member_crown_title_color_personalcenter">#D3BD6D</color>
    <color name="member_dimaond_levle_background_color">#33A3A3A3</color>
    <color name="member_blue_diamond_levle_background_color">#33B8D9E3</color>

    <!--华为账号SDK的主题颜色-->
    <color name="CS_emui_color_gray_10">#E6E6E6</color>
    <color name="CS_black_20_percent">#33FFFFFF</color>
    <color name="CS_black_100_percent">#ffFFFFFF</color>
    <color name="CS_black">#FFFFFF</color>
    <color name="CS_background">H7_BACKGROUND</color>
    <color name="CS_black_50_percent">#80ffffff</color>

    <color name="feedback_sdk_problem_submit_normol_bg">#04324C</color>
    <color name="feedback_sdk_problem_submit_select_bg">#0E9FFC</color>


    <color name="feedback_sdk_problem_common_type_info_phone">#747474</color>
    <color name="feedback_sdk_problem_select_question_type">#E6E6E6</color>
    <color name="feedback_sdk_problem_question_info_bg">H7_ACTIONBAR</color>
    <color name="feedback_sdk_problem_question_info_or_phone_text">#FFFFFF</color>
    <color name="feedback_sdk_problem_question_info_or_phone_hint">#606060</color>
    <color name="feedback_sdk_problem_question_number">#676767</color>
    <color name="feedback_sdk_problem_question_max_number">#ff0000</color>
    <color name="feedback_sdk_problem_submit_text">#4F7083</color>
    <color name="feedback_sdk_problem_submit_select_text">#FFFFFF</color>

    <color name="feedback_sdk_problem_recycle_select_question_type">#E6E6E6</color>
    <color name="feedback_sdk_problem_recycle_normol_question_type_bg">#33ffffff</color>
    <color name="feedback_sdk_problem_recycle_select_question_type_bg">#07507D</color>
    <color name="feedback_sdk_problem_photo_bg">H7_ACTIONBAR</color>
    <color name="feedback_sdk_text_normal_black">#E6E6E6</color>
    <color name="feedback_sdk_label_text_color_normal">#E6E6E6</color>
    <color name="feedback_sdk_text_normal_black_50">#80E6E6E6</color>
    <color name="feedback_sdk_common_btn_blue">H7_ACCENT_COLOR</color>
    <color name="feedback_sdk_common_black_20">#33ffffff</color>
    <color name="feedback_sdk_moreservice_text_color">#E6E6E6</color>
    <color name="feedback_sdk_common_black_40">#66ffffff</color>
    <color name="feedback_sdk_tab_slider_bg_color_selected">H7_ACCENT_COLOR</color>
    <color name="feedback_sdk_action_bar_grey">H7_ACTIONBAR</color>
    <color name="feedback_sdk_notice_view_default_text_color">#80E6E6E6</color>
    <color name="feedback_sdk_notice_view_pad_background">H7_BACKGROUND</color>
    <color name="feedback_sdk_notice_view_background">H7_BACKGROUND</color>
    <color name="feedback_sdk_list_item_hint_text_color_normal">#4DE6E6E6</color>
    <color name="feedback_sdk_label_assist_text_color_normal">#80E6E6E6</color>
    <color name="feedback_sdk_grid_divider_color">#33E6E6E6</color>
    <color name="feedback_sdk_common_black_30">#4DE6E6E6</color>
    <color name="feedback_sdk_tab_slider_bg_color_selected_50">#803F97E9</color>
    <color name="feedback_sdk_moreservice_choose_text_color">#80E6E6E6</color>
    <color name="hotline_item_bg">H7_ACTIONBAR</color>
    <color name="hw_dialog_title_color">#FFFFFF</color>
    <color name="emui_white_bg">H7_BACKGROUND</color>
    <color name="service_info_time_color">#99E6E6E6</color>
    <color name="feedback_sdk_common_black_50">#80E6E6E6</color>

    <!--物流进度背景色-->
    <color name="logistics_backgroud_color">H7_ACTIONBAR</color>
    <color name="label_service_work_color_remark">H7_ACCENT_COLOR</color>
    <color name="knowledge_evaluate">H7_ACCENT_COLOR</color>
    <color name="recommend_notice_color">#E6E6E6E6</color>
    <color name="recommend_notice_split_color">#33FFFFFF</color>
    <color name="repick_num_btn_30">#3A5C70</color>

    <color name="function_evaluate">#B3E6E6E6</color>
    <color name="function_evaluate_bg">H7_ACTIONBAR</color>
    <color name="calendar_add_color">#4CBBFF</color>

    <!--聊天记录-->
    <color name="chat_card_background">H7_ACTIONBAR</color>

    <!-- 隐私 -->
    <color name="privacy_txt_color">#99FFFFFF</color>

    <!-- System Color -->
    <color name="emui_color_fg">#FFFFFFFF</color>
    <color name="emui_color_fg_inverse">#E5E5E5</color>
    <color name="emui_color_bg">H7_BACKGROUND</color>
    <color name="emui_accent">H7_ACCENT_COLOR</color>
    <color name="emui_accent_inverse">#FF3F97E9</color>
    <color name="emui_functional_red">#FFFA2A2D</color>
    <color name="emui_color_warning">#FF7500</color>
    <color name="emui_color_handup">#FA2A2D</color>
    <color name="emui_color_connected">#41ba41</color>
    <!-- Widget Color -->
    <color name="emui_control_normal">#19FFFFFF</color>
    <color name="emui_control_normal_disabled">#0AFFFFFF</color>
    <color name="emui_color_list_divider">#33FFFFFF</color>
    <color name="emui_fab_icon">#FFFFFF</color>
    <color name="emui_fab_bg_normal">H7_ACCENT_COLOR</color>
    <color name="emui_fab_bg_pressed">H7_ACCENT_COLOR</color>
    <color name="emui_card_bg">#404040</color>
    <color name="emui_color_subheader_divider">#19FFFFFF</color>
    <!-- Other Color -->
    <color name="emui_text_hint">#7Fffffff</color>
    <color name="emui_text_hint_inverse">#99FFFFFF</color>
    <color name="emui_functional_blue">H7_ACCENT_COLOR</color>
    <color name="emui_functional_blue_inverse">H7_ACCENT_COLOR</color>
    <color name="emui_control_highlight">#FF3F97E9</color>
    <color name="emui_accent_pressed">#FF3F97E9</color>
    <color name="emui_button_default">#1AFFFFFF</color>
    <color name="emui_button_default_disabled">#0AFFFFFF</color>
    <color name="emui_color_divider_horizontal">#33FFFFFF</color>
    <color name="emui_list_separator_text">#80000000</color>
    <!-- Icon Color -->
    <color name="emui_primary">#FFFFFF</color>
    <color name="emui_primary_inverse">#FFFFFF</color>
    <color name="emui_color_primary">#A9FFFFFF</color>
    <color name="emui_color_secondary">#80FFFFFF</color>
    <color name="emui_color_tertiary">#61ffffff</color>
    <!-- Text Color -->
    <color name="emui_text_primary">#FFFFFF</color>
    <color name="emui_text_primary_inverse">#ffffff</color>
    <color name="emui_text_secondary_inverse">#99FFFFFF</color>
    <color name="emui_text_tertiary_inverse">#61FFFFFF</color>
    <color name="emui_color_text_primary">#A9ffffff</color>
    <color name="emui_color_text_secondary">#80FFFFFF</color>
    <color name="emui_color_text_tertiary">#61ffffff</color>
    <color name="emui_color_text_highlight">#613F97E9</color>
    <color name="emui_text_disabled">#61FFFFFF</color>
    <color name="emui_text_inverse_disable">#61FFFFFF</color>
    <!-- 9.x color -->
    <color name="emui_functional_green">#3db03d</color>
    <color name="emui_color_gray_1">H7_ACTIONBAR</color>
    <color name="emui_color_gray_2">H7_ACTIONBAR</color>
    <color name="emui_color_gray_3">H7_ACTIONBAR</color>
    <color name="emui_color_gray_4">H7_ACTIONBAR</color>
    <color name="emui_color_gray_5">#4CE6E6E6</color>
    <color name="emui_color_gray_6">#666666</color>
    <color name="emui_color_gray_7">#808080</color>
    <color name="emui_color_gray_8">#B3B3B3</color>
    <color name="emui_color_gray_9">#CCCCCC</color>
    <color name="emui_color_gray_10">#E6E6E6</color>
    <color name="emui_black">#E6E6E6</color>
    <color name="emui_color_1">#4d5ceb</color>
    <color name="emui_color_2">H7_ACCENT_COLOR</color>
    <color name="emui_color_3">#15a5ad</color>
    <color name="emui_color_4">#40ae3f</color>
    <color name="emui_color_5">#77b40f</color>
    <color name="emui_color_6">#923ae4</color>
    <color name="emui_color_7">#e20277</color>
    <color name="emui_color_8">#ed2a2b</color>
    <color name="emui_color_9">#e16808</color>
    <color name="emui_color_10">#da830b</color>
    <color name="emui_color_11">#d49f0f</color>
    <color name="emui_white">#e6e6e6</color>
    <color name="emui_white_bg">H7_BACKGROUND</color>
    <!-- alpha define dark -->
    <item name="emui_primary_content_alpha" format="float" type="dimen">.66</item>
    <item name="emui_secondary_content_alpha" format="float" type="dimen">.5</item>
    <item name="emui_tertiary_content_alpha" format="float" type="dimen">.38</item>
    <item name="emui_disabled_alpha" format="float" type="dimen">.38</item>
    <item name="emui_highlight_bg_alpha" format="float" type="dimen">.38</item>
    <item name="emui_normal_bg_alpha" format="float" type="dimen">.1</item>
    <item name="emui_tips_bg_alpha" format="float" type="dimen">.1</item>
    <item name="emui_divider_alpha" format="float" type="dimen">.1</item>
    <color name="device_center_bg_color" >#FF1A1A1A</color>
    <color name="text_color_primary" >#A8FFFFFF</color>
    <color name="text_color_secondary" >#80FFFFFF</color>

    <!--  svg color  -->
    <color name="ic_icon_message_fill_color">#007900</color>
    <color name="ic_icon_list_delete_fill_color">#D30003</color>
    <color name="ic_icon_questionnaire_fill_color">#A56200</color>
    <color name="ic_icon_notice_fill_color">#007AAC</color>
    <color name="text_color_activated">H7_ACCENT_COLOR</color>
    <color name="bg_bookmark_thumbup_banner">#F20D0D0D </color>
    <color name="ic_icon_default_svg_color">#B8B8B8</color>
    <color name="ic_icon_default_svg_color_device">#99FFFFFF</color>
    <color name="notice_view_color_filter">#3D3D3D</color>
    <color name="ic_icon_like_public_svg">#A8A8A8</color>
    <color name="ic_icon_default_fill_color">#9e9e9e</color>

    <color name="icon_normal_fill_color">#A8A8A8</color>

    <!--智能检测进度框-->
    <color name="rd_main_scren_circle_degree_background">#9EFFFFFF</color>
    <color name="rd_main_scren_progress_circle_color">#ff999999</color>
    <color name="rd_hsm_widget_circleview_startcolor">#FF3F97E9</color>
    <color name="rd_progress_text_blue">#FFAD82FF</color>
    <color name="rd_red">#FFFF0000</color>
    <color name="rd_green">#FF00FF00</color>
    <color name="rd_blue">#FF0000FF</color>
    <color name="rd_frame_grey">#F2F2F2</color>
    <color name="rd_main_scren_circle_background">#FF999999</color>
    <!-- 空白页面的图标都是这个颜色  start -->
    <color name="normal_icon_color">#61FFFFFF</color>
    <color name="normal_icon_color_black">#99FFFFFF</color>
    <color name="normal_icon_color_white">#A8A8A8</color>
    <color name="normal_icon_color_grey_light">#616161</color>
    <!-- 空白页面的图标都是这个颜色 end -->

    <color name="active_member_bg">#33006CDE</color>

    <!-- hwbottomnavigationview -->
    <color name="hwbottomnavigationview_bg">H7_ACTIONBAR</color>
    <color name="hwbottomnav_blur_color">#FF1A1A1A</color>
    <color name="hwbottomnav_item_default">#7FFFFFFF</color>
    <color name="hwbottomnav_message_bg">#D30003</color>
    <color name="hwbottomnav_emui_accent">H7_ACCENT_COLOR</color>

    <!-- hwcommon -->
    <color name="hwclickeffic_default_color_emui">#19FFFFFF</color>
    <color name="icon_views_related_color">#61FFFFFF</color>


    <!--通用异常错误页面pad下的背景色-->
    <color name="faq_sdk_notice_view_pad_background">H7_BACKGROUND</color>
    <!--通用异常错误页面的背景色-->
    <color name="faq_sdk_notice_view_background">H7_BACKGROUND</color>
    <!--通用异常页面的文字颜色-->
    <color name="faq_sdk_notice_view_default_text_color">#80E6E6E6</color>
    <!--section的背景色-->
    <color name="faq_sdk_section_background_color_normal">#14ffffff</color>
    <!--section的标题文字颜色-->
    <color name="faq_sdk_section_sub_title_text_color_normal">#80E6E6E6</color>
    <!--grid 分割线颜色-->
    <color name="faq_sdk_grid_divider_color">#33E6E6E6</color>
    <!--list 分割线颜色-->
    <color name="faq_sdk_list_divider_color">#33E6E6E6</color>
    <!--list 选中状态背景色-->
    <color name="faq_sdk_list_item_selector_color">#19FFFFFF</color>
    <!--list 每个item文字颜色-->
    <color name="faq_sdk_list_item_title_text_color_normal">#E6E6E6</color>
    <!--正常文本文字颜色-->
    <color name="faq_sdk_label_text_color_normal">#E6E6E6</color>
    <!--次级文本文字颜色-->
    <color name="faq_sdk_label_assist_text_color_normal">#80E6E6E6</color>
    <!--高亮文本文字颜色-->
    <color name="faq_sdk_label_highlight_text_color_normal">H7_ACCENT_COLOR</color>
    <!--list提示文本的颜色-->
    <color name="faq_sdk_list_item_hint_text_color_normal">#4DE6E6E6</color>
    <!--主题颜色-->
    <color name="faq_sdk_action_bar_grey">H7_ACTIONBAR</color>

    <color name="faq_sdk_search_bg">#19ffffff</color>
    <color name="faq_sdk_btn_blue">H7_ACCENT_COLOR</color>
    <!--自定义分享框背景色-->
    <color name="faq_sdk_share_bg">H7_ACTIONBAR</color>
    <color name="btn_blue">H7_ACCENT_COLOR</color>
    <color name="image_view_cover_color_normal">#0Dffffff</color>
    <color name="toggle_item_bg_color">#33FFFFFF</color>
    <color name="list_item_selector_color">#19FFFFFF</color>
    <color name="module_base_list_divider_color">#33FFFFFF</color>
    <color name="faq_sdk_category_menu_bg">H7_ACTIONBAR</color>
    <color name="light_border_divider_color">#33FFFFFF</color>
    <color name="video_camera_icon_color">#33FFFFFF</color>

    <!-- 权益卡片背景 我的页面 和 权益卡片-->
    <color name="device_rights_benefit_bg_color">#1AFFFFFF</color>
    <color name="device_rights_card_bg_color">#FF1F2426</color>

    <color name="bg_bookmark_thumbup_banner">#F20D0D0D</color>
    <color name="logo_background">H7_BACKGROUND</color>
    <color name="logo_startcolor">H7_ACCENT_COLOR</color>
    <color name="logo_endcolor">H7_ACCENT_COLOR</color>
    <color name="awart_rights_card_background">#615D5E</color>
    <color name="awart_rights_button">#CCFFFFFF</color>

    <color name="hwsubtab_indicator_color">H7_ACCENT_COLOR</color>
    <color name="hwsubtab_emui_color_bg">H7_BACKGROUND</color>
    <color name="hwsubtab_emui_subtab_text_on">H7_ACCENT_COLOR</color>
    <color name="hwsubtab_emui_subtab_text_off">#7fffffff</color>
    <color name="hwsubtab_bg_blur">H7_BACKGROUND</color>
    <color name="my_device__item_disable_color">H7_ACTIONBAR</color>

    <color name="appoint_time_seclected">#CCE5FF</color>
    <color name="appoint_time_unseclected">#F2F2F2</color>
    <color name="modify_or_cancel_bg">H7_ACTIONBAR</color>

    <!--敏感手势-->
    <color name="gesture_like">H7_ACCENT_COLOR</color>

    <color name="signal_gray">#1AFFFFFF</color>
    <color name="signal_yellow">#BA5500</color>
    <color name="signal_green">#B300BE8C</color>
    <color name="border_black">#1AFFFFFF</color>
    <color name="input_sn_error_tips">#d30003</color>

    <color name="member_bg_color_start">#FF1F2426</color>
    <color name="member_bg_color_end">#FF1F2426</color>
    <color name="share_dialog_bg_color">H7_ACTIONBAR</color>
    <color name ="recommend_default">H7_ACTIONBAR</color>

    <color name="emui_appbar_title">#DBFFFFFF</color>
    <color name="emui_color_text_secondary">#99FFFFFF</color>
    <color name="emui_bottombar_icon_off">#99FFFFFF</color>
    <color name="emui_bottombar_icon_on">H7_ACCENT_COLOR</color>
    <color name="emui_bottombar_text_off">#99FFFFFF</color>
    <color name="emui_bottombar_text_on">H7_ACCENT_COLOR</color>
    <color name="color_error_bg">#33F7F7F7</color>

    <!-- 智能检测图标  夜间模式   -->
    <color name="emui_button_blue">H7_ACCENT_COLOR</color>
    <!--  九大故障流图标颜色 -->
    <color name="fault_icon">#FFFFFF</color>
	
	
	
	    <color name="android_black">#ffffffff</color>
    <color name="appMainBack_white">H7_BACKGROUND</color>
    <color name="background_dn_f1f3f5_00">H7_BACKGROUND</color>
    <color name="bg_color_f2">#ff666666</color>
    <color name="black">#ffffffff</color>
    <color name="blue">#ff23a7d7</color>
    <color name="color_1e">#ffffffff</color>
    <color name="color_d8">#ff666666</color>
    <color name="color_ea">#ff666666</color>
    <color name="color_f2">#33ffffff</color>
    <color name="color_f5">H7_ACTIONBAR</color>
    <color name="common_corner_black_bg_color">#ff666666</color>
    <color name="dialog_bg_color">H7_ACTIONBAR</color>
    <color name="dialog_bg_grey_color">H7_ACTIONBAR</color>
    <color name="dialog_cancel_color">#ffffffff</color>
    <color name="dialog_notify_text_color">#ffffffff</color>
    <color name="divider">#33ffffff</color>
    <color name="empty_text_color">#60ffffff</color>
    <color name="emui_color_gray_1">H7_ACTIONBAR</color>
    <color name="emui_color_gray_10">#ffe6e6e6</color>
    <color name="explore_add_tags">#ffe1e1e1</color>
    <color name="explore_black_font">#ffffffff</color>
    <color name="explore_center_tab_title_color">H7_BACKGROUND</color>
    <color name="explore_comment_panel_color">H7_BACKGROUND</color>
    <color name="explore_comment_show_hint">#ffffffff</color>
    <color name="explore_community_fragment_aar_back">H7_BACKGROUND</color>
    <color name="explore_community_subtitle">#99ffffff</color>
    <color name="explore_creator_name">#ffffffff</color>
    <color name="explore_divider_line">#33ffffff</color>
    <color name="explore_flow_flag">#1affffff</color>
    <color name="explore_forum_name_text_color">#fff7f7f7</color>
    <color name="explore_forums_background">H7_BACKGROUND</color>
    <color name="explore_gallery_label_select">H7_BACKGROUND</color>
    <color name="explore_gallery_label_unselect">#ffffffff</color>
    <color name="explore_gallery_type_hint">#ff8a8a8a</color>
    <color name="explore_gallery_type_text_color">#ffe1e1e1</color>
    <color name="explore_gray_font">#ffffffff</color>
    <color name="explore_message_white">H7_BACKGROUND</color>
    <color name="explore_next_image_type">#fff7f7f7</color>
    <color name="explore_rich_text_panel_background">H7_BACKGROUND</color>
    <color name="explore_shape_ballot_header_bg_color">#ff282828</color>
    <color name="explore_sort_text_color">#ffffffff</color>
    <color name="explore_tag_input_popup_bg_color">H7_ACTIONBAR</color>
    <color name="explore_tied_type_name">#ffffffff</color>
    <color name="explore_topic_create_category_right_color">#ff3f3f3f</color>
    <color name="explore_topic_create_category_shape_color">#ff5e5e5e</color>
    <color name="explore_topic_detail_ballot_line">#ff5f5f7f</color>
    <color name="explore_topic_title">#ffffffff</color>
    <color name="explore_topic_title_color">#ffa1a1a1</color>
    <color name="explore_topic_view_text_color">#73ffffff</color>
    <color name="explore_topic_vote_btn_unsubmit_bg_color">#ff808080</color>
    <color name="explore_topic_voted_detail_noclick">#9ee1e1e1</color>
    <color name="explore_vote_detail_dialog_bg_color">#ff282828</color>
    <color name="explore_voted_progressbar_bg">#ff282828</color>
    <color name="forum_tab_back_default_color">#99000000</color>
    <color name="gray_color">#80ffffff</color>
    <color name="guest_login_button_color">#ffffffff</color>
    <color name="hsColorAccent">#ffffffff</color>
    <color name="hsColorPrimary">H7_BACKGROUND</color>
    <color name="hsColorPrimaryDark">H7_BACKGROUND</color>
    <color name="hs_window_background">H7_BACKGROUND</color>
    <color name="hwtips_appBarTitle">#a9ffffff</color>
    <color name="hwtips_colorBottomTabBg">H7_ACTIONBAR</color>
    <color name="hwtips_colorCommentButton">H7_ACCENT_COLOR</color>
    <color name="hwtips_colorDialogBg">H7_ACTIONBAR</color>
    <color name="hwtips_colorDialogShadow">#66000000</color>
    <color name="hwtips_colorEditMultiLineBg">#26ffffff</color>
    <color name="hwtips_colorExperienceButtonPressed">#1affffff</color>
    <color name="hwtips_colorLikeButtonNormal">#1affffff</color>
    <color name="hwtips_colorLikeButtonPressed">#33ffffff</color>
    <color name="hwtips_colorSubBackground">H7_BACKGROUND</color>
    <color name="hwtips_emui_card_panel_bg">H7_ACTIONBAR</color>
    <color name="hwtips_h5_not_net_arrow_right">#ffffffff</color>
    <color name="hwtips_hot_topic_grey">#33ffffff</color>
    <color name="hwtips_huawei_failed_icon">#ff343537</color>
    <color name="hwtips_huawei_failed_icon_bg1">H7_ACTIONBAR</color>
    <color name="hwtips_huawei_failed_icon_bg2">H7_ACTIONBAR</color>
    <color name="hwtips_placeholder_bg">H7_ACTIONBAR</color>
    <color name="hwtips_shortcutListShadeBg">#66000000</color>
    <color name="hwtips_shortcutMenuListBg">H7_BACKGROUND</color>
    <color name="hwtips_shortcut_list_item_text_color_highlight">@color/emui_functional_blue_dark</color>
    <color name="hwtips_subject_scroll_bar">#33ffffff</color>
    <color name="hwtips_tag_base_bg">#1affffff</color>
    <color name="hwtips_user_card_bg_begin">H7_ACTIONBAR</color>
    <color name="hwtips_user_card_bg_end">H7_ACTIONBAR</color>
    <color name="hwtips_welcomeBg">H7_BACKGROUND</color>
    <color name="lightTextColor">#7fffffff</color>
    <color name="link_input_underline_activated">#ffeaeaea</color>
    <color name="mainTextColor">#ffffffff</color>
    <color name="main_scan">#d8ffffff</color>
    <color name="main_soft_black">#ffffffff</color>
    <color name="main_soft_grey">#ffffffff</color>
    <color name="main_softblack">#ffffffff</color>
    <color name="main_tab_select_textColor">#ffffffff</color>
    <color name="main_tab_unselect_textColor">#99ffffff</color>
    <color name="me_about_copy_right">#ff979797</color>
    <color name="me_about_line">#ffbbbbbb</color>
    <color name="me_achievement_black">#e6ffffff</color>
    <color name="me_achievement_grey">H7_ACTIONBAR</color>
    <color name="me_achievement_line">#33ffffff</color>
    <color name="me_achievement_white">H7_ACTIONBAR</color>
    <color name="me_addresses_add_confirm_button">#ffffffff</color>
    <color name="me_background">#ff555555</color>
    <color name="me_black">#99ffffff</color>
    <color name="me_black_45">#ffffffff</color>
    <color name="me_btn_next_bg_color">#61ffffff</color>
    <color name="me_btn_next_normal_bg_color">#61ffffff</color>
    <color name="me_comment_bg">#33ffffff</color>
    <color name="me_grey">#ff4f4f4f</color>
    <color name="me_icon_name_black">#e6ffffff</color>
    <color name="me_level">#66ffffff</color>
    <color name="me_line_recycler_view_color">#33ffffff</color>
    <color name="me_medal_claim_back_solid">#ffffffff</color>
    <color name="me_mission_button_init">#ffffffff</color>
    <color name="me_name_black">#ccffffff</color>
    <color name="me_notifications">H7_BACKGROUND</color>
    <color name="me_setting_background">H7_BACKGROUND</color>
    <color name="me_setting_card_bg">H7_ACTIONBAR</color>
    <color name="me_setting_dividingLine">H7_ACTIONBAR</color>
    <color name="me_setting_gray_text">#99ffffff</color>
    <color name="me_setting_transparent">#00ffffff</color>
    <color name="me_task_background">H7_BACKGROUND</color>
    <color name="me_text_black">#e6ffffff</color>
    <color name="me_threads_grey">#fff7f7f7</color>
    <color name="me_tv_white">H7_BACKGROUND</color>
    <color name="medal_edit_dividing_view">H7_ACTIONBAR</color>
    <color name="net_error_bt_bg_color">#ff1c1919</color>
    <color name="notice_view_color_filter">#66ffffff</color>
    <color name="order_detail_gift_text_color">#ff7f7f7f</color>
    <color name="phx_title">#dbffffff</color>
    <color name="recommend_color_000000_cfcfcf">#ffcfcfcf</color>
    <color name="recommend_color_0A59F7_4281FF">H7_ACCENT_COLOR</color>
    <color name="recommend_color_191919_dfdfe0">#ffdfdfe0</color>
    <color name="recommend_color_61000000_66ffffff">#66ffffff</color>
    <color name="recommend_color_777777_9a9b9c">#ff9a9b9c</color>
    <color name="recommend_color_f1f3f5_000000">H7_BACKGROUND</color>
    <color name="recommend_color_ffffff_202224">H7_ACTIONBAR</color>
    <color name="recommend_search_bg_color">H7_ACTIONBAR</color>
    <color name="red">#ffde1a33</color>
    <color name="search_backgroundGrey">H7_BACKGROUND</color>
    <color name="search_bg">H7_ACTIONBAR</color>
    <color name="search_tab_tv_bg">#ffffffff</color>
    <color name="search_tab_tv_fount">#ffffffff</color>
    <color name="search_text_fount">#99ffffff</color>
    <color name="search_title_bg">H7_ACTIONBAR</color>
    <color name="selected_image">#ffffffff</color>
    <color name="shop_bg_grey">H7_ACTIONBAR</color>
    <color name="shop_cart_black">#ffffffff</color>
    <color name="shop_cart_recommond">H7_ACTIONBAR</color>
    <color name="shop_cart_white">H7_BACKGROUND</color>
    <color name="shop_checkbox_bg">#ffffffff</color>
    <color name="shop_cn_colorAccent">#ffffffff</color>
    <color name="shop_cn_colorPrimary">H7_BACKGROUND</color>
    <color name="shop_cn_colorPrimaryDark">H7_BACKGROUND</color>
    <color name="shop_coupon_et_bg">H7_ACTIONBAR</color>
    <color name="shop_dialog_bg">H7_ACTIONBAR</color>
    <color name="shop_et_bg">H7_ACTIONBAR</color>
    <color name="shop_pcp_bg">H7_ACTIONBAR</color>
    <color name="shop_pcp_black">#ffffffff</color>
    <color name="shop_pcp_grey">H7_ACTIONBAR</color>
    <color name="shop_pcp_list_text">#ffffffff</color>
    <color name="shop_pcp_notify_me">#ffffffff</color>
    <color name="shop_pcp_notify_me_hint">#ffffffff</color>
    <color name="shop_pcp_sku_gray">H7_ACTIONBAR</color>
    <color name="shop_pcp_sku_white">H7_BACKGROUND</color>
    <color name="shop_pcp_tech_specs">#ffffffff</color>
    <color name="shop_pcp_tv_gray">#ffffffff</color>
    <color name="shop_plp_bg">H7_ACTIONBAR</color>
    <color name="shop_protocol_black">#ffffffff</color>
    <color name="shop_review_black">#ffffffff</color>
    <color name="shop_review_grey">#ffffffff</color>
    <color name="shop_success_recommend_item_back">#ffffffff</color>
    <color name="shop_trade_in_previous">#0dffffff</color>
    <color name="shop_trade_in_select_color_solid">H7_ACTIONBAR</color>
    <color name="shop_trade_in_select_color_stroke">#802c2c2c</color>
    <color name="status_bar_background">H7_BACKGROUND</color>
    <color name="tab_background_color">H7_BACKGROUND</color>
    <color name="textColorPrimary">#e6ffffff</color>
    <color name="textColorPrimaryDark">#ffffffff</color>
    <color name="textColorSecondary">#99ffffff</color>
    <color name="textColorTertiary">#66ffffff</color>
    <color name="text_color_1E">#ffe1e1e1</color>
    <color name="text_color_FF1E">#ff7f7f7f</color>
    <color name="text_color_cc000">#ffffffff</color>
    <color name="tied_type_name">#ffffffff</color>
    <color name="title_color">#ffffffff</color>
    <color name="topic_bottom_text_color">#99ffffff</color>
    <color name="tv_black">#ffffffff</color>
    <color name="webview_center_title_color">#ffffffff</color>
    <color name="white">H7_BACKGROUND</color>
    <color name="colorSubBackground">H7_BACKGROUND</color>






    <color name="CS_black">#ffffffff</color>
    <color name="CS_black_60_percent_forum">#ff5c5c5c</color>
    <color name="about_stop">#ffe64548</color>
    <color name="action_bar_grey">H7_ACTIONBAR</color>
    <color name="active_member_bg">H7_ACCENT_COLOR_DISABLED</color>
    <color name="activity_contact_bg">H7_ACTIONBAR</color>
    <color name="auto_line_btn_text_color_normal">#c0ffffff</color>
    <color name="awart_rights_button">#ccffffff</color>
    <color name="awart_rights_card_background">#ff615d5e</color>
    <color name="bg_bookmark_thumbup_banner">H7_ACTIONBAR</color>
    <color name="bg_item_appoint_color">#08ffffff</color>
    <color name="black5unalpha">#1affffff</color>
    <color name="black_10">#19ffffff</color>
    <color name="black_20">#33ffffff</color>
    <color name="black_30">#4dffffff</color>
    <color name="black_38">H7_ACTIONBAR</color>
    <color name="blue_star_tip">H7_ACCENT_COLOR</color>
    <color name="border_black">#1affffff</color>
    <color name="btn_blue">#ff00aaee</color>
    <color name="btn_highlight_bg_text_color_normal">#ffffffff</color>
    <color name="btn_manual">H7_ACCENT_COLOR</color>
    <color name="chat_card_background">H7_ACTIONBAR</color>
    <color name="circle_inner_tip_color">#80ffffff</color>
    <color name="circle_view_inner_color">H7_BACKGROUND</color>
    <color name="circle_view_outter_color">#1affffff</color>
    <color name="color_F1F3F5">H7_ACTIONBAR</color>
    <color name="color_bg_kaiping">#ffffffff</color>
    <color name="color_bg_protocol_middle">H7_ACCENT_COLOR</color>
    <color name="color_bg_protocol_page">H7_BACKGROUND</color>
    <color name="color_dark_000000">#4d000000</color>
    <color name="color_dark_0c000000">#d8ffffff</color>
    <color name="color_dark_33000000">#4cffffff</color>
    <color name="color_dark_333333">#ffdbdbdb</color>
    <color name="color_dark_404040">#ff404040</color>
    <color name="color_dark_4C000000">#4c000000</color>
    <color name="color_dark_4D4D4D">#ffdbdbdb</color>
    <color name="color_dark_808080">#4cffffff</color>
    <color name="color_dark_B0B0B0">#ffb0b0b0</color>
    <color name="color_dark_C8102E">#ffc52740</color>
    <color name="color_dark_CC000000">#4cffffff</color>
    <color name="color_dark_CCCCCC">#99ffffff</color>
    <color name="color_dark_DBDBDB">#ffdbdbdb</color>
    <color name="color_dark_FFFFFF">#4dffffff</color>
    <color name="color_device_card_pic">#ffffffff</color>
    <color name="color_error_bg">#33f7f7f7</color>
    <color name="color_home_device_sub_tab">#dbffffff</color>
    <color name="color_ic_confirm">#ffffffff</color>
    <color name="color_item_service_user_manual_bg">H7_ACTIONBAR</color>
    <color name="color_item_service_user_manual_content">#99ffffff</color>
    <color name="color_item_service_user_manual_title">#dcffffff</color>
    <color name="color_normal_000000">#ccb0b0b0</color>
    <color name="color_normal_4D4D4D">#ffdbdbdb</color>
    <color name="color_normal_808080">#4dffffff</color>
    <color name="color_normal_CC4D4D4D">#4dffffff</color>
    <color name="color_normal_CCCCCC">#66ffffff</color>
    <color name="color_normal_CCCCCCCC">#4dffffff</color>
    <color name="color_notice_delete_icon">#ffe54446</color>
    <color name="color_notice_menu_icon">#ffffffff</color>
    <color name="color_privacy_image_bg">#ffffffff</color>
    <color name="color_privacy_oversea_left">#ffffffff</color>
    <color name="color_privacy_oversea_right">H7_BACKGROUND</color>
    <color name="color_shape_public_searchbar">#1affffff</color>
    <color name="color_smart_background">H7_BACKGROUND</color>
    <color name="color_smart_notify_delete_bg">H7_ACTIONBAR</color>
    <color name="color_text_click_color">H7_ACCENT_COLOR</color>
    <color name="color_title_item_tag">#ffffffff</color>
    <color name="color_tv_protocol">H7_ACCENT_COLOR</color>
    <color name="default_address_bg">H7_ACCENT_COLOR</color>
    <color name="device_center_bg_color">H7_ACTIONBAR</color>
    <color name="device_rights_benefit_bg_color">#1affffff</color>
    <color name="door_service_note_hint">#61ffffff</color>
    <color name="door_service_note_input">#e6ffffff</color>
    <color name="edit_background">#26ffffff</color>
    <color name="edit_bg_color_normal">#26ffffff</color>
    <color name="edit_text_color_normal">#ffffffff</color>
    <color name="edit_text_hint_color_normal">#4dffffff</color>
    <color name="emui_abnormal">#ffba5500</color>
    <color name="emui_accent">H7_ACCENT_COLOR</color>
    <color name="emui_accent_inverse">H7_ACCENT_COLOR</color>
    <color name="emui_accent_pressed">H7_ACCENT_COLOR</color>
    <color name="emui_activated">H7_ACCENT_COLOR</color>
    <color name="emui_activated_end">H7_ACCENT_COLOR</color>
    <color name="emui_activated_start">H7_ACCENT_COLOR</color>
    <color name="emui_appbar_bg">H7_BACKGROUND</color>
    <color name="emui_appbar_icon">#dbffffff</color>
    <color name="emui_appbar_icon_pressed">#dbffffff</color>
    <color name="emui_appbar_subbg">H7_BACKGROUND</color>
    <color name="emui_appbar_subtitle">#99ffffff</color>
    <color name="emui_appbar_title">#dbffffff</color>
    <color name="emui_appbar_title_off">#99ffffff</color>
    <color name="emui_badge_red">#ffd94838</color>
    <color name="emui_black">#ffe6e6e6</color>
    <color name="emui_bottombar_bg">H7_BACKGROUND</color>
    <color name="emui_bottombar_bg_blur">H7_BACKGROUND</color>
    <color name="emui_bottombar_icon_off">#33ffffff</color>
    <color name="emui_bottombar_icon_off_auxcolor_01">#3fffffff</color>
    <color name="emui_bottombar_icon_off_auxcolor_02">#66ffffff</color>
    <color name="emui_bottombar_icon_on">H7_ACCENT_COLOR</color>
    <color name="emui_bottombar_icon_on_auxcolor_02">H7_ACCENT_COLOR_PRESS</color>
    <color name="emui_bottombar_subbg">H7_BACKGROUND</color>
    <color name="emui_bottombar_subbg_blur">H7_BACKGROUND</color>
    <color name="emui_bottombar_text_off">#99ffffff</color>
    <color name="emui_bottombar_text_on">H7_ACCENT_COLOR</color>
    <color name="emui_bottomsheet_bg">H7_ACTIONBAR</color>
    <color name="emui_button_blue">H7_ACCENT_COLOR</color>
    <color name="emui_button_default">#1affffff</color>
    <color name="emui_button_default_disabled">#0affffff</color>
    <color name="emui_card_bg">#ff2e3033</color>
    <color name="emui_card_panel_bg">H7_ACTIONBAR</color>
    <color name="emui_center_color">H7_ACCENT_COLOR</color>
    <color name="emui_clickeffic_default_color">#26ffffff</color>
    <color name="emui_collection_tab_color">#e6ffffff</color>
    <color name="emui_color_1">#ff5f58c7</color>
    <color name="emui_color_10">#ffe08c3a</color>
    <color name="emui_color_11">#ffd1a738</color>
    <color name="emui_color_2">#ff4796c4</color>
    <color name="emui_color_3">#ff5aada0</color>
    <color name="emui_color_4">#ff5ba854</color>
    <color name="emui_color_5">#ff86ad53</color>
    <color name="emui_color_6">#ff8c55c2</color>
    <color name="emui_color_7">#ffd64966</color>
    <color name="emui_color_8">#ffd94838</color>
    <color name="emui_color_9">#ffdb6b42</color>
    <color name="emui_color_badge">H7_ACCENT_COLOR</color>
    <color name="emui_color_bg">H7_BACKGROUND</color>
    <color name="emui_color_connected">#ff5ba854</color>
    <color name="emui_color_divider_horizontal">#33ffffff</color>
    <color name="emui_color_fg">#ffffffff</color>
    <color name="emui_color_fg_1">#ff5550a6</color>
    <color name="emui_color_fg_10">#ff9e7349</color>
    <color name="emui_color_fg_11">#ff997e39</color>
    <color name="emui_color_fg_2">#ff467794</color>
    <color name="emui_color_fg_3">#ff4c7a73</color>
    <color name="emui_color_fg_4">#ff5c8059</color>
    <color name="emui_color_fg_5">#ff6b8052</color>
    <color name="emui_color_fg_6">#ff634794</color>
    <color name="emui_color_fg_7">#ffa14a5c</color>
    <color name="emui_color_fg_8">#ff9c554b</color>
    <color name="emui_color_fg_9">#ff9e644f</color>
    <color name="emui_color_fg_inverse">#ffe5e5e5</color>
    <color name="emui_color_fg_inverse_disable">#ff666666</color>
    <color name="emui_color_fourth">#33ffffff</color>
    <color name="emui_color_gray_2">H7_ACTIONBAR</color>
    <color name="emui_color_gray_3">H7_ACTIONBAR</color>
    <color name="emui_color_gray_4">H7_ACTIONBAR</color>
    <color name="emui_color_gray_5">#4ce6e6e6</color>
    <color name="emui_color_gray_6">#ff666666</color>
    <color name="emui_color_gray_8">#ffb3b3b3</color>
    <color name="emui_color_gray_9">#ffcccccc</color>
    <color name="emui_color_handup">#ffd94838</color>
    <color name="emui_color_primary">#a9ffffff</color>
    <color name="emui_color_progress">#99ffffff</color>
    <color name="emui_color_secondary">#80ffffff</color>
    <color name="emui_color_spinner_icon">#dbffffff</color>
    <color name="emui_color_subbg">H7_BACKGROUND</color>
    <color name="emui_color_subheader_divider">#19ffffff</color>
    <color name="emui_color_tertiary">#61ffffff</color>
    <color name="emui_color_text_highlight">H7_ACCENT_COLOR_DISABLED</color>
    <color name="emui_color_text_primary">#dbffffff</color>
    <color name="emui_color_text_secondary">#99ffffff</color>
    <color name="emui_color_text_tertiary">#66ffffff</color>
    <color name="emui_color_tips_bg">#ff404040</color>
    <color name="emui_color_tooltips_bg">#ff404040</color>
    <color name="emui_color_warning">#ffdb6b42</color>
    <color name="emui_control_focused">H7_ACCENT_COLOR</color>
    <color name="emui_control_focused_outline">H7_ACCENT_COLOR</color>
    <color name="emui_control_highlight">H7_ACCENT_COLOR</color>
    <color name="emui_control_hover">#19ffffff</color>
    <color name="emui_control_normal">#19ffffff</color>
    <color name="emui_control_normal_disabled">#0affffff</color>
    <color name="emui_dialog_bg">H7_ACTIONBAR</color>
    <color name="emui_end_color">H7_ACCENT_COLOR</color>
    <color name="emui_fab_bg_normal">H7_ACCENT_COLOR</color>
    <color name="emui_fab_bg_pressed">#ff4587f7</color>
    <color name="emui_fab_shadow_end">H7_ACCENT_COLOR_DISABLED</color>
    <color name="emui_fab_shadow_start">H7_ACCENT_COLOR_DISABLED</color>
    <color name="emui_focused_color_1">#e5ffffff</color>
    <color name="emui_focused_color_2">#99ffffff</color>
    <color name="emui_focused_color_3">#66ffffff</color>
    <color name="emui_functional_blue">H7_ACCENT_COLOR</color>
    <color name="emui_functional_blue_inverse">H7_ACCENT_COLOR</color>
    <color name="emui_functional_green">#ff007900</color>
    <color name="emui_functional_red">#ffd94838</color>
    <color name="emui_inputbox_bg">#19ffffff</color>
    <color name="emui_inputbox_subbg">#19ffffff</color>
    <color name="emui_mask_light">#99000000</color>
    <color name="emui_mask_regular">#b2000000</color>
    <color name="emui_mask_thick">#e5000000</color>
    <color name="emui_mask_thin">#66000000</color>
    <color name="emui_navigationbar_bg">#e5000000</color>
    <color name="emui_primary">#ffffffff</color>
    <color name="emui_primary_inverse">#ffe5e5e5</color>
    <color name="emui_special_color_1">#ff392f49</color>
    <color name="emui_special_color_11">#ff4a4333</color>
    <color name="emui_special_color_2">#ff343e4a</color>
    <color name="emui_special_color_4">#ff3c4b34</color>
    <color name="emui_special_color_7">#ff443038</color>
    <color name="emui_special_color_9">#ff463630</color>
    <color name="emui_start_color">H7_ACCENT_COLOR</color>
    <color name="emui_subtab_bg">H7_BACKGROUND</color>
    <color name="emui_subtab_line_on">H7_ACCENT_COLOR</color>
    <color name="emui_subtab_text_off">#99ffffff</color>
    <color name="emui_subtab_text_on">H7_ACCENT_COLOR</color>
    <color name="emui_switch_bg_off">#33000000</color>
    <color name="emui_switch_outline_off">#66ffffff</color>
    <color name="emui_text_disabled">#66ffffff</color>
    <color name="emui_text_highlight_inverse">H7_ACCENT_COLOR_DISABLED</color>
    <color name="emui_text_hint">#99ffffff</color>
    <color name="emui_text_primary">#ffffffff</color>
    <color name="emui_text_primary_inverse">#ffe5e5e5</color>
    <color name="emui_textedit_cursor">H7_ACCENT_COLOR</color>
    <color name="emui_toolbar_bg">H7_BACKGROUND</color>
    <color name="emui_toolbar_icon">#dbffffff</color>
    <color name="emui_toolbar_icon_actived">H7_ACCENT_COLOR</color>
    <color name="emui_toolbar_subbg">H7_BACKGROUND</color>
    <color name="emui_toolbar_text">#dbffffff</color>
    <color name="emui_toolbar_text_actived">H7_ACCENT_COLOR</color>
    <color name="emui_white">#ffe6e6e6</color>
    <color name="emui_white_site">H7_ACTIONBAR</color>
    <color name="error_notice_view_background">#ff3c2222</color>
    <color name="faq_emui_accent">H7_ACCENT_COLOR</color>
    <color name="faq_emui_color_gray_10">@color/emui_color_gray_2</color>
    <color name="faq_emui_color_gray_5">#4ce6e6e6</color>
    <color name="faq_emui_white">#ffe6e6e6</color>
    <color name="faq_emui_white_bg">H7_BACKGROUND</color>
    <color name="faq_sdk_action_bar_grey">H7_ACTIONBAR</color>
    <color name="faq_sdk_btn_blue">H7_ACCENT_COLOR</color>
    <color name="faq_sdk_category_menu_bg">H7_ACTIONBAR</color>
    <color name="faq_sdk_grid_divider_color">#33e6e6e6</color>
    <color name="faq_sdk_label_assist_text_color_normal">#80e6e6e6</color>
    <color name="faq_sdk_label_highlight_text_color_normal">H7_ACCENT_COLOR</color>
    <color name="faq_sdk_label_text_color_normal">#ffe6e6e6</color>
    <color name="faq_sdk_list_divider_color">#33e6e6e6</color>
    <color name="faq_sdk_list_item_hint_text_color_normal">#4de6e6e6</color>
    <color name="faq_sdk_list_item_selector_color">#19ffffff</color>
    <color name="faq_sdk_list_item_title_text_color_normal">#ffe6e6e6</color>
    <color name="faq_sdk_notice_view_background">H7_BACKGROUND</color>
    <color name="faq_sdk_notice_view_default_text_color">#80e6e6e6</color>
    <color name="faq_sdk_notice_view_pad_background">H7_BACKGROUND</color>
    <color name="faq_sdk_online_them">H7_BACKGROUND</color>
    <color name="faq_sdk_search_bg">#19ffffff</color>
    <color name="faq_sdk_section_background_color_normal">#14ffffff</color>
    <color name="faq_sdk_section_sub_title_text_color_normal">#80e6e6e6</color>
    <color name="faq_sdk_share_bg">H7_ACTIONBAR</color>
    <color name="fault_battery_icon">#ff7d8a7c</color>
    <color name="fault_camare_icon">#ff8f8e75</color>
    <color name="fault_connect_icon">#ff828b6f</color>
    <color name="fault_contact_icon">#ff908874</color>
    <color name="fault_icon">#ffffffff</color>
    <color name="fault_network_icon">#ff866f7b</color>
    <color name="fault_other_icon">#ff826e6e</color>
    <color name="fault_perform_icon">#ff76888b</color>
    <color name="fault_screen_icon">#ff768290</color>
    <color name="fault_software_icon">#ff817e8e</color>
    <color name="feedback_sdk_action_bar_grey">H7_ACTIONBAR</color>
    <color name="feedback_sdk_common_black_20">#33ffffff</color>
    <color name="feedback_sdk_common_black_30">#4de6e6e6</color>
    <color name="feedback_sdk_common_black_40">#66ffffff</color>
    <color name="feedback_sdk_common_black_50">#80e6e6e6</color>
    <color name="feedback_sdk_common_btn_blue">#ff00aaee</color>
    <color name="feedback_sdk_grid_divider_color">#33e6e6e6</color>
    <color name="feedback_sdk_label_assist_text_color_normal">#80e6e6e6</color>
    <color name="feedback_sdk_label_text_color_normal">#ffe6e6e6</color>
    <color name="feedback_sdk_list_item_hint_text_color_normal">#4de6e6e6</color>
    <color name="feedback_sdk_moreservice_choose_text_color">#80e6e6e6</color>
    <color name="feedback_sdk_moreservice_text_color">#ffe6e6e6</color>
    <color name="feedback_sdk_notice_view_background">H7_BACKGROUND</color>
    <color name="feedback_sdk_notice_view_default_text_color">#80e6e6e6</color>
    <color name="feedback_sdk_notice_view_pad_background">H7_BACKGROUND</color>
    <color name="feedback_sdk_problem_common_type_info_phone">#ff747474</color>
    <color name="feedback_sdk_problem_photo_bg">H7_ACTIONBAR</color>
    <color name="feedback_sdk_problem_question_info_bg">H7_ACTIONBAR</color>
    <color name="feedback_sdk_problem_question_info_or_phone_hint">#ff606060</color>
    <color name="feedback_sdk_problem_question_info_or_phone_text">#ffffffff</color>
    <color name="feedback_sdk_problem_question_number">#ff676767</color>
    <color name="feedback_sdk_problem_recycle_normol_question_type_bg">#33ffffff</color>
    <color name="feedback_sdk_problem_recycle_select_question_type">#ffe6e6e6</color>
    <color name="feedback_sdk_problem_recycle_select_question_type_bg">#ff07507d</color>
    <color name="feedback_sdk_problem_select_question_type">#ffe6e6e6</color>
    <color name="feedback_sdk_problem_submit_normol_bg">#ff04324c</color>
    <color name="feedback_sdk_problem_submit_select_bg">#ff0e9ffc</color>
    <color name="feedback_sdk_problem_submit_text">#ff4f7083</color>
    <color name="feedback_sdk_tab_slider_bg_color_selected">H7_ACCENT_COLOR</color>
    <color name="feedback_sdk_tab_slider_bg_color_selected_50">H7_ACCENT_COLOR_PRESS</color>
    <color name="feedback_sdk_text_normal_black">#99ffffff</color>
    <color name="feedback_sdk_text_normal_black_50">#66ffffff</color>
    <color name="feedback_tab_text_color_selected_20">H7_ACCENT_COLOR_DISABLED</color>
    <color name="feedback_toggle_item_bg_color">#19ffffff</color>
    <color name="function_evaluate_bg">H7_ACTIONBAR</color>
    <color name="grid_item_title_text_color_normal">#ffffffff</color>
    <color name="home_bottom_tab_nor">#ffffffff</color>
    <color name="home_bottom_tab_sel">H7_ACCENT_COLOR</color>
    <color name="hotline_item_bg">H7_ACTIONBAR</color>
    <color name="hw_dialog_title_color">#99ffffff</color>
    <color name="hw_level_title_bg">H7_ACTIONBAR</color>
    <color name="hw_level_title_value_color">#61ffffff</color>
    <color name="hw_theme_value">#ffe6e6e6</color>
    <color name="hw_with_you_item_subtitle">#99ffffff</color>
    <color name="hw_with_you_item_title">#dcffffff</color>
    <color name="hwadvancedcardview_Shadow_Color_light">H7_BACKGROUND</color>
    <color name="hwalphaindexerlistview_label_shadow_color">H7_BACKGROUND</color>
    <color name="hwalphaindexerlistview_text_bg_color">H7_ACCENT_COLOR_DISABLED</color>
    <color name="hwbottomnavigationview_blur_color">H7_ACTIONBAR</color>
    <color name="hwbottomnavigationview_message_bg">#ffd30003</color>
    <color name="hwbubblelayout_shadow_color_light">H7_BACKGROUND</color>
    <color name="hwbutton_color_emui_accent_disable">H7_ACCENT_COLOR_DISABLED</color>
    <color name="hwbutton_color_fg_inverse_disable">#ff616161</color>
    <color name="hwbutton_default_pressed_color_layer">#19ffffff</color>
    <color name="hwbutton_emphasize_pressed_color_layer">#19ffffff</color>
    <color name="hwbutton_functional_blue_disable">H7_ACCENT_COLOR_DISABLED</color>
    <color name="hwcardview_text_color_primary_activated">H7_ACCENT_COLOR</color>
    <color name="hwdivider_horizontal_color_emui">#33ffffff</color>
    <color name="hwdownload_button_text_emphasize_color">#d8ffffff</color>
    <color name="hwdownload_button_text_emphasize_disabled">#41ffffff</color>
    <color name="hwdownload_click_effect_color">#19ffffff</color>
    <color name="hwdownload_color">H7_ACCENT_COLOR</color>
    <color name="hwgrade_card_sub_color">#99ffffff</color>
    <color name="hwlistpattern_swipe_bg">#1affffff</color>
    <color name="hwprogressbutton_text_emphasize_color">#d8ffffff</color>
    <color name="hwprogressbutton_text_emphasize_disabled">#41ffffff</color>
    <color name="hwprogressindicator_background_color">#19ffffff</color>
    <color name="hwprogressindicator_bar_begin_color">#ff72a4d9</color>
    <color name="hwprogressindicator_bar_end_color">H7_ACCENT_COLOR</color>
    <color name="hwprogressindicator_waiting_begin_color">#006591bf</color>
    <color name="hwprogressindicator_waiting_end_color">H7_ACCENT_COLOR</color>
    <color name="hwscrollbarview_thumb">#66ffffff</color>
    <color name="hwsearchview_color_plate_bg">#19ffffff</color>
    <color name="hwsearchview_color_plate_bg_click">#33ffffff</color>
    <color name="hwseekbar_scale_color">#33ffffff</color>
    <color name="hwseekbar_step_text">#80ffffff</color>
    <color name="hwspinner_item_disabled">#66ffffff</color>
    <color name="hwspinner_list_shadow_color">H7_BACKGROUND</color>
    <color name="hwswitch_off_track_bg">#ff616161</color>
    <color name="hwswitch_thumb_disable">#ff616161</color>
    <color name="ic_icon_default_svg_color">#ffb8b8b8</color>
    <color name="ic_icon_default_svg_color_device">#99ffffff</color>
    <color name="ic_icon_like_public_svg">#ffa8a8a8</color>
    <color name="ic_wisdom_scene_replace_pic_color">#ffffffff</color>
    <color name="icon_delect_smart_notify_color">#ffffffff</color>
    <color name="icon_delect_smart_notify_mark_color">#ffa8a8a8</color>
    <color name="icon_delelte_message_color">#ffe54446</color>
    <color name="icon_smart_push_color">#ff008289</color>
    <color name="image_view_cover_color_normal">#0dffffff</color>
    <color name="input_sn_error_tips">#ffd30003</color>
    <color name="label_assist_text_color_normal">#80ffffff</color>
    <color name="label_bg">H7_ACCENT_COLOR_DISABLED</color>
    <color name="label_highlight_text_color_normal">H7_ACCENT_COLOR</color>
    <color name="label_highlight_text_color_normal_one">H7_ACCENT_COLOR</color>
    <color name="label_highlight_text_color_pressed">H7_ACCENT_COLOR</color>
    <color name="label_hint_text_color_normal">#33ffffff</color>
    <color name="label_text_color_normal">#ffe6e6e6</color>
    <color name="launch_hauwei_logo">#ffffffff</color>
    <color name="level_relegation_progress_end">#ffeb933d</color>
    <color name="level_relegation_progress_start">#ffd1a738</color>
    <color name="level_upgrade_progress_end">H7_ACCENT_COLOR</color>
    <color name="level_upgrade_progress_start">#ff72a4d9</color>
    <color name="light_border_divider_color">#33ffffff</color>
    <color name="list_item_card_color">H7_ACTIONBAR</color>
    <color name="list_item_content_text_color_normal">#80ffffff</color>
    <color name="list_item_hint_text_color_normal">#4de6e6e6</color>
    <color name="list_item_selector_color">#19ffffff</color>
    <color name="list_item_title_text_color_normal">#99ffffff</color>
    <color name="local_device">H7_ACCENT_COLOR</color>
    <color name="logo_background">H7_BACKGROUND</color>
    <color name="logo_endcolor">H7_ACCENT_COLOR_DISABLED</color>
    <color name="logo_startcolor">H7_ACCENT_COLOR_DISABLED</color>
    <color name="mc_10_black">#1affffff</color>
    <color name="mc_90_black">#dbffffff</color>
    <color name="mc_black">#ffffffff</color>
    <color name="mc_black_19">#ffe6e6e6</color>
    <color name="mc_black_19_30">#4de6e6e6</color>
    <color name="mc_black_19_50">#80e6e6e6</color>
    <color name="mc_black_20">#33ffffff</color>
    <color name="mc_black_50_dark">#7fffffff</color>
    <color name="mc_black_61">#80ffffff</color>
    <color name="mc_card_bg">H7_ACTIONBAR</color>
    <color name="mc_color_black">#ffe6e6e6</color>
    <color name="mc_color_black_80">#80ffffff</color>
    <color name="mc_color_toast_bg">H7_ACTIONBAR</color>
    <color name="mc_color_toast_textColor">#ffa1a1a1</color>
    <color name="mc_color_white">H7_BACKGROUND</color>
    <color name="mc_dark_80">#80e6e6e6</color>
    <color name="mc_default_privilege_textColor">#99ffffff</color>
    <color name="mc_dialog_button_color">H7_ACCENT_COLOR</color>
    <color name="mc_dialog_custom_bg">H7_ACTIONBAR</color>
    <color name="mc_dialog_divider">#33ffffff</color>
    <color name="mc_dialog_text_color">#a8ffffff</color>
    <color name="mc_energy_60_black">#80ffffff</color>
    <color name="mc_energy_90_black">#a8ffffff</color>
    <color name="mc_energy_desc_text">#80ffffff</color>
    <color name="mc_energy_title_white">#a8ffffff</color>
    <color name="mc_gallery_edit">#ffffffff</color>
    <color name="mc_gray_80">#ffe6e6e6</color>
    <color name="mc_medal_black">#fffefefe</color>
    <color name="mc_medal_share_dialog_bg">H7_ACTIONBAR</color>
    <color name="mc_medal_white_bg">H7_ACTIONBAR</color>
    <color name="mc_mine_head_item_bg">#66ffffff</color>
    <color name="mc_personal_center_bg">#ff111111</color>
    <color name="mc_personal_privilege_icon">#99ffffff</color>
    <color name="mc_pic_placeholder_gray">#ff3d3d3d</color>
    <color name="mc_popup_window_bg">H7_ACTIONBAR</color>
    <color name="mc_popup_window_click_bg">#ff3d3d3d</color>
    <color name="mc_privilege_item_color">#99ffffff</color>
    <color name="mc_property_name_color">#99ffffff</color>
    <color name="mc_property_value_color">#dbffffff</color>
    <color name="mc_relegation_percent_color">#ffeb933d</color>
    <color name="mc_statusbar_transparent">#00000000</color>
    <color name="mc_transpaent">#00ffffff</color>
    <color name="mc_upgrade_percent_color">H7_ACCENT_COLOR</color>
    <color name="mc_vote_bg">H7_ACTIONBAR</color>
    <color name="mc_white_30">#99ffffff</color>
    <color name="member_bg_color_end">H7_ACTIONBAR</color>
    <color name="member_bg_color_start">H7_ACTIONBAR</color>
    <color name="member_growth_3">H7_ACCENT_COLOR</color>
    <color name="member_growth_circle_color">#26ffffff</color>
    <color name="member_growth_vertical_line_color">#ffffffff</color>
    <color name="modify_or_cancel_bg">H7_ACTIONBAR</color>
    <color name="module_base_grid_divider_color">#26ffffff</color>
    <color name="module_base_label_text_color_normal">#99ffffff</color>
    <color name="module_base_label_text_color_normal_30">#4de6e6e6</color>
    <color name="module_base_label_text_color_normal_50">#66ffffff</color>
    <color name="module_base_label_text_color_normal_70">#bce6e6e6</color>
    <color name="module_base_list_divider_color">#33ffffff</color>
    <color name="module_base_section_background_color">#0dffffff</color>
    <color name="module_base_section_divider_color">#26ffffff</color>
    <color name="my_device__item_disable_color">H7_ACTIONBAR</color>
    <color name="my_device_color">#ffe08c3a</color>
    <color name="myhuawei_card_backcolor">#ff404040</color>
    <color name="myhuawei_net_error_back">H7_BACKGROUND</color>
    <color name="myhuawei_shop_search_back">#ff2c2a2a</color>
    <color name="myhuawei_swipe_color">H7_BACKGROUND</color>
    <color name="navigation_bg">H7_ACTIONBAR</color>
    <color name="normal_icon_color_black">#99ffffff</color>
    <color name="normal_icon_color_grey_light">#ff616161</color>
    <color name="normal_icon_color_white">#ffa8a8a8</color>
    <color name="notice_btn_blue">H7_ACCENT_COLOR</color>
    <color name="notice_view_color_filter">#99ffffff</color>
    <color name="oversea_home_bottom_tab_sel">#e6ffffff</color>
    <color name="pad_window_background">H7_BACKGROUND</color>
    <color name="page_background_color">H7_ACTIONBAR</color>
    <color name="paragraph_assist_text_color_normal">#99ffffff</color>
    <color name="paragraph_highlight_text_color_normal">H7_ACCENT_COLOR</color>
    <color name="paragraph_text_color_normal">#ffffffff</color>
    <color name="pop_bg_color">H7_ACTIONBAR</color>
    <color name="privacy_txt_color">#99ffffff</color>
    <color name="rd_hsm_widget_circleview_startcolor">H7_ACCENT_COLOR</color>
    <color name="rd_main_scren_circle_background">#ff999999</color>
    <color name="rd_main_scren_circle_degree_background">#9effffff</color>
    <color name="rd_main_scren_progress_circle_color">#ff999999</color>
    <color name="rd_progress_text_blue">#ffad82ff</color>
    <color name="recommend_default">H7_ACTIONBAR</color>
    <color name="red">#ffff0000</color>
    <color name="search_view_text_hint_color_normal">#66ffffff</color>
    <color name="section_assist_text_color_normal">#80e6e6e6</color>
    <color name="section_title_text_color_normal">#99ffffff</color>
    <color name="select_solution_secondary">#ffffffff</color>
    <color name="setting_space_bg">H7_ACTIONBAR</color>
    <color name="share_dialog_bg_color">H7_ACTIONBAR</color>
    <color name="shop_cn_black">#ffffffff</color>
    <color name="shop_color_86FFFFFF">#86ffffff</color>
    <color name="shop_color_99000000">#99ffffff</color>
    <color name="shop_color_e6000000">#dbffffff</color>
    <color name="shop_grid_all_categories_style">#ff027dff</color>
    <color name="shop_pcp_tech">#ffffffff</color>
    <color name="shop_pcp_text_default_color">#ffffffff</color>
    <color name="shop_pcp_tv_selected">#ffffffff</color>
    <color name="shop_shape_promotion_tip_bg">#ffffffff</color>
    <color name="shop_store_background">H7_BACKGROUND</color>
    <color name="signal_gray">#1affffff</color>
    <color name="signal_green">#b300be8c</color>
    <color name="signal_yellow">#ffba5500</color>
    <color name="signal_yellow_new">#ffdb6b42</color>
    <color name="signal_yellow_new_card">#1adb6b42</color>
    <color name="sliding_tab_bg_color_normal">#33ffffff</color>
    <color name="sliding_tab_bg_color_selected">H7_ACCENT_COLOR</color>
    <color name="start_location">#99ffffff</color>
    <color name="status_color">#99ffffff</color>
    <color name="sub_tab_text_color_selected">H7_ACCENT_COLOR</color>
    <color name="switch_track_off_bg_emui">#66ffffff</color>
    <color name="tab_slider_bg_color_selected">H7_ACCENT_COLOR</color>
    <color name="tab_text_color_selected_20">H7_ACCENT_COLOR_DISABLED</color>
    <color name="tab_text_imm_color_normal">#ffffffff</color>
    <color name="text_color_activated">H7_ACCENT_COLOR</color>
    <color name="text_color_selected">H7_ACCENT_COLOR</color>
    <color name="text_normal_white">H7_ACTIONBAR</color>
    <color name="thin_divider_color">#4dffffff</color>
    <color name="toggle_item_bg_color">#19ffffff</color>
    <color name="upsdk_color_gray_1">H7_ACTIONBAR</color>
    <color name="upsdk_color_gray_10">#ffe6e6e6</color>
    <color name="url_text_color_normal">H7_ACCENT_COLOR</color>
    <color name="video_camera_icon_color">#33ffffff</color>
    <color name="window_background">H7_BACKGROUND</color>
    <color name="emui_white_bg">H7_BACKGROUND</color>
    <color name="hwspinner_list_selector_bg_focused_emui">H7_ACCENT_COLOR_DISABLED</color>

	
	
	
	
	
	
</resources>