<?xml version="1.0" encoding="UTF-8"?><resources>
	<color name="emui_gray_4">H7_ACTIONBAR</color>
   <color name="hwtoolbar_menu_clicked_emui">H7_ACCENT_COLOR</color>
   <color name="hwtoolbar_splitbackground">H7_ACTIONBAR</color>
	<color name="hwtoolbar_background">H7_ACTIONBAR</color>
   <color name="hidisk_white">H7_BACKGROUND_TWO</color>
   <color name="select">H7_ACCENT_COLOR</color>
   <color name="hidisk_help_paper_background">H7_ACTIONBAR</color>
   <color name="hidisk_color_default_point">H7_BACKGROUND_TWO</color>
   <color name="hicloud_section_color">H7_ACTIONBAR</color>
   <color name="hicloud_bg_color_border">H7_ACTIONBAR</color>
   <color name="hicloud_bg_color_dark">H7_ACTIONBAR</color>
   <color name="hidisk_color_storage_detail_background">H7_ACTIONBAR</color>
   <color name="hidisk_policy_textview_normal">H7_ACCENT_COLOR</color>
   <color name="hidisk_color_search_online">H7_ACCENT_COLOR</color>
   
 
   	<color name="hwtoolbar_splitbackground_translucent">H7_BACKGROUND_TWO</color>
	<color name="hwtoolbar_background_translucent">H7_BACKGROUND_TWO</color>
	<color name="hidisk_default_background">H7_BACKGROUND_TWO</color>
	<color name="hidisk_color_about_backgroud">H7_BACKGROUND_TWO</color>
	<color name="hicloud_activity_bg">H7_BACKGROUND_TWO</color>
	<color name="bg_color_light">H7_BACKGROUND_TWO</color>
	<color name="color_loading_bottom_view_bg">H7_BACKGROUND_TWO</color>
	<drawable name="list_item_bg">H7_BACKGROUND_TWO</drawable>
	<drawable name="list_header_bg">H7_BACKGROUND_TWO</drawable>
	<drawable name="activity_bg">H7_BACKGROUND_TWO</drawable>
	<color name="medium_row_default_bg">H7_BACKGROUND_TWO</color>
	<color name="all_background_color">H7_BACKGROUND_TWO</color>
	<color name="list_divider_color">H7_BACKGROUND_TWO</color>
	<color name="feedback_transparent">H7_BACKGROUND_TWO</color>
	<color name="feedback_divideline">H7_BACKGROUND_TWO</color>
	<color name="emui_white_bg">H7_BACKGROUND_TWO</color>
	<color name="default_background">H7_BACKGROUND_TWO</color>
	<color name="color_about_backgroud">H7_BACKGROUND_TWO</color>
	<color name="activity_bg">H7_BACKGROUND_TWO</color>
	<color name="bg_color_light">H7_BACKGROUND_TWO</color>
	<color name="color_loading_bottom_view_bg">H7_BACKGROUND_TWO</color>
	<drawable name="list_item_bg">H7_BACKGROUND_TWO</drawable>
	<drawable name="activity_bg">H7_BACKGROUND_TWO</drawable>
	<color name="medium_row_default_bg">H7_BACKGROUND_TWO</color>
	<color name="all_background_color">H7_BACKGROUND_TWO</color>
	<color name="feedback_transparent">H7_BACKGROUND_TWO</color>
	<color name="feedback_divideline">H7_BACKGROUND_TWO</color>
	<color name="emui_white_bg">H7_BACKGROUND_TWO</color>
	<color name="hidisk_default_background">H7_BACKGROUND_TWO</color>
	<color name="hidisk_btn_lock_bgcolor">H7_BACKGROUND_TWO</color>
	<color name="hidisk_color_about_backgroud">H7_BACKGROUND_TWO</color>
	<color name="hicloud_activity_bg">H7_BACKGROUND_TWO</color>
	<color name="color_loading_bottom_view_bg">H7_BACKGROUND_TWO</color>
	<drawable name="list_item_bg">H7_BACKGROUND_TWO</drawable>
	<drawable name="activity_bg">H7_BACKGROUND_TWO</drawable>
	<color name="medium_row_default_bg">H7_BACKGROUND_TWO</color>
	<color name="all_background_color">H7_BACKGROUND_TWO</color>
	<color name="feedback_transparent">H7_BACKGROUND_TWO</color>
	<color name="feedback_divideline">H7_BACKGROUND_TWO</color>
	<color name="emui_white_bg">H7_BACKGROUND_TWO</color>
	<color name="CS_background">H7_BACKGROUND_TWO</color>
	<color name="emui10_colorBackground">H7_BACKGROUND_TWO</color>
	<color name="mc_trans_white">H7_BACKGROUND_TWO</color>
	<color name="emui_color_bg">H7_BACKGROUND_TWO</color>
   

   <!--TEN-->
   
   
   
   <!--蓝色title文字颜色 -->
   <color name="title_text_color">H7_ACCENT_COLOR</color>
   <!--title文字下方分割线颜色 -->
   <color name="title_divider_line">H7_ACCENT_COLOR</color>
   <color name="top_bar_bg_white">H7_ACTIONBAR</color>
   <!--超链接的颜色 -->
   <color name="hidisk_autolink_color">H7_ACCENT_COLOR</color>
   <color name="blue_emui5_text">H7_ACCENT_COLOR</color>
   <!-- clone -->
   <!-- 列表item按下去和选中状态的颜色值 -->
   <!-- 网格点击色 -->
   <!-- 蓝色title文字颜色 -->
   <!-- 以下为手机克隆添加的 -->
   <color name="black_3">H7_ACTIONBAR</color>
   <!-- 超链接的颜色 -->
   <!-- 功能介绍界面详情介绍字体颜色 -->
   <color name="blue_text_color">H7_ACCENT_COLOR</color>
   <!-- 备份管理界面介质选择颜色 -->
   <!-- EMUI 4.0 小面积雅兰色 -->
   <!-- qrcode -->
   <color name="viewfinder_mask">H7_BACKGROUND_TWO</color>
   <!--<color name="viewfinder_frame">#ff00c0ff</color> -->
   <color name="clone_choose_type">H7_ACTIONBAR</color>
   <color name="text_color">H7_ACCENT_COLOR</color>
   <color name="hidisk_color_category_storage_layout_bg">H7_ACTIONBAR</color>
   <color name="tab_unselected_text_color">H7_ACCENT_COLOR</color>
   <color name="attention_color_30">H7_ACCENT_COLOR_PRESS</color>
   <!-- feedback dark theme-->
   <color name="feedback_blue">H7_ACCENT_COLOR</color>
   <color name="feedback_title_bar_unnormal_color">H7_ACTIONBAR</color>
   <!--     30% -->
   <color name="feedback_highlight_color_old">H7_ACCENT_COLOR</color>
   <color name="feedback_highlight_color">H7_ACCENT_COLOR</color>
   <!-- 20%透明度 -->
   <color name="feedback_highlight_color_disable">H7_ACCENT_COLOR_PRESS</color>
   <color name="feedback_blue_disable">H7_ACCENT_COLOR_DISABLED</color>
   <color name="feedback_smarthelper_user_textview_bg">H7_ACCENT_COLOR</color>
   <!-- 多主题适配 -->
   <!-- 下载进度文字颜色 -->
   <color name="hidisk_color_download_progress_widget_background_solid">H7_ACCENT_COLOR_PRESS</color>
   <color name="hidisk_color_download_progress_widget_background">H7_ACCENT_COLOR</color>
   <color name="hidisk_color_download_progress_widget_background_stroke">H7_ACCENT_COLOR</color>
   <color name="hidisk_color_download_progress_widget_secondaryprogress_solid">H7_BACKGROUND_TWO</color>
   <color name="hidisk_color_download_progress_widget_secondaryprogress_stroke">H7_ACCENT_COLOR</color>
   <color name="hidisk_color_download_progress_widget_progress_solid">H7_ACCENT_COLOR_PRESS</color>
   <!-- ffffff 20% -->
   <!-- ffffff 20% -->
   <!-- 升级SDK -->
   <!-- emui9.0深色主题适配 -->
   <color name="emui_accent">H7_ACCENT_COLOR</color>
   <color name="emui_color_gray_4">H7_ACTIONBAR</color>
   <color name="emui_color_gray_3">H7_ACTIONBAR</color>
   <color name="emui_color_gray_1">H7_ACTIONBAR</color>
   <!--9.0分割线色值-->
   <!--9.0列表条目点击色值-->
   <!--actionbar背景色-->
   <color name="hidisk_action_bar_bg_white">H7_ACTIONBAR</color>
   <color name="hidisk_action_bar_bg_gray">H7_ACTIONBAR</color>
   <!--navigationbar背景色-->
   <color name="hidisk_navigation_bar_bg_white">H7_ACTIONBAR</color>
   <color name="hidisk_navigation_bar_bg_gray">H7_ACTIONBAR</color>
   <!--8.0actionbar背景色-->
   <color name="hidisk_action_bar_bg_white_8_0">H7_ACTIONBAR</color>
   <color name="hidisk_action_bar_bg_gray_8_0">H7_ACTIONBAR</color>
	<!-- subtab背景 -->
   <color name="hidisk_sub_tab_bg">H7_ACTIONBAR</color>
   <!-- HwEdittext hint字体颜色 -->
   <!-- 压缩dialog 还原压缩文件中默认字体颜色 -->
	 <!-- 饼图的按压 -->
	 <!--最近更多的按压效果 -->
	<!--最近分隔条效果 -->
   <color name="hidisk_list_line_bg">H7_ACTIONBAR</color>
   <!--饼图正常状态颜色效果 -->
   <color name="hidisk_color_windowtitle_text">H7_BACKGROUND_TWO</color>
<!--分类饼状图的颜色-->
<!-- 云空间正常的颜色 -->
<!-- 云空间将满，已满的颜色 -->
<!--搜索出字体高亮颜色效果 -->
<color name="hidisk_search_hight_light_color">H7_ACCENT_COLOR</color>
<!-- 搜索光标的颜色-->
   <color name="hidisk_search_cursor_color">H7_ACCENT_COLOR</color>
   <color name="hidisk_search_cursor_color_8">H7_ACCENT_COLOR</color>
   <!--外部程序跳转文件管理器选择文件的actionbar title的颜色-->
<color name="hidisk_color_about_stongbox">H7_ACTIONBAR</color>
<!--HwSwitch Colors-->
<color name="hwswitch_on_disable_dark_emui">H7_ACCENT_COLOR_PRESS</color>
<color name="hwswitch_off_disable_dark_emui">H7_BACKGROUND_TWO</color>
<color name="hwswitch_accent_emui">H7_ACCENT_COLOR</color>
<color name="hwswitch_accent_on_dark_emui">H7_ACCENT_COLOR</color>
<!--HwEdittext的颜色适配-->
<!-- 9.0异常背景色 -->
<!-- 升级云存储空间点击效果颜色-->
 <!-- 文件管理navigation颜色-->
<color name="hwbottomnavigationview_bg">H7_ACTIONBAR</color>
<!-- 升级云存储空间描边颜色-->
<!-- hwdownloadbar颜色适配-->
<color name="hwdownload_color">H7_ACCENT_COLOR</color>//使用了HwDownLoadWidget的需要
//使用了HwDownLoadWidget的需要
//使用了HwDownLoadWidget的t需要
<!--hwcheckbox-->
<color name="hwcheckbox_off_mask">H7_BACKGROUND_TWO</color>
<color name="accent_on_disable_dark_emui">H7_ACCENT_COLOR_PRESS</color>
<color name="hwcheckbox_accent_on_dark_emui">H7_ACCENT_COLOR</color>
<!-- EMUI Secondary Colors hwresource-->
   <!--HwSpinner Colors-->
   <color name="hwspinner_dropdown_item_default_dark">H7_BACKGROUND_TWO</color>
   <color name="hwspinner_dropdown_item_pressed_dark">H7_BACKGROUND_TWO</color>
   <color name="hwspinner_dropdown_item_disabled_dark">H7_BACKGROUND_TWO</color>
   <color name="hwspinner_accent_emui_dark">H7_ACCENT_COLOR</color>
   <color name="hwspinner_accent_emui_emphasize_disabled">H7_ACCENT_COLOR_PRESS</color>
   <color name="hwspinner_accent_emui_emphasize">H7_ACCENT_COLOR</color>
   <!--深色主题是30%透明度-->
   <color name="white">H7_BACKGROUND_TWO</color>
   <color name="select">H7_ACCENT_COLOR</color>
   <!-- 下载管理 -->
   <!-- 应用管理 -->
   <!-- 通讯录 -->
   <!--搜索结果分割线  add by zys 20150717 end-->
   <!-- HAP5.2 默认背景  add by huangjunjun KF62407 2011-12-16 -->
   <!-- add by jiayunan jkf65707 20120109 end -->
   <!-- 
   <color name="list_item_bg_selected">H7_ACCENT_COLOR_DISABLED</color>
     -->
   <!-- 文件 管理器   add by huangjunjun KF62407 -->
   <!-- DTS2011092601365 shaodeqing 20110926 begin -->
   <color name="help_paper_background">H7_ACTIONBAR</color>
   <!--UX检视使用FF3320<color name="hw_control_warn_red">#ffd43e25</color> -->
   <!-- A light Holo shade of blue -->
   <!--超链接的颜色 -->
   <color name="autolink_color">H7_ACCENT_COLOR</color>
   <color name="color_current_point">H7_ACCENT_COLOR</color>
   <color name="color_default_point">H7_BACKGROUND_TWO</color>
   <!--  圆环分类的颜色 -->
   <color name="section_color">H7_ACTIONBAR</color>
   <color name="color_path_navi_control_Layout">H7_ACTIONBAR</color>
   <!--<color name="color_black_alpha_50">#ffffff</color> -->
   <color name="bg_color_border">H7_ACTIONBAR</color>
   <color name="bg_color_dark">H7_ACTIONBAR</color>
   <color name="color_storage_detail_background">H7_ACTIONBAR</color>
   <color name="policy_textview_normal">H7_ACCENT_COLOR</color>
   <color name="color_search_online">H7_ACCENT_COLOR</color>
   <!-- 搜索框输入框色值 -->
   <!-- 删除红色字体 -->
   <!-- 列表item按下去颜色值 -->
   <drawable name="list_header_bg">H7_ACTIONBAR</drawable>
   <!--列表item选中状态的颜色值  -->
   <!--蓝色title文字颜色 -->
   <color name="title_text_color">H7_ACCENT_COLOR</color>
   <!--title文字下方分割线颜色 -->
   <color name="title_divider_line">H7_ACCENT_COLOR</color>
   <color name="top_bar_bg_white">H7_ACTIONBAR</color>
   <!--超链接的颜色 -->
   <color name="autolink_color">H7_ACCENT_COLOR</color>
   <color name="blue_emui5_text">H7_ACCENT_COLOR</color>
   <!-- clone -->
   <!-- 列表item按下去和选中状态的颜色值 -->
   <!-- 网格点击色 -->
   <!-- 蓝色title文字颜色 -->
   <!-- 以下为手机克隆添加的 -->
   <color name="black_3">H7_ACTIONBAR</color>
   <!-- 超链接的颜色 -->
   <!-- 功能介绍界面详情介绍字体颜色 -->
   <color name="blue_text_color">H7_ACCENT_COLOR</color>
   <!-- 备份管理界面介质选择颜色 -->
   <!-- EMUI 4.0 小面积雅兰色 -->
   <!-- qrcode -->
   <color name="viewfinder_mask">H7_BACKGROUND_TWO</color>
   <!--<color name="viewfinder_frame">#ff00c0ff</color> -->
   <color name="clone_choose_type">H7_ACTIONBAR</color>
   <color name="text_color">H7_ACCENT_COLOR</color>
   <color name="color_category_storage_layout_bg">H7_ACTIONBAR</color>
   <color name="tab_unselected_text_color">H7_ACCENT_COLOR</color>
   <color name="attention_color_30">H7_ACCENT_COLOR_PRESS</color>
   <!-- feedback dark theme-->
   <color name="feedback_blue">H7_ACCENT_COLOR</color>
   <!--     30% -->
   <color name="feedback_highlight_color_old">H7_ACCENT_COLOR</color>
   <color name="feedback_highlight_color">H7_ACCENT_COLOR</color>
   <!-- 20%透明度 -->
   <color name="feedback_highlight_color_disable">H7_ACCENT_COLOR_PRESS</color>
   <color name="feedback_blue_disable">H7_ACCENT_COLOR_DISABLED</color>
   <color name="feedback_smarthelper_user_textview_bg">H7_ACCENT_COLOR</color>
   <!-- 多主题适配 -->
   <!-- 下载进度文字颜色 -->
   <color name="color_download_progress_widget_background_solid">H7_ACCENT_COLOR_PRESS</color>
   <color name="color_download_progress_widget_background">H7_ACCENT_COLOR</color>
   <color name="color_download_progress_widget_background_stroke">H7_ACCENT_COLOR</color>
   <color name="color_download_progress_widget_secondaryprogress_solid">H7_BACKGROUND_TWO</color>
   <color name="color_download_progress_widget_secondaryprogress_stroke">H7_ACCENT_COLOR</color>
   <color name="color_download_progress_widget_progress_solid">H7_ACCENT_COLOR_PRESS</color>
   <!-- ffffff 20% -->
   <!-- ffffff 20% -->
   <!-- 升级SDK -->
   <!-- emui9.0深色主题适配 -->
   <color name="emui_accent">H7_ACCENT_COLOR</color>
   <color name="emui_color_gray_4">H7_ACTIONBAR</color>
   <color name="emui_color_gray_3">H7_ACTIONBAR</color>
   <color name="emui_color_gray_1">H7_ACTIONBAR</color>
   <!--9.0分割线色值-->
   <!--9.0列表条目点击色值-->
   <!--actionbar背景色-->
   <color name="action_bar_bg_white">H7_ACTIONBAR</color>
   <color name="action_bar_bg_gray">H7_ACTIONBAR</color>
   <!--navigationbar背景色-->
   <color name="navigation_bar_bg_white">H7_ACTIONBAR</color>
   <color name="navigation_bar_bg_gray">H7_ACTIONBAR</color>
   <!--8.0actionbar背景色-->
   <color name="action_bar_bg_white_8_0">H7_ACTIONBAR</color>
   <color name="action_bar_bg_gray_8_0">H7_ACTIONBAR</color>
	<!-- subtab背景 -->
   <color name="sub_tab_bg">H7_ACTIONBAR</color>
   <!-- HwEdittext hint字体颜色 -->
   <!-- 压缩dialog 还原压缩文件中默认字体颜色 -->
	 <!-- 饼图的按压 -->
	 <!--最近更多的按压效果 -->
	<!--最近分隔条效果 -->
   <color name="emui_color_gray_per_1">H7_ACTIONBAR</color>
   <!--饼图正常状态颜色效果 -->
   <color name="color_windowtitle_text">H7_BACKGROUND_TWO</color>
<!--分类饼状图的颜色-->
<!-- 云空间正常的颜色 -->
<!-- 云空间将满，已满的颜色 -->
<!--搜索出字体高亮颜色效果 -->
<color name="search_hight_light_color">H7_ACCENT_COLOR</color>
<!-- 搜索光标的颜色-->
<color name="search_cursor_color">H7_ACCENT_COLOR</color>
<!--外部程序跳转文件管理器选择文件的actionbar title的颜色-->
<color name="list_line_bg">H7_ACTIONBAR</color>
<color name="color_about_stongbox">H7_ACTIONBAR</color>
<!--HwSwitch Colors-->
<color name="hwswitch_on_disable_dark_emui">H7_ACCENT_COLOR_PRESS</color>
<color name="hwswitch_off_disable_dark_emui">H7_BACKGROUND_TWO</color>
<color name="hwswitch_accent_emui">H7_ACCENT_COLOR</color>
<color name="hwswitch_accent_on_dark_emui">H7_ACCENT_COLOR</color>
<!--HwEdittext的颜色适配-->
<!-- 9.0异常背景色 -->
<!-- 升级云存储空间点击效果颜色-->
 <!-- 文件管理navigation颜色-->
<color name="hwbottomnavigationview_bg">H7_ACTIONBAR</color>
<!-- 升级云存储空间描边颜色-->
	<color name="action_bar_bg_gray">H7_ACTIONBAR</color>
	<color name="action_bar_bg_gray_8_0">H7_ACTIONBAR</color>
	<color name="album_cover_background">H7_ACTIONBAR</color>
	<color name="bright_foreground_emui">H7_ACTIONBAR</color>
	<color name="bg_color_border">H7_ACTIONBAR</color>
	<color name="bg_color_dark">H7_ACTIONBAR</color>
	<color name="emui_color_gray_1">H7_ACTIONBAR</color>
	<color name="emui_color_gray_per_1">H7_ACTIONBAR</color>
	<color name="emui_gray_6">H7_ACTIONBAR</color>
	<color name="gray_white">H7_ACTIONBAR</color>
	<color name="hwbottomnavigationview_bg">H7_ACTIONBAR</color>
	<color name="list_line_bg">H7_ACTIONBAR</color>
	<color name="navigation_bar_bg_gray">H7_ACTIONBAR</color>
	<color name="sub_tab_bg">H7_ACTIONBAR</color>
    <color name="hidisk_white">H7_BACKGROUND_TWO</color>
    <color name="select">H7_ACCENT_COLOR</color>
    <!-- 下载管理 -->
    <!-- 应用管理 -->
    <!-- 通讯录 -->
    <!--搜索结果分割线  add by zys 20150717 end-->
    <!-- HAP5.2 默认背景   2011-12-16 -->
    <!--  20120109 end -->
    <!-- 
    <color name="list_item_bg_selected">H7_ACCENT_COLOR_DISABLED</color>
     -->
    <!-- DTS2011092601365  begin -->
    <!--UX检视使用FF3320 <color name="hidisk_control_warn_red">#ffd43e25</color> -->
    <!-- A light Holo shade of blue -->
    <!--超链接的颜色 -->
    <!--<color name="hidisk_autolink_color">H7_ACCENT_COLOR</color>-->
    <color name="hidisk_color_default_point">H7_ACTIONBAR</color>
    <color name="hicloud_section_color">H7_ACTIONBAR</color>
    <color name="bg_color_light">H7_BACKGROUND_TWO</color>
    <color name="hicloud_bg_color_border">H7_ACTIONBAR</color>
    <color name="hicloud_bg_color_dark">H7_ACTIONBAR</color>
    <color name="hidisk_color_storage_detail_background">H7_ACTIONBAR</color>
    <color name="hidisk_policy_textview_normal">H7_ACCENT_COLOR</color>
    <color name="hidisk_color_search_online">H7_ACCENT_COLOR</color>
    <!-- 搜索框输入框色值 -->
    <!-- 删除红色字体 -->
    <!-- 列表item按下去颜色值 -->
    <drawable name="list_header_bg">H7_ACTIONBAR</drawable>
    <!--列表item选中状态的颜色值  -->
    <!--蓝色title文字颜色 -->
    <color name="title_text_color">H7_ACCENT_COLOR</color>
    <!--title文字下方分割线颜色 -->
    <color name="title_divider_line">H7_ACCENT_COLOR</color>
    <color name="top_bar_bg_white">H7_ACTIONBAR</color>
    <!--超链接的颜色 -->
    <color name="hidisk_autolink_color">H7_ACCENT_COLOR</color>
    <color name="blue_emui5_text">H7_ACCENT_COLOR</color>
    <!-- clone -->
    <!-- 列表item按下去和选中状态的颜色值 -->
    <!-- 网格点击色 -->
    <!-- 蓝色title文字颜色 -->
    <!-- 以下为手机克隆添加的 -->
    <color name="dialog_title_color">H7_ACCENT_COLOR</color>
    <color name="black_3">H7_ACTIONBAR</color>
    <!-- 超链接的颜色 -->
    <!-- 功能介绍界面详情介绍字体颜色 -->
    <color name="blue_text_color">H7_ACCENT_COLOR</color>
    <!-- 备份管理界面介质选择颜色 -->
    <!-- EMUI 4.0 小面积雅兰色 -->
    <!-- qrcode -->
    <color name="viewfinder_mask">H7_BACKGROUND_TWO</color>
    <!-- <color name="viewfinder_frame">#ff00c0ff</color> -->
    <color name="text_color">H7_ACCENT_COLOR</color>
    <color name="text_color_press">H7_ACCENT_COLOR</color>
    <color name="hidisk_color_category_storage_layout_bg">H7_ACTIONBAR</color>
    <color name="oobe_btn_pressed">H7_ACCENT_COLOR</color>
    <color name="tab_unselected_text_color">H7_ACCENT_COLOR</color>
    <color name="tab_selected_text_color2">H7_ACCENT_COLOR</color>
    <color name="attention_color_30">H7_ACCENT_COLOR_PRESS</color>
    <!-- 问题反馈SDK的主题信息BEGIN -->
    <color name="feedback_blue">H7_ACCENT_COLOR</color>
    <color name="feedback_highlight_color_old">H7_ACCENT_COLOR</color>
    <color name="feedback_highlight_color">H7_ACCENT_COLOR</color>
    <color name="feedback_highlight_color_disable">H7_ACCENT_COLOR_PRESS</color>
    <color name="feedback_blue_disable">H7_ACCENT_COLOR_DISABLED</color>
    <color name="feedback_smarthelper_user_textview_bg">H7_ACCENT_COLOR</color>
    <color name="feedback_spannable_click_color">H7_ACCENT_COLOR</color>
    <color name="feedback_actionbar_bg">H7_ACTIONBAR</color>
    <!-- 问题反馈SDK的主题信息END -->
    <!--     30% -->
    <color name="feedback_highlight_color_old">H7_ACCENT_COLOR</color>
    <color name="feedback_highlight_color">H7_ACCENT_COLOR</color>
    <!-- 20%透明度 -->
    <color name="feedback_highlight_color_disable">H7_ACCENT_COLOR_PRESS</color>
    <color name="feedback_blue_disable">H7_ACCENT_COLOR_DISABLED</color>
    <color name="feedback_smarthelper_user_textview_bg">H7_ACCENT_COLOR</color>
    <color name="feedback_spannable_click_color">H7_ACCENT_COLOR</color>
    <!-- 多主题适配 -->
    <!-- 下载进度文字颜色 -->
    <color name="hidisk_color_download_progress_widget_background_solid">H7_ACCENT_COLOR_PRESS</color>
    <color name="hidisk_color_download_progress_widget_background">H7_ACCENT_COLOR</color>
    <color name="hidisk_color_download_progress_widget_background_stroke">H7_ACCENT_COLOR</color>
    <color name="hidisk_color_download_progress_widget_secondaryprogress_solid">H7_BACKGROUND_TWO</color>
    <color name="hidisk_color_download_progress_widget_secondaryprogress_stroke">H7_ACCENT_COLOR</color>
    <color name="hidisk_color_download_progress_widget_progress_solid">H7_ACCENT_COLOR_PRESS</color>
    <!-- ffffff 20% -->
    <!-- ffffff 20% -->
    <!-- 升级SDK -->
    <!-- emui9.0深色主题适配 -->
    <color name="emui_accent">H7_ACCENT_COLOR</color>
    <color name="emui_color_gray_3">H7_ACTIONBAR</color>
    <color name="emui_color_gray_1">H7_ACTIONBAR</color>
    <!--9.0分割线色值-->
    <!--9.0列表条目点击色值-->
    <!--actionbar背景色-->
    <color name="hidisk_action_bar_bg_white">H7_ACTIONBAR</color>
    <color name="hidisk_action_bar_bg_gray">H7_ACTIONBAR</color>
    <!--navigationbar背景色-->
    <color name="hidisk_navigation_bar_bg_white">H7_ACTIONBAR</color>
    <color name="hidisk_navigation_bar_bg_gray">H7_ACTIONBAR</color>
    <!--8.0actionbar背景色-->
    <color name="hidisk_action_bar_bg_white_8_0">H7_ACTIONBAR</color>
    <color name="hidisk_action_bar_bg_gray_8_0">H7_ACTIONBAR</color>
    <!-- subtab背景 -->
    <color name="hidisk_sub_tab_bg">H7_ACTIONBAR</color>
    <!-- HwEdittext hint字体颜色 -->
    <!-- 压缩dialog 还原压缩文件中默认字体颜色 -->
    <!-- 饼图的按压 -->
    <!--最近更多的按压效果 -->
    <!--最近分隔条效果 -->
    <!--饼图正常状态颜色效果 -->
    <color name="hidisk_color_windowtitle_text">H7_BACKGROUND_TWO</color>
    <!--分类饼状图的颜色-->
    <!-- 云空间正常的颜色 -->
    <!-- 云空间将满，已满的颜色 -->
    <!--搜索出字体高亮颜色效果 -->
    <color name="hidisk_search_hight_light_color">H7_ACCENT_COLOR</color>
    <!-- 搜索光标的颜色-->
    <color name="hidisk_search_cursor_color">H7_ACCENT_COLOR</color>
    <color name="hidisk_search_cursor_color_8">H7_ACCENT_COLOR</color>
    <!--外部程序跳转文件管理器选择文件的actionbar title的颜色-->
    <!--HwSwitch Colors-->
    <color name="hwswitch_on_disable_dark_emui">H7_ACCENT_COLOR_PRESS</color>
    <color name="hwswitch_off_disable_dark_emui">H7_BACKGROUND_TWO</color>
    <color name="hwswitch_accent_emui">H7_ACCENT_COLOR</color>
    <color name="hwswitch_accent_on_dark_emui">H7_ACCENT_COLOR</color>
    <!--HwEdittext的颜色适配-->
    <!-- 9.0异常背景色 -->
    <!-- 升级云存储空间点击效果颜色-->
    <!-- 文件管理navigation颜色-->
    <color name="hwbottomnavigationview_bg">H7_ACTIONBAR</color>
    <color name="hwbottomnav_blue_color">H7_ACTIONBAR</color>
    <!-- 升级云存储空间描边颜色-->
    <!-- hwdownloadbar颜色适配-->
    <color name="hwdownload_color">H7_ACCENT_COLOR</color>//使用了HwDownLoadWidget的需要
    //使用了HwDownLoadWidget的需要
    //使用了HwDownLoadWidget的t需要
    <!--hwcheckbox-->
    <color name="hwcheckbox_off_mask">H7_BACKGROUND_TWO</color>
    <color name="accent_on_disable_dark_emui">H7_ACCENT_COLOR_PRESS</color>
    <color name="hwcheckbox_accent_on_dark_emui">H7_ACCENT_COLOR</color>
    <!-- EMUI Secondary Colors hwresource-->
    <!--HwSpinner Colors-->
    <color name="hwspinner_dropdown_item_default_dark">H7_BACKGROUND_TWO</color>
    <color name="hwspinner_dropdown_item_pressed_dark">H7_BACKGROUND_TWO</color>
    <color name="hwspinner_dropdown_item_disabled_dark">H7_BACKGROUND_TWO</color>
    <color name="hwspinner_accent_emui_dark">H7_ACCENT_COLOR</color>
    <color name="hwspinner_accent_emui_emphasize_disabled">H7_ACCENT_COLOR_PRESS</color>
    <color name="hwspinner_accent_emui_emphasize_pressed">H7_ACCENT_COLOR</color>
    <color name="hwspinner_accent_emui_emphasize">H7_ACCENT_COLOR</color>
    <!--深色主题是30%透明度-->
    <!--账号sdk-->
    <!--本地空间进度条颜色-->
    <!--文件管理图片描边背景色-->
    <!--light theme-->
    <!--on 外圈填充-->
    <color name="emui_accent">H7_ACCENT_COLOR</color>
    <!--on 内圈填充-->
    <!--on 内圈填充阴影-->
    <!--off 外框-->
    <!--off 内部填充-->
    <color name="hwradiobutton_off_mask">H7_BACKGROUND_TWO</color>
    <!--animation end color-->
    <!--thumb.0 ux适配-->
    <color name="emui10_colorAccent">H7_ACCENT_COLOR</color>
    <color name="emui10_textColorPrimaryActivated">H7_ACCENT_COLOR</color>
    <color name="emui10_textColorLink">H7_ACCENT_COLOR</color>
    <!--thumb.0 ux适配-->
    <!-- 沉浸式效果 statusbar 黑色透明底色 -->
    <!-- 试试深度搜索高亮字体颜色 -->
    <color name="emui10_tabTextActive">H7_ACCENT_COLOR</color>
    <!--HwSubTab深色主题适配-->
    <color name="hwsubtab_emui_color_bg">H7_BACKGROUND_TWO</color>
    <color name="hwsubtab_emui_subtab_text_on">H7_ACCENT_COLOR</color>
    <color name="hwsubtab_indicator_color">H7_ACCENT_COLOR</color>
    <color name="emui_accent_inverse">H7_ACCENT_COLOR</color>
    <color name="emui_accent_pressed">H7_ACCENT_COLOR</color>
    <color name="emui_control_highlight">H7_ACCENT_COLOR</color>
    <color name="emui_functional_blue_inverse">H7_ACCENT_COLOR</color>
    <color name="emui_list_separator_text">H7_BACKGROUND_TWO</color>
	
	
	
	
	
	
</resources>