<?xml version="1.0" encoding="UTF-8"?><resources>
	
	
	    
	
	
	
	<color name="searchhint_people">H7_COLOR_DIALER</color>
	<color name="list_item_header_text_color">H7_COLOR_DIALER</color>
	<color name="list_item_header_underline_color">H7_COLOR_DIALER</color>
	<color name="call_log_voicemail_status_action_text_color">H7_COLOR_DIALER</color>
	<color name="item_selected">H7_COLOR_DIALER_PRESS</color>
	<color name="call_log_incoming_call_count">H7_COLOR_DIALER</color>
	<color name="call_log_voicemail_call_count">H7_COLOR_DIALER</color>
	<color name="delete_text_color">H7_COLOR_DIALER</color>
	<color name="tianyi_parting_line_color">H7_COLOR_DIALER</color>
	<color name="tianyi_helper_dialog_text_color">H7_COLOR_DIALER</color>
	<color name="contact_highlight_color_pressed">H7_COLOR_DIALER</color>
	<color name="dialer_theme_color">H7_COLOR_DIALER</color>
	<color name="red_icon_color">H7_COLOR_DIALER</color>
	
	
	
	<color name="contact_svg_icon_base_green_color">H7_COLOR_DIALER</color>
	<color name="contact_svg_icon_base_green_color_a">H7_COLOR_DIALER</color>
	<color name="contact_svg_icon_base_red_color">H7_COLOR_DIALER</color>
	<color name="contact_svg_icon_base_black_color">H7_COLOR_DIALER</color>
	
	
	
	
	
	<color name="speed_dial_text_shadow_color">H7_COLOR_DIALER</color>
	<color name="people_app_theme_color">H7_COLOR_DIALER</color>
	<color name="dialer_search_highlightcolor">H7_COLOR_DIALER</color>
	<color name="contact_svg_icon_base_blue_color">H7_COLOR_DIALER</color>
	<color name="contact_svg_icon_base_blue_color_a">H7_COLOR_DIALER</color>
	<color name="menu_state_pressed_dark_icon">H7_COLOR_DIALER</color>
	<color name="menu_state_focused_dark_icon">H7_COLOR_DIALER</color>
	<color name="menu_state_selected_dark_icon">H7_COLOR_DIALER</color>
	<color name="menu_state_default_dark_icon">H7_COLOR_DIALER</color>
	<color name="alpha_scroller_text_selected_color">H7_COLOR_DIALER</color>
	<color name="pinned_header_textview_color">H7_COLOR_DIALER</color>
	<color name="speed_dial_name_has_contact_default_color">H7_COLOR_DIALER</color>
	<color name="call_log_button_group_layout_selected_color">H7_COLOR_DIALER_PRESS</color>
	<color name="contact_highlight_color">H7_COLOR_DIALER</color>
	
	
	
	
	
	
	
	
	
	
	<color name="contact_serachlayout_background">H7_BACKGROUND</color>
	
	
	
	
	
	
	
	
	
	
	
	
	
	
	<color name="menu_selector_color_state_focused">H7_COLOR_DIALER_PRESS</color>
	<color name="menu_selector_color_state_pressed">H7_COLOR_DIALER_PRESS</color>
	<color name="menu_selector_color_state_enabled">H7_COLOR_DIALER_PRESS</color>
	<color name="menu_selector_color_state_default">H7_COLOR_DIALER_PRESS</color>
	
	
	
	
	
	
    
    
    <drawable name="text_color_black">H7_COLOR_DIALER</drawable>
    <color name="mms_sub_text_color">H7_COLOR_DIALER_PRESS</color>
    <color name="text_color_taste_isMms_normal">H7_COLOR_DIALER</color>
    <color name="label_downloading">H7_COLOR_DIALER_PRESS</color>
    <color name="list_item_downlod_btn_disable_color">H7_COLOR_DIALER_DISABLED9</color>
    <color name="list_item_btn_disable_color">H7_COLOR_DIALER_DISABLED9</color>
    <color name="text_color_white">H7_COLOR_DIALER</color>
    <color name="incoming_msg_text_color">H7_COLOR_DIALER</color>
    
    <color name="slide_page_number_color">H7_COLOR_DIALER_PRESS</color>
    <color name="text_color_button">H7_COLOR_DIALER</color>
    <color name="text_color_white_important">H7_COLOR_DIALER</color>
    <color name="text_color_white_sub">H7_COLOR_DIALER</color>
    <drawable name="splite_line_drawable_white">H7_COLOR_DIALER_DISABLED</drawable>
    <color name="text_color_balck_sub">H7_COLOR_DIALER_PRESS</color>
    <color name="text_color_black_main">H7_COLOR_DIALER</color>
    <color name="mms_unread_text_color">H7_COLOR_DIALER</color>
    <color name="text_color_black_sub_2">H7_COLOR_DIALER_DISABLED</color>
    <color name="text_color_black_sub_1">H7_COLOR_DIALER_DISABLED</color>
    <color name="text_color">H7_COLOR_DIALER</color>
    
    <color name="attach_panel_item_color">H7_COLOR_DIALER</color>
    <color name="attach_panel_grid_line_color">H7_COLOR_DIALER_DISABLED</color>
	
    
    
    
    
    
    
    
    <color name="dialpad_guidle_letter_color">H7_COLOR_DIALER</color>
    <color name="menu_state_pressed_light_icon">H7_COLOR_DIALER</color>
    <color name="menu_state_focused_light_icon">H7_COLOR_DIALER</color>
    <color name="menu_state_selected_light_icon">H7_COLOR_DIALER</color>
    
    <color name="menu_state_default_light_icon">H7_COLOR_DIALER</color>
    
    
    
    
    
    
    
    
    
    
    
    
    
    
    <color name="people_background">H7_BACKGROUND</color>
    
    
    
    <color name="searchLayout_background_color">H7_BACKGROUND</color>
    
    <color name="background_primary">H7_BACKGROUND</color>
    
    <color name="numbermark_background_color">H7_BACKGROUND</color>
    
    
	
	
	
	<color name="contact_section_background_color">H7_BACKGROUND</color>
    
    
    
    
    <color name="contact_eidtor_title_container_color">H7_BACKGROUND</color>
    
    
    <color name="text_clickabe_selector_color">H7_COLOR_DIALER</color>
    
    
    
    
    
    <color name="contact_highlight_text_color">H7_COLOR_DIALER</color>
    
    
    
    
    
    
    <color name="digits_edit_text_dialer_cursor_color">H7_COLOR_DIALER</color>
    
    <color name="download_selector_color_state_default">H7_COLOR_DIALER</color>

</resources>