﻿<?xml version="1.0" encoding="utf-8"?>
<resources>
	<color name="emui_color_gray_1">#333333</color>
	<color name="emui_color_gray_2">#333333</color>
    <color name="emui_color_gray_4">#333333</color>
	<color name="emui_color_gray_5">#4cffffff</color>	
    <color name="emui_color_gray_10">#E6E6E6</color>
    <color name="emui_accent">H7_ACCENT_COLOR</color>
    <color name="emui_functional_blue">#4CBBFF</color>
    <color name="dialog_transparent">#00000000</color>   
    <color name="text_color_red">#d43e25</color>
    <color name="upsdk_black">#FFFFFFFF</color>
    <color name="divider_horizontal_color_emui">#33ffffff</color>
	
	<!--待废弃的颜色 -->
	<color name="black_honor">#ffffffff</color>
    <drawable name="list_item_press_bg">#13ffffff</drawable>
    <drawable name="list_item_bg">#ffffff</drawable>
</resources>