<?xml version="1.0" encoding="utf-8"?>
<resources>


    <color name="conversation_icon_outline_background">#ff616161</color>
    <color name="conversation_icon_outline_head_color">#ffa8a8a8</color>
    <color name="device_info_safe_bg">H7_ACTIONBAR</color>
    <color name="emui_accent">H7_ACCENT_COLOR</color>
    <color name="emui_accent_inverse">H7_ACCENT_COLOR</color>
    <color name="emui_accent_pressed">H7_ACCENT_COLOR</color>
    <color name="emui_black">#ffe6e6e6</color>
    <color name="emui_button_default">#1affffff</color>
    <color name="emui_button_default_disabled">#0affffff</color>
    <color name="emui_card_bg">#ff404040</color>
    <color name="emui_clickeffic_default_color">#19ffffff</color>
    <color name="emui_color_10">#ffa56200</color>
    <color name="emui_color_11">#ff8c6800</color>
    <color name="emui_color_2">#ff007aac</color>
    <color name="emui_color_3">#ff00777e</color>
    <color name="emui_color_4">#ff007900</color>
    <color name="emui_color_5">#ff4e7800</color>
    <color name="emui_color_8">#ffd30003</color>
    <color name="emui_color_9">#ffba5500</color>
    <color name="emui_color_bg">H7_ACTIONBAR</color>
    <color name="emui_color_connected">#ff007900</color>
    <color name="emui_color_divider_horizontal">#33ffffff</color>
    <color name="emui_color_fg">#ffffffff</color>
    <color name="emui_color_fg_inverse">#ffe5e5e5</color>
    <color name="emui_color_fg_inverse_disable">#ff616161</color>
    <color name="emui_color_gray_1">H7_ACTIONBAR</color>
    <color name="emui_color_gray_10">#ffe6e6e6</color>
    <color name="emui_color_gray_2">#ff1a1a1a</color>
    <color name="emui_color_gray_3">H7_ACTIONBAR</color>
    <color name="emui_color_gray_4">H7_ACTIONBAR</color>
    <color name="emui_color_gray_5">#4ce6e6e6</color>
    <color name="emui_color_gray_6">#ff666666</color>
    <color name="emui_color_gray_8">#ffb3b3b3</color>
    <color name="emui_color_gray_9">#ffcccccc</color>
    <color name="emui_color_handup">#ffd30003</color>
    <color name="emui_color_list_divider">#33ffffff</color>
    <color name="emui_color_primary">#a9ffffff</color>
    <color name="emui_color_secondary">#80ffffff</color>
    <color name="emui_color_subheader_divider">#19ffffff</color>
    <color name="emui_color_tertiary">#61ffffff</color>
    <color name="emui_color_text_highlight">#61006cde</color>
    <color name="emui_color_text_primary">#a9ffffff</color>
    <color name="emui_color_text_secondary">#80ffffff</color>
    <color name="emui_color_text_tertiary">#61ffffff</color>
    <color name="emui_color_warning">#ffba5500</color>
    <color name="emui_control_highlight">H7_ACCENT_COLOR</color>
    <color name="emui_control_normal">#19ffffff</color>
    <color name="emui_control_normal_disabled">#0affffff</color>
    <color name="emui_fab_bg_normal">H7_ACCENT_COLOR</color>
    <color name="emui_fab_bg_pressed">#ff1a7be1</color>
    <color name="emui_functional_blue">#ff3f97e9</color>
    <color name="emui_functional_blue_inverse">#ff3f97e9</color>
    <color name="emui_functional_green">#ff007900</color>
    <color name="emui_functional_red">#ffd30003</color>
    <color name="emui_primary">#ffffffff</color>
    <color name="emui_primary_inverse">#ffe5e5e5</color>
    <color name="emui_text_disabled">#61ffffff</color>
    <color name="emui_text_highlight_inverse">#61006cde</color>
    <color name="emui_text_hint">#7fffffff</color>
    <color name="emui_text_primary">#ffffffff</color>
    <color name="emui_white">#ffe6e6e6</color>
    <color name="fp_preference_highlight_color">#1affffff</color>
    <color name="hwclickeffic_default_color_emui">#19ffffff</color>
    <color name="hwdatepicker_alert_dialog_button_text_color">#ff3f97e9</color>
    <color name="hwdatepicker_alert_dialog_divider_backgroud_color">#33ffffff</color>
    <color name="hwdatepicker_backgroud_color">H7_ACTIONBAR</color>
    <color name="hwdatepicker_item_pressed_color">#19ffffff</color>
    <color name="hwsubtab_click_effect_color">#19ffffff</color>
    <color name="hwsubtab_emui_color_bg">H7_ACTIONBAR</color>
    <color name="hwsubtab_emui_subtab_text_off">#66ffffff</color>
    <color name="hwsubtab_emui_subtab_text_on">#ff3f97e9</color>
    <color name="hwsubtab_indicator_color">#ff3f97e9</color>
    <color name="hwswitch_off_track_bg">#ff616161</color>
    <color name="hwswitch_thumb_disable">#ff616161</color>
    <color name="hwtimepicker_alert_dialog_button_text_color">#ff3f97e9</color>
    <color name="hwtimepicker_alert_dialog_divider_backgroud_color">#33ffffff</color>
    <color name="hwtimepicker_backgroud_color">H7_ACTIONBAR</color>
    <color name="hwtimepicker_item_pressed_color">#19ffffff</color>
    <color name="icon_blutooth_color_restrict">#ff002f42</color>
    <color name="icon_hilink_background_color">#ffffffff</color>
    <color name="icon_hilink_color">#a8000000</color>
    <color name="illustration_background_color_smart">#00000000</color>
    <color name="picture_background_color">#00000000</color>
    <color name="searchview_background_color">H7_ACTIONBAR</color>
    <color name="shortcut_background">#ff4d4d4d</color>
    <color name="shortcut_icon_color">#99ffffff</color>

    <drawable name="pin_edittext_background">H7_ACTIONBAR</drawable>
    <color name="abc_input_method_navigation_guard">H7_ACTIONBAR</color>
    <color name="search_view_bg_color">H7_ACTIONBAR</color>
    <color name="searchview_background_color">H7_ACTIONBAR</color>
	
    <drawable name="hwtoolbar_background_color_normal">H7_ACTIONBAR</drawable>
    <drawable name="hwtoolbar_background_color_white">H7_ACTIONBAR</drawable>
    <color name="bright_foreground_inverse_material_dark">H7_ACTIONBAR</color>
    <color name="bright_foreground_inverse_material_light">H7_ACTIONBAR</color>
    <color name="preference_divider_grey">H7_ACTIONBAR</color>
    <color name="wifi_signal_light_color">H7_ACTIONBAR</color>
    <color name="authentication_info_background">H7_ACTIONBAR</color>
    <color name="background_floating_material_dark">H7_ACTIONBAR</color>
    <color name="background_floating_material_light">H7_ACTIONBAR</color>
    <color name="background_material_dark">H7_ACTIONBAR</color>
    <color name="background_material_light">H7_ACTIONBAR</color>
    <color name="abc_search_url_text_normal">H7_ACTIONBAR</color>
    <color name="abc_search_url_text_pressed">H7_ACTIONBAR</color>
    <color name="abc_search_url_text_selected">H7_ACTIONBAR</color>
    <color name="appwidget_color">H7_ACTIONBAR</color>
    <color name="card_background">H7_ACTIONBAR</color>
    <color name="card_background_grey">H7_ACTIONBAR</color>
    <color name="card_background_white">H7_ACTIONBAR</color>
    <color name="cardview_dark_background">H7_ACTIONBAR</color>
    <color name="cardview_light_background">H7_ACTIONBAR</color>
    <color name="button_bar_background">H7_ACTIONBAR</color>
    <color name="cardview_shadow_end_color">H7_ACTIONBAR</color>
    <color name="bright_foreground_material_dark">H7_ACTIONBAR</color>
    <color name="bright_foreground_material_light">H7_ACTIONBAR</color>
    <color name="color_face3dscan_progress_bg">H7_ACTIONBAR</color>
    <color name="condition_card_background">H7_ACTIONBAR</color>
    <color name="ic_dfp_prompt_exclamation">H7_ACTIONBAR</color>
    <color name="importance_disabled_tint">H7_ACTIONBAR</color>
    <color name="importance_icon_tint">H7_ACTIONBAR</color>
    <color name="list_item_pressed_color">H7_ACTIONBAR</color>
    <color name="locate_item_list_view">H7_ACTIONBAR</color>
    <color name="lock_pattern_background">H7_ACTIONBAR</color>
    <color name="main_scren_circle_background">H7_ACTIONBAR</color>
    <color name="main_scren_circle_degree_background">H7_ACTIONBAR</color>
    <color name="main_scren_circle_first_color">H7_ACTIONBAR</color>
    <color name="main_scren_circle_first_shader_color0">H7_ACTIONBAR</color>
    <color name="main_scren_circle_first_shader_color1">H7_ACTIONBAR</color>
    <color name="main_scren_circle_second_color">H7_ACTIONBAR</color>
    <color name="main_scren_circle_second_shader_color0">H7_ACTIONBAR</color>
    <color name="main_scren_circle_second_shader_color1">H7_ACTIONBAR</color>
    <color name="main_scren_progress_circle_color">H7_ACTIONBAR</color>
    <color name="master_preference_divider_color">H7_ACTIONBAR</color>
    <color name="material_grey_100">H7_ACTIONBAR</color>
    <color name="material_grey_200">H7_ACTIONBAR</color>
    <color name="material_grey_300">H7_ACTIONBAR</color>
    <color name="meter_background_color">H7_ACTIONBAR</color>
    <color name="mtrl_btn_bg_color_disabled">H7_ACTIONBAR</color>
    <color name="mtrl_card_bg_color">H7_ACTIONBAR</color>
    <color name="mtrl_scrim_color">H7_ACTIONBAR</color>
    <color name="mtrl_textinput_filled_box_default_background_color">H7_ACTIONBAR</color>
    <color name="navigation_bar_color">H7_ACTIONBAR</color>
    <color name="navigation_bar_color_menu">H7_ACTIONBAR</color>
    <color name="password_tip_hint">H7_ACTIONBAR</color>
    <color name="pin_edit_bk_color">H7_ACTIONBAR</color>
    <color name="pin_figure_header_color">H7_ACTIONBAR</color>
    <color name="pressure_experience_dialog_background_color">H7_ACTIONBAR</color>
    <color name="preview_pager_background">H7_ACTIONBAR</color>
    <color name="private_dns_normal_tip_color">H7_ACTIONBAR</color>
    <color name="progress_bg_color_3d_liujie">H7_ACTIONBAR</color>
    <color name="recommend_item_background_color">H7_ACTIONBAR</color>
    <color name="ripple_material_light">H7_ACTIONBAR</color>
    <color name="roundpercentbar_black">H7_ACTIONBAR</color>
    <color name="roundpercentbar_black_alpha_50">H7_ACTIONBAR</color>
    <color name="setup_divider_color_light">H7_ACTIONBAR</color>
    <color name="setup_wizard_wifi_color_light">H7_ACTIONBAR</color>
    <color name="shortcut_background">H7_ACTIONBAR</color>
    <color name="smart_cover_type_color">H7_ACTIONBAR</color>
    <color name="smart_cover_type_title_color">H7_ACTIONBAR</color>
    <color name="status_bar_backgroud_color">H7_ACTIONBAR</color>
    <color name="status_bar_background_china_color">H7_ACTIONBAR</color>
    <color name="status_bar_background_global_color">H7_ACTIONBAR</color>
    <color name="suggestion_condition_background">H7_ACTIONBAR</color>
    <color name="suw_color_background_dark">H7_ACTIONBAR</color>
    <color name="suw_color_background_light">H7_ACTIONBAR</color>
    <color name="suw_glif_background_color_dark">H7_ACTIONBAR</color>
    <color name="suw_glif_background_color_light">H7_ACTIONBAR</color>
    <color name="suw_navbar_bg_dark">H7_ACTIONBAR</color>
    <color name="suw_navbar_bg_light">H7_ACTIONBAR</color>
    <color name="switch_bar_background">H7_ACTIONBAR</color>
    <color name="switchbar_background_color">H7_ACTIONBAR</color>
    <color name="tooltip_background_dark">H7_ACTIONBAR</color>
    <color name="tooltip_background_light">H7_ACTIONBAR</color>
    <color name="unlock_pattern_view_regular_color">H7_ACTIONBAR</color>
    <color name="user_experience_background_color">H7_ACTIONBAR</color>
    <color name="verify_dlg_edit_background_color">H7_ACTIONBAR</color>
    <color name="white">H7_ACTIONBAR</color>
    <color name="white_100">H7_ACTIONBAR</color>
    <color name="white_30">H7_ACTIONBAR</color>
    <color name="wifi_setup_background">H7_ACTIONBAR</color>
    <color name="cardview_shadow_start_color">H7_ACTIONBAR</color>
    <color name="design_fab_shadow_mid_color">H7_ACTIONBAR</color>
    <color name="design_fab_shadow_start_color">H7_ACTIONBAR</color>
    <color name="design_fab_stroke_end_inner_color">H7_ACTIONBAR</color>
    <color name="design_fab_stroke_end_outer_color">H7_ACTIONBAR</color>
    <color name="divide_line_color">H7_ACTIONBAR</color>
    <color name="divider_color">H7_ACTIONBAR</color>
    <color name="divider_horizontal_color_emui">H7_ACTIONBAR</color>
    <color name="confirm_device_credential_transparent_black">H7_ACTIONBAR</color>
    <color name="conversation_background">H7_ACTIONBAR</color>
    <color name="design_bottom_navigation_shadow_color">H7_ACTIONBAR</color>
    <color name="device_info_safe_bg">H7_ACTIONBAR</color>
    <color name="devices_view">H7_ACTIONBAR</color>
    <color name="display_background_color">H7_ACTIONBAR</color>
    <color name="emui_fab_bg">H7_ACTIONBAR</color>
    <color name="emui_fab_normal">H7_ACTIONBAR</color>
    <color name="emui_status_bar_color">H7_ACTIONBAR</color>
    <color name="eye_comfort_warm_color">H7_ACTIONBAR</color>
    <color name="fingerprint_background">H7_ACTIONBAR</color>
    <color name="fingerprint_progress_ring_bg">H7_ACTIONBAR</color>
    <color name="foreground_material_dark">H7_ACTIONBAR</color>
    <color name="foreground_material_light">H7_ACTIONBAR</color>
    <color name="fp_dialog_background_color">H7_ACTIONBAR</color>
    <color name="fp_preference_common_color">H7_ACTIONBAR</color>
    <color name="gestures_setting_background_color">H7_ACTIONBAR</color>
    <color name="password_tip_inform_msg">H7_ACTIONBAR</color>
    <color name="pressure_set_tip_background_color">H7_ACTIONBAR</color>
    <color name="wifi_setup_statusbar">H7_ACTIONBAR</color>
    <color name="wifi_help_item_background">H7_ACTIONBAR</color>
    <color name="suw_glif_v3_nav_bar_divider_color_light">H7_ACTIONBAR</color>
    <color name="fingerprint_indicator_background_resting">H7_ACTIONBAR</color>
    <color name="emui_transparent">H7_ACTIONBAR</color>
    <color name="emui_fab_pressed">H7_ACTIONBAR</color>
    <color name="design_snackbar_background_color">H7_ACTIONBAR</color>
    <color name="design_fab_shadow_end_color">H7_ACTIONBAR</color>

    <drawable name="fp_enrollment_header_landscape">H7_COLOR_SETTINGS</drawable>
    <drawable name="notification_template_icon_bg">H7_COLOR_SETTINGS</drawable>
    <drawable name="notification_template_icon_low_bg">H7_COLOR_SETTINGS</drawable>
    <color name="suggestions_title_collapsed_color">H7_COLOR_SETTINGS</color>
    <color name="main_screen_scan_item_text">H7_COLOR_SETTINGS</color>
    <color name="flow_layout_text_bg_pressed">H7_COLOR_SETTINGS_PRESS</color>
    <color name="fingerprint_circle_color">H7_COLOR_SETTINGS</color>
    <color name="clear_search_history_text_color">H7_COLOR_SETTINGS</color>
    <color name="face_recognize_success_info_color">H7_COLOR_SETTINGS</color>
    <color name="color_wifi_add_other_network_title">H7_COLOR_SETTINGS</color>
    <color name="face_recognize_button">H7_COLOR_SETTINGS</color>
    <color name="link_blue">H7_COLOR_SETTINGS</color>
    <color name="icon_accent">H7_COLOR_SETTINGS</color>
    <color name="menu_state_default_dark_icon">H7_COLOR_SETTINGS</color>
    <color name="menu_state_pressed_dark_icon">H7_COLOR_SETTINGS</color>
    <color name="message_bubble_outgoing">H7_COLOR_SETTINGS</color>
    <color name="blue">H7_COLOR_SETTINGS</color>
    <color name="blue_area_color">H7_COLOR_SETTINGS</color>
    <color name="search_voice_color">H7_COLOR_SETTINGS</color>
    <color name="suggestions_title_expanded_color">H7_COLOR_SETTINGS</color>
    <color name="change_type_state_default_color">H7_COLOR_SETTINGS</color>
    <color name="change_type_state_disable_color">H7_COLOR_SETTINGS_DISABLED</color>
    <color name="clean_sub_settings_action_bar_setting_icon">H7_COLOR_SETTINGS</color>
    <color name="color_disabled_yalan">H7_COLOR_SETTINGS_DISABLED</color>
    <color name="color_spots">H7_COLOR_SETTINGS</color>
    <color name="color_face3dscan_progress">H7_COLOR_SETTINGS</color>
    <color name="accent_material_dark">H7_COLOR_SETTINGS</color>
    <color name="accent_material_light">H7_COLOR_SETTINGS</color>
    <color name="design_default_color_primary">H7_COLOR_SETTINGS</color>
    <color name="design_default_color_primary_dark">H7_COLOR_SETTINGS</color>
    <color name="icon_about_phone_color">H7_COLOR_SETTINGS</color>
    <color name="color_yalan">H7_COLOR_SETTINGS</color>
    <color name="emui_color_2">H7_COLOR_SETTINGS</color>
    <color name="emui_functional_blue">H7_COLOR_SETTINGS</color>
    <color name="emui_primary">H7_COLOR_SETTINGS</color>
    <color name="emui_text_tips">H7_COLOR_SETTINGS</color>
    <color name="ic_dfp_back_guide_color_path">H7_COLOR_SETTINGS</color>
    <color name="hw_bg_wifi_oobe_china_color">H7_COLOR_SETTINGS</color>
    <color name="gesture_theme_color">H7_COLOR_SETTINGS</color>
    <color name="highlighted_text_material_light">H7_COLOR_SETTINGS</color>
    <color name="green">H7_COLOR_SETTINGS</color>
    <color name="ic_dfp_back_guide_color_path1">H7_COLOR_SETTINGS</color>
    <color name="notification_level_text_color">H7_COLOR_SETTINGS</color>
    <color name="notification_material_background_media_default_color">H7_COLOR_SETTINGS</color>
    <color name="linear_color_bar">H7_COLOR_SETTINGS</color>
    <color name="material_deep_teal_500">H7_COLOR_SETTINGS</color>
    <color name="menu_state_selected_dark_icon">H7_COLOR_SETTINGS</color>
    <color name="menu_state_selected_light_icon">H7_COLOR_SETTINGS</color>
    <color name="menu_state_focused_dark_icon">H7_COLOR_SETTINGS</color>
    <color name="menu_state_focused_light_icon">H7_COLOR_SETTINGS</color>
    <color name="menu_state_default_light_icon">H7_COLOR_SETTINGS</color>
    <color name="menu_state_disabled_dark_icon">H7_COLOR_SETTINGS_DISABLED</color>
    <color name="settings_menu_color">H7_COLOR_SETTINGS</color>
    <color name="settings_menu_color_land">H7_COLOR_SETTINGS</color>
    <color name="voice_interaction_highlight">H7_COLOR_SETTINGS</color>
    <color name="wifi_ap_prompt_text_blue">H7_COLOR_SETTINGS</color>
    <color name="wifi_settings_dialog_back_btn_color">H7_COLOR_SETTINGS</color>

    <color name="emui_prefile_secondary_text">#33ffffff</color>
    <color name="RoundPercentBar_otherTypeColor">#ffff0000</color>
    <color name="app_clone_icon_text_color">#ff53cb7a</color>
    <color name="battery_bad_color_dark">#fff44336</color>
    <color name="battery_bad_color_light">#fff44336</color>
    <color name="battery_good_color_dark">#ff4caf50</color>
    <color name="battery_good_color_light">#ff43a047</color>
    <color name="battery_icon_color_error">#ffff0000</color>
    <color name="battery_maybe_color_dark">#fffdd835</color>
    <color name="battery_maybe_color_light">#ffef6c00</color>
    <color name="black">#ffffff</color>
    <color name="black5unalpha">#f2ffffff</color>
    <color name="black_100">#ffffffff</color>
    <color name="bluetooth_dialog_text_color">#ffe8e8e8</color>
    <color name="bluetooth_help_icon_color">#ffcc00</color>
    <color name="brigheness_label_color">#ffadadad</color>
    <color name="bright_foreground_disabled_material_dark">#80ffffff</color>
    <color name="bright_foreground_disabled_material_light">#80ffffff</color>
    <color name="brightness_title_color">#ffe8e8e8</color>
    <color name="btn_disable_text_color">#ffe8e8e8</color>
    <color name="button_material_dark">#ff5a595b</color>
    <color name="button_material_light">#ffd6d7d7</color>
    <color name="color_1_alpha">#03ffffff</color>
    <color name="color_30_alpha">#4dffffff</color>
    <color name="color_50_alpha">#80ffffff</color>
    <color name="color_65_alpha">#a7ffffff</color>
    <color name="color_70_alpha">#b4ffffff</color>
    <color name="color_85_alpha">#daffffff</color>
    <color name="color_app_empty_page">#ff202020</color>
    <color name="color_blue">#ff28c0c6</color>
    <color name="color_dns_instruction_text">#80ffffff</color>
    <color name="color_emui_master_body_2">#ffff0000</color>
    <color name="color_emui_master_title_1">#ffededed</color>
    <color name="color_face3dscan_progress_pruple">#ff846df8</color>
    <color name="color_new_fingerprint">#ff0055ba</color>
    <color name="color_storage_detail_app">#ffff9300</color>
    <color name="color_storage_detail_apps">#fffec22f</color>
    <color name="color_storage_detail_archive">#fffa2a2d</color>
    <color name="color_storage_detail_audio">#fffb5795</color>
    <color name="color_storage_detail_background">#ff1c1c1c</color>
    <color name="color_storage_detail_doc">#ff19bae1</color>
    <color name="color_storage_detail_image">#ff00d126</color>
    <color name="color_storage_detail_other">#ff3697ff</color>
    <color name="color_storage_detail_video">#ff8f5af1</color>
    <color name="color_temperature_gray_color">#ffbcbcbc</color>
    <color name="contact_eidtor_title_color">ffffffff</color>
    <color name="confirm_device_credential_dark_background">#ff151515</color>
    <color name="crypt_keeper_clock_am_pm">#ff9a9a9a</color>
    <color name="crypt_keeper_clock_background">#ff9a9a9a</color>
    <color name="dark_mode_icon_color_single_tone">#ffe8e8e8</color>
    <color name="dark_theme_fp_emui_secondary_text">#80ffffff</color>
    <color name="dark_theme_fp_emui_text_dark">#ffffff</color>
    <color name="delete_text_color">#ffff3320</color>
    <color name="design_fab_stroke_top_inner_color">#1affffff</color>
    <color name="design_fab_stroke_top_outer_color">#2effffff</color>
    <color name="device_admin_waring_text">#ffff0000</color>
    <color name="dialog_checkbox_message_color">#a6ffffff</color>
    <color name="dialog_message_color">#d9ff0000</color>
    <color name="dim_foreground_disabled_material_dark">#80ffffff</color>
    <color name="dim_foreground_disabled_material_light">#80ffffff</color>
    <color name="dim_foreground_material_dark">#ffededed</color>
    <color name="dim_foreground_material_light">#ffededed</color>
    <color name="disabled_text_color">#ffe8e8e8</color>
    <color name="display_mode_icon_color">#ffe8e8e8</color>
    <color name="display_notch_text_button_disable">#ffe8e8e8</color>
    <color name="edit_text_error_msg_color">#ffff3320</color>
    <color name="empty_text_color">#ffededed</color>
    <color name="emui_black">#ffffffff</color>
    <color name="emui_color_gray_10">#ffe8e8e8</color>
    <color name="emui_gray_10">#ffe8e8e8</color>
    <color name="emui_gray_2">#ffededed</color>
    <color name="emui_gray_7">#ffe8e8e8</color>
    <color name="emui_gray_9">#ffffffff</color>
    <color name="emui_list_primary_default">#ffffff</color>
    <color name="emui_list_primary_default_global">#ffffff</color>
    <color name="emui_list_primary_default_mtp">#ffffff</color>
    <color name="emui_list_secondary_default_global">#80ffffff</color>
    <color name="emui_list_separator_default">#80ffffff</color>
    <color name="emui_list_summary_default">#80ffffff</color>
    <color name="emui_primary_fab">#ffe8e8e8</color>
    <color name="emui_primary_text">#ffffff</color>
    <color name="emui_primary_text_dark_disabled_mtp">#33ffffff</color>
    <color name="emui_secondary_text">#80ffffff</color>
    <color name="emui_summary_text_dark_disabled">#33ffffff</color>
    <color name="emui_text_dark">#ffffff</color>
    <color name="emui_text_dark_mtp">#ffffff</color>
    <color name="error_color_material_dark">#ffff7043</color>
    <color name="error_color_material_light">#ffff5722</color>
    <color name="expand_title_color">#ffe8e8e8</color>
    <color name="fab_ripple">#1fffffff</color>
    <color name="fab_shape">?android:colorAccent</color>
    <color name="face_guide_button">@androidhwext:color/emui_white</color>
    <color name="face_recognize_bg_color">#ff202020</color>
    <color name="face_recognize_fail_info_color">#ffff3320</color>
    <color name="face_recognize_inform_color">#ffe8e8e8</color>
    <color name="face_recognize_text_color">#ffffffff</color>
    <color name="fallback_tintColor">#ff969696</color>
    <color name="fingerprint_StartupGuideMode_background">#ff1c1c1c</color>
    <color name="fingerprint_cust_fontcolor">#ffe8e8e8</color>
    <color name="fingerprint_draw">#ff28c0c6</color>
    <color name="fingerprint_gray">#ffc6c6c6</color>
    <color name="fingerprint_message_color">#deffffff</color>
    <color name="fingerprint_progress_ring">H7_COLOR_SETTINGS</color>
    <color name="fingerprint_screen_statusbar">#ff262626</color>
    <color name="fingerprint_title_area_bg">?android:colorAccent</color>
    <color name="fingerprint_title_color">@androidhwext:color/emui_white</color>
    <color name="fp_preference_highlight_color">#ffeaeaea</color>
    <color name="gesture_navigation_summary_color">#ffe8e8e8</color>
    <color name="glif_error_color">@android:color/material_red_A700</color>
    <color name="gray_7f000000">#ffadadad</color>
    <color name="highlighted_text_material_dark">#ff80cbc4</color>
    <color name="homepage_accessibility_background">#ff5011c1</color>
    <color name="homepage_accounts_background">#fff15b8d</color>
    <color name="homepage_app_and_notification_background">#ffff7e0f</color>
    <color name="homepage_battery_background">#ff258982</color>
    <color name="homepage_connected_device_background">#ff71a234</color>
    <color name="homepage_display_background">#ffffb600</color>
    <color name="homepage_generic_icon_background">#ff1a73e8</color>
    <color name="homepage_network_background">#ff2196f3</color>
    <color name="homepage_security_background">#ff0f9d58</color>
    <color name="homepage_sound_background">#ff01b1af</color>
    <color name="homepage_storage_background">#ffc14ce6</color>
    <color name="homepage_support_background">#ff26459c</color>
    <color name="homepage_system_background">#ff757575</color>
    <color name="hsm_common_bg">#ff143977</color>
    <color name="ic_dfp_back_guide_color_combined_shape">#80ffffff</color>
    <color name="ic_dfp_back_guide_color_rectangle">#80ffffff</color>
    <color name="ic_dfp_ud_guide_color_combined_shape">#80ffffff</color>
    <color name="ic_dfp_ud_guide_color_combined_shape1">#ffd3e9fc</color>
    <color name="ic_dfp_ud_guide_color_combined_shape2">#ffffffff</color>
    <color name="ic_dfp_ud_guide_color_oval_copy">#ff4da4ff</color>
    <color name="ic_dfp_ud_guide_color_oval_copy2">#ffb4dafc</color>
    <color name="ic_dfp_ud_guide_color_rectangle">#80ffffff</color>
    <color name="ic_dfp_ud_guide_color_rectangle2">#fffcfcfc</color>
    <color name="ic_suggestion_delete_color">#ffb2b2b2</color>
    <color name="illustration_background_color">#80b2d7f1</color>
    <color name="importance_disabled_slider_color">#80ffffff</color>
    <color name="importance_secondary_slider_color">#ff858383</color>
    <color name="importance_slider_color">#80ffffff</color>
    <color name="light_mode_icon_color_single_tone">#ffffffff</color>
    <color name="lock_pattern_view_regular_color">#ff37474f</color>
    <color name="lock_pattern_view_regular_color_dark">#80ffffff</color>
    <color name="material_blue_500">H7_COLOR_SETTINGS</color>
    <color name="material_blue_700">#ff3367d6</color>
    <color name="material_blue_grey_800">#ff37474f</color>
    <color name="material_blue_grey_900">#ff263238</color>
    <color name="material_blue_grey_950">#ff21272b</color>
    <color name="material_deep_teal_200">#ff80cbc4</color>
    <color name="material_empty_color_light">#ffced7db</color>
    <color name="material_grey_50">#ff202020</color>
    <color name="material_grey_600">#ff202020</color>
    <color name="material_grey_800">H7_ACTIONBAR</color>
    <color name="material_grey_850">#ff303030</color>
    <color name="material_grey_900">#ff212121</color>
    <color name="memory_avg_use">#ff384248</color>
    <color name="memory_critical">#ffff5621</color>
    <color name="memory_low">#ffff9700</color>
    <color name="memory_max_use">#ff009587</color>
    <color name="memory_moderate">#fff3b300</color>
    <color name="memory_normal">#ff009587</color>
    <color name="memory_remaining">#ffced7db</color>
    <color name="menu_state_disabled_light_icon">#33ffffff</color>
    <color name="menu_state_pressed_light_icon">#ff0a7fc9</color>
    <color name="message_bubble_incoming">#ff202020</color>
    <color name="message_icon_background_incoming">#ff689f38</color>
    <color name="message_icon_background_outgoing">H7_COLOR_SETTINGS</color>
    <color name="message_icon_text_incoming">#FFFFFF</color>
    <color name="message_icon_text_outgoing">#FFFFFF</color>
    <color name="message_text_incoming">#FFFFFF</color>
    <color name="message_text_outgoing">#FFFFFF</color>
    <color name="mtrl_btn_text_color_disabled">#ffe8e8e8</color>
    <color name="mtrl_btn_transparent_bg_color">#00ffffff</color>
    <color name="mtrl_textinput_default_box_stroke_color">#ffff0000</color>
    <color name="mtrl_textinput_disabled_color">#ffe8e8e8</color>
    <color name="mtrl_textinput_hovered_box_stroke_color">#ffff0000</color>
    <color name="mw_settings_text_default">#ffe8e8e8</color>
    <color name="nfc_notice_bg">#80b2d7f1</color>
    <color name="no_default_app_fill_color">#ffff0000</color>
    <color name="notification_action_color_filter">#ff01baba</color>
    <color name="notification_icon_bg_color">#ff777777</color>
    <color name="password_eye_color">#80ffffff</color>
    <color name="password_eye_icon_color">#ffe8e8e8</color>
    <color name="password_hint_color">#ffcacbcc</color>
    <color name="password_tip_error_msg">#ffff3320</color>
    <color name="password_tip_title">#ffffff</color>
    <color name="payment_help_text_color">#ff00bbff</color>
    <color name="payment_help_text_summary_color">#ffe8e8e8</color>
    <color name="payment_list_text_color">#ffe8e8e8</color>
    <color name="pin_edit_dot_color">#ffcccccc</color>
    <color name="pin_edittext_circle_color">#ffededed</color>
    <color name="pin_figure_middle_color">#ff202020</color>
    <color name="preference_add_other_network_color">H7_COLOR_SETTINGS</color>
    <color name="preference_divider_grey_global">#ff252525</color>
    <color name="preference_empty_list">#ffe8e8e8</color>
    <color name="preference_fallback_accent_color">#ff008577</color>
    <color name="pressure_button_text_color">#88ffffff</color>
    <color name="pressure_sensitivity_tip_text_color">#88ffffff</color>
    <color name="pressure_standards_circle_color">#3326a69a</color>
    <color name="pressure_start_end_text_color">#ffe8e8e8</color>
    <color name="pressure_tip_text_color">#d8ffffff</color>
    <color name="primary_dark_material_dark">#ffffff</color>
    <color name="primary_dark_material_light">H7_ACTIONBAR</color>
    <color name="primary_material_dark">H7_ACTIONBAR</color>
    <color name="primary_material_light">H7_ACTIONBAR</color>
    <color name="primary_text_dark_disabled">#ffe8e8e8</color>
    <color name="primary_text_default_material_dark">#ffffffff</color>
    <color name="primary_text_default_material_light">#ffe8e8e8</color>
    <color name="primary_text_disabled_material_dark">#4dffffff</color>
    <color name="primary_text_disabled_material_light">#ffe8e8e8</color>
    <color name="private_dns_error_tip_color">#fffa2a2d</color>
    <color name="privatespace_text_color">#80ffffff</color>
    <color name="progress_color_3d_liujie">H7_COLOR_SETTINGS</color>
    <color name="progress_pruple_color_3d_liujie">#ff846df8</color>
    <color name="recommend_item_color">#ffa6deea</color>
    <color name="recommend_item_textview_bg">#ff252525</color>
    <color name="recommend_item_title_color">#ffe8e8e8</color>
    <color name="red">#ffff0000</color>
    <color name="red_FF3320">#ffff3320</color>
    <color name="rigo_blue">#ff34c0c5</color>
    <color name="rigo_blue_global">#ff12d4dc</color>
    <color name="ripple_material_dark">#33ffffff</color>
    <color name="running_processes_apps_ram">#fffec22f</color>
    <color name="running_processes_free_ram">#fff2f2f2</color>
    <color name="running_processes_system_ram">#ff3697ff</color>
    <color name="search_action_bar_hint_text_color">#80ffffff</color>
    <color name="searchview_cursor_color_light_bg">H7_COLOR_SETTINGS</color>
    <color name="searchview_text_color_light_bg">#ffffffff</color>
    <color name="secondary_text_default_material_dark">#80ffffff</color>
    <color name="secondary_text_default_material_light">#80ffffff</color>
    <color name="secondary_text_disabled_material_dark">#33ffffff</color>
    <color name="secondary_text_disabled_material_light">#33ffffff</color>
    <color name="seek_bar_preference_preview_text">#ffffffff</color>
    <color name="setting_ic">#ffededed</color>
    <color name="settings_arrow_icon_color">#ffededed</color>
    <color name="settings_empty_state_icon_color">#ffededed</color>
    <color name="settings_icon_main_color">#ffededed</color>
    <color name="setup_divider_color_dark">#33ffffff</color>
    <color name="setup_lock_pattern_view_error_color_dark">#fff44336</color>
    <color name="setup_lock_pattern_view_regular_color_dark">#ffbdbdbd</color>
    <color name="setup_lock_pattern_view_success_color_dark">#ff84ffff</color>
    <color name="setup_wizard_wifi_color_dark">#89ffffff</color>
    <color name="shortcut_icon_color">#fff5f5f5</color>
    <color name="status_bar_brightness_image_color">#ffe8e8e8</color>
    <color name="status_bar_color">#ffffcc00</color>
    <color name="storage_wizard_second_body_color">#ffffff</color>
    <color name="summary_default_end">#ffced7db</color>
    <color name="summary_default_start">#ff009587</color>
    <color name="suw_color_accent_dark">#ff448aff</color>
    <color name="suw_color_accent_glif_dark">H7_COLOR_SETTINGS</color>
    <color name="suw_color_accent_glif_light">H7_COLOR_SETTINGS</color>
    <color name="suw_color_accent_glif_v3">#ff1a73e8</color>
    <color name="suw_color_accent_light">#ff3367d6</color>
    <color name="suw_flat_button_highlight">#1fffffff</color>
    <color name="suw_glif_edit_text_bg_light_color">#ff252525</color>
    <color name="suw_glif_v3_nav_bar_color_light">#ffffffff</color>
    <color name="suw_link_color_dark">#ff448aff</color>
    <color name="suw_link_color_light">#ff3367d6</color>
    <color name="suw_list_item_icon_color_dark">#b3ffffff</color>
    <color name="suw_list_item_icon_color_light">#89ffffff</color>
    <color name="suw_progress_bar_color_dark">#ffffcd40</color>
    <color name="suw_progress_bar_color_light">#fff4b400</color>
    <color name="switch_accent_color">#ff7fcac3</color>
    <color name="switch_thumb_disabled_material_dark">#ff616161</color>
    <color name="switch_thumb_disabled_material_light">#ffbdbdbd</color>
    <color name="switch_thumb_normal_material_dark">#ffbdbdbd</color>
    <color name="switch_thumb_normal_material_light">#fff1f1f1</color>
    <color name="system_warning_color">#fff4511e</color>
    <color name="timestamp_text_incoming">#99ffffff</color>
    <color name="timestamp_text_outgoing">#9900bbff</color>
    <color name="tip_pop_text_color">#ffe8e8e8</color>
    <color name="title_while">#ffffff</color>
    <color name="usage_graph_dots">#ffb0bec5</color>
    <color name="warning">#ffff5621</color>
    <color name="white_area_color">#ff202020</color>
    <color name="widget_icon_color">#80ffffff</color>
    <color name="widget_text_color">#80ffffff</color>
    <color name="wifi_details_icon_color">#8affffff</color>
    <color name="wifi_divider">#ff252525</color>
    <color name="wifi_qrcode_summary_color">#ccffffff</color>
    <color name="wifi_signal_dark_color">#b4ffffff</color>
</resources>
