﻿<?xml version="1.0" encoding="utf-8"?>
<resources>
	<color name="contact_svg_icon_base_green_color">H7_COLOR_DIALER</color>
	<color name="contact_svg_icon_base_green_color_a">H7_COLOR_DIALER</color>
	<color name="emui_fab_normal">H7_COLOR_DIALER</color>
    <color name="emui_fab_pressed">H7_COLOR_DIALER</color>
	<color name="emui_fab_icon">#ffffff</color>
	<color name="emui_primary">#ffffff</color>
	<color name="emui_primary_fab">#ffffff</color>
	<color name="backdrop_background_color">H7_BACKGROUND</color>																	 
	<color name="call_detail__blank_backgroud_color">H7_BACKGROUND</color>
	<color name="call_subject_history_background">H7_BACKGROUND</color>
	<color name="material_grey_900">H7_BACKGROUND</color>												   
	<color name="primary_material_dark">H7_BACKGROUND</color>
	<color name="profile_simple_card_header_secondary_text_color">H7_BACKGROUND</color>
	<color name="contact_eidtor_title_num_color">#fffeff</color>
    <color name="people_app_theme_color">#fffeff</color>
    <color name="call_log_button_group_layout_selected_color">#fffeff</color>
    <color name="contact_highlight_text_color">#fffeff</color>
    <color name="rce_precall_actionbar_background_color">#fffeff</color>
	<color name="text_clickable_pressed">#fffeff</color>
    <color name="dialpad_guidle_letter_color">#fffeff</color>
    <color name="pinned_header_textview_color">#fffeff</color>
    <color name="alpha_pinned_header_textview_color">#fffeff</color>
    <color name="alpha_scroller_text_selected_color">#fffeff</color>
    <color name="menu_state_default_dark_icon">#fffeff</color>
    <color name="menu_state_pressed_dark_icon">#fffeff</color>
    <color name="menu_state_focused_dark_icon">#88fffeff</color>
    <color name="menu_state_selected_dark_icon">#fffeff</color>
    <color name="menu_state_disabled_dark_icon">#33fffeff</color>
    <color name="contact_svg_icon_base_blue_color">#fffeff</color>
    <color name="contact_shortcut_icon_color">#fffeff</color>
    <color name="digits_edit_text_dialer_cursor_color">#fffeff</color>
    <color name="tips_and_divider_color">#00cacaca</color>
    <color name="divider_color">#00cacaca</color>
    <color name="contact_dialpad_digits_text">#ffffffff</color>
    <color name="contact_dialpad_digits_name_text">#b2ffffff</color>
    <color name="dialer_search_highlightcolor">#fffffeff</color>
    <color name="dialer_search_highlightcolor">#ffac6ae4</color>
	<color name="contact_list_item_text_color">#e6ffffff</color>
	<color name="contact_list_item_sub_text_color">#80ffffff</color>
    <color name="alpha_scroller_invalid_text_selected_color">#80ffffff</color>
    <color name="alpha_scroller_inactive_text_selected">#80ffffff</color>
    <color name="alpha_scroller_inactive_text">#80ffffff</color>
    <color name="contact_serachlayout_background">H7_COLOR_DIALER_AB</color>
	<color name="contact_searchfield_hint_text_normal_color">#80ffffff</color>
    <color name="contact_searchfield_hint_text_pressed_color">#33ffffff</color>
	<color name="contact_eidtor_item_name_color">#ffffffff</color>
    <color name="contact_eidtor_item_content_color">#80ffffff</color>
	<color name="call_log_primary_text_color">#ffffffff</color>
	<color name="call_log_secondary_text_color">#80ffffff</color>
    <color name="contact_eidtor_title_color">#ffffffff</color>
	<color name="contact_section_title_text_color">#ffffffff</color>
	<color name="contact_bt_prepare_title_color">#ffffffff</color>
    <color name="contact_calllog_detail_main_text_color">#ffffffff</color>
    <color name="contact_detail_white_sub_text_color">#80ffffff</color>
    <color name="contact_detail_white_important_text_color">#FFffffff</color>
    <color name="contact_detail_white_sub_text_color">#80ffffff</color>
    <color name="dialpad_huawei_text_color">#80ffffff</color>
    <color name="menu_selector_color_state_focused">#66fffeff</color>
    <color name="menu_selector_color_state_pressed">#66fffeff</color>
    <color name="menu_selector_color_state_enabled">#4efffeff</color>
    <color name="menu_selector_color_state_default">#99fffeff</color>
    <color name="empty_contacts_text_color">#80ffffff</color>
	<color name="contact_account_header_number_color">#ffffff</color>
	<color name="contact_account_header_name_color">#ffffff</color>
	<color name="lazy_mode_textview_color">#ffffffff</color>
    <color name="background_change">#00000002</color>
    <color name="contact_detail_data_text_color">#ffffff</color>
    <color name="contact_detail_item_type_color">#80ffffff</color>
    <drawable name="class_zero_background">#7f040000</drawable>
    <drawable name="text_color_red">#ffff4444</drawable>
    <drawable name="text_color_black">#fffffeff</drawable>
    <color name="mms_sub_text_color">#A5fffeff</color>
    <color name="text_color_taste_isMms_normal">#fffffeff</color>
    <color name="label_downloading">#99fffeff</color>
    <color name="list_item_downlod_btn_disable_color">#64fffeff</color>
    <color name="list_item_btn_disable_color">#64fffeff</color>
    <color name="text_color_white">#fffffeff</color>
    <color name="incoming_msg_text_color">#fffeff</color>
    <color name="mms_send_to_text_color">#DBfffeff</color>
    <color name="single_text_editor_color">#fffffeff</color>
    <color name="slide_page_number_color">#a5fffeff</color>
    <color name="text_color_button">#fffffeff</color>
    <color name="text_color_white_important">#fffffeff</color>
    <color name="text_color_white_sub">#B2fffeff</color>
    <drawable name="splite_line_drawable_white">#33fffeff</drawable>
    <color name="text_color_balck_sub">#A5fffeff</color>
    <color name="text_color_black_main">#D8fffeff</color>
    <color name="mms_unread_text_color">#fffeff</color>
    <color name="text_color_black_sub_2">#4Cfffeff</color>
    <color name="text_color_black_sub_1">#7Ffffeff</color>
    <color name="text_color">#fffffeff</color>
    <color name="sms_number_set_warning">#f0460e</color>
    <color name="attach_panel_item_color">#f0fffeff</color>
    <color name="attach_panel_grid_line_color">#33fffeff</color>
    <color name="text_color_black_important">#E5fffeff</color>
    <color name="sign_view_select_color">#66df1a00</color>
    <color name="sign_view_unselect_color">#19df1a00</color>
    <color name="mms_bg_change">#00000000</color>
    <color name="text_color_white_sub_1">#7Fffffff</color>
    <color name="text_color_white_sub_2">#4Cffffff</color>
    <color name="text_color_white_splite_line">#33ffffff</color>
    <color name="text_color_white_main">#D8ffffff</color>
    <color name="menu_state_pressed_light_icon">#fffeff</color>
    <color name="menu_state_focused_light_icon">#fffeff</color>
    <color name="menu_state_selected_light_icon">#fffeff</color>
    <color name="menu_state_disabled_light_icon">#33ffffff</color>
    <color name="menu_state_default_light_icon">#fffeff</color>
    <color name="normal_state_icon_color">#80ffffff</color>
    <color name="normal_state_icon_light_color">#ffffff</color>
    <color name="red_icon_color">#FF3320</color>
    <color name="orange_icon_color">#FB6522</color>
    <color name="yellow_icon_color">#FFBA1B</color>
    <color name="text_color_spinner_item">#ffffff</color>
    <color name="favorites_tile_name_text_pressed_color">#80ffffff</color>
    <color name="shortcut_item_type_textcolor">#ffffff</color>
    <color name="shortcut_item_data_textcolor">#80ffffff</color>
    <color name="empty_icon_color">#4dffffff</color>
    <color name="list_text_color_emui_summary">#80ffffff</color>
    <color name="voicemail_status_background">#f1ceca</color>
    <color name="contact_eidtor_account_name_color">#ffffff</color>
    <color name="contact_eidtor_account_summary_name_color">#80FFFFFF</color>
    <color name="contacts_item_background_color">#0Dffffff</color>
    <color name="btn_detail_normal_icon_color">#33ffffff</color>
    <color name="contact_svg_icon_sim_grey_color">#33ffffff</color>
    <color name="people_background">H7_BACKGROUND</color>
    <color name="numbermark_tip_main_info_text_color">#ffffff</color>
    <color name="numbermark_tip_sub_info_text_color">#A6ffffff</color>
    <color name="numbermark_special_item_text_color">#33ffffff</color>
    <color name="searchLayout_background_color">H7_BACKGROUND</color>
    <color name="contact_dialog_content">#ffffff</color>
    <color name="background_primary">H7_BACKGROUND</color>
    <color name="upgrade_in_progress_text_color">#80ffffff</color>
    <color name="numbermark_background_color">H7_BACKGROUND</color>
    <color name="speed_dial_name_has_contact_default_color">#ffffff</color>
    <color name="speed_dial_number_default_color">#80ffffff</color>
    <color name="speed_dial_pressed_bg_color">#1DFFFFFF</color>
    <color name="speed_dial_circle_color">#33FFFFFF</color>
    <color name="autorecord_list_item_number_text_color">#ffffff</color>
	<color name="autorecord_user_list_noname_color">#D9ffffff</color>
	<color name="autorecord_user_list_hasname_color">#A6ffffff</color>
	<color name="primary_text_color_activated">#ffffff</color>
	<color name="contact_section_background_color">H7_BACKGROUND</color>
    <color name="contact_detail_qrcode_text_color">#80ffffff</color>
    <color name="contact_eidtor_account_hint_color">#33ffffff</color>
    <color name="contact_eidtor_source_account_type_color">#ffffff</color>
    <color name="contact_eidtor_source_account_name_color">#80ffffff</color>
    <color name="contact_eidtor_title_container_color">H7_BACKGROUND</color>
    <color name="empty_contacts_text_color">#80ffffff</color>
    <color name="empty_contact_list_text_color">#80ffffff</color>
    <color name="text_clickabe_selector_color">#fffeff</color>
    <color name="contact_eidtor_item_content_color">#80ffffff</color>
    <color name="profile_simple_card_container_primary_text_color">#80ffffff</color>
    <color name="contact_dialog_dontremindme_text_color">#ffffff</color>
    <color name="dialpad_guide_content_text_color">#80ffffff</color>
    <color name="contact_highlight_color">#fffeff</color>
    <color name="contacts_dialpad_key_number_color">#ffffff</color>
    <color name="contacts_dialpad_key_letter_color">#80ffffff</color>
    <color name="rcs_text_color_grey">#4DFFFFFF</color>
    <color name="rcs_text_color_black">#FFFFFF</color>
    <color name="rcs_title_text_lan_color">#ffffff</color>
    <color name="contacts_list_text_color_emui_summary">#80ffffff</color>
    <color name="associate_account_statement_text_color">#80ffffff</color>
    <color name="greetings_text_default_color">#FFFFFF</color>
    <color name="greetings_text__unenable_color">#33FFFFFF</color>
    <color name="dialpad_key_vvm_color">#80FFFFFF</color>
    <color name="contact_list_photo_outer_border_color">#33FFFFFF</color>
    <color name="contact_list_photo_resource_color">#FFFFFF</color>
    <color name="normal_state_icon_color">#80FFFFFF</color>
    <color name="btn_detail_disable_icon_color">#17FFFFFF</color>
    <color name="searchview_background_white">H7_COLOR_DIALER_AB</color>
    <color name="familyname_overlay_list_divider">#33FFFFFF</color>
    <color name="contact_camcard_about_text_color">#A6ffffff</color>
    <color name="profile_simple_card_bg_color">H7_COLOR_DIALER_AB</color>
    <color name="profile_simple_card_stroke_color">H7_COLOR_DIALER_AB</color>
    <color name="draglistview_backgroud_selected_color">H7_COLOR_DIALER_AB</color>
    <color name="dial_btn_background_color">#33ffffff</color>
    <color name="linkedin_mask_layer_start_color">#4D1E757D</color>
    <color name="linkedin_mask_layer_end_color">#00000000</color>
    <color name="default_nav_bar_color">H7_COLOR_DIALER_AB</color>
	
	
	
	<color name="hwfab_bg">H7_COLOR_DIALER</color>
	<color name="icon_emui_selector">#ffffffff</color>
	<color name="hwfab_pressed">H7_COLOR_DIALER</color>
	<color name="hwfab_shadow_start">#33000000</color>
	<color name="hwfab_shadow_end">#33000000</color>
	<color name="contact_svg_icon_base_green_color_a">H7_COLOR_DIALER</color>
	<color name="contact_svg_icon_base_grey_color_c">#80ffffff</color>
	<color name="dial_fab_backgrounp">H7_COLOR_DIALER</color>
	<color name="dial_fab_backgrounp_pressed">H7_COLOR_DIALER_PRESS</color>
	<color name="dial_fab_backgrounp_focue">H7_COLOR_DIALER</color>
	<color name="dial_hwfab_shadow_start">#33000000</color>
	<color name="dial_hwfab_shadow_end">#33000000</color>
	<color name="dialpad_background_color">H7_COLOR_DIALER_BG</color>
	<color name="draglistview_backgroud_selected_color">H7_COLOR_DIALER_AB</color>
	<color name="bottom_tab_bg">H7_COLOR_DIALER_AB</color>
	<color name="emui_accent">H7_COLOR_DIALER</color>
	<color name="download_selector_color_state_default">H7_COLOR_DIALER</color>
	<color name="hwfab_icon_start">#FFFFFF</color>
	<color name="hwfab_icon_end">#FFFFFF</color>
	<color name="emui_color_gray_7">#80ffffff</color>
	<color name="btn_detail_disable_icon_color">#ffffff</color>
	<color name="btn_detail_normal_icon_color">#80ffffff</color>
	<color name="normal_state_icon_color">#ffffff</color>
	<color name="speed_dial_name_has_contact_default_color">#ffffff</color>
	<color name="speed_dial_circle_color">#4Dffffff</color>
	<color name="speed_dial_pressed_bg_color">#80ffffff</color>
	<color name="empty_icon_color">#80ffffff</color>
	<color name="call_log_primary_text_color">#ffffff</color>
	<color name="contact_list_item_text_color">#ffffff</color>
	<color name="contact_eidtor_item_name_color">#ffffff</color>
	<color name="contact_account_header_name_color">#ffffff</color>
	<color name="dialpad_huawei_text_color">#ffffff</color>
	<color name="rcs_text_color_grey">#ffffff</color>
	<color name="call_log_secondary_text_color">#ffffff</color>
	<color name="empty_contacts_text_color">#ffffff</color>
	<color name="contact_eidtor_account_summary_name_color">#ffffff</color>
	<color name="contact_eidtor_item_content_color">#ffffff</color>
	<color name="contacts_list_text_color_emui_summary">#ffffff</color>
	<color name="contact_list_photo_outer_border_color">#80ffffff</color>
	<color name="contact_list_photo_resource_color">#80ffffff</color>
	<color name="contact_svg_icon_sim_grey_color">#ffffff</color>
	<color name="favorites_tile_name_text_pressed_color">#ffffff</color>
	<color name="contact_list_item_sub_text_color">#ffffff</color>
	<color name="contact_detail_data_text_color">#ffffff</color>
	<color name="contact_eidtor_account_hint_color">#ffffff</color>
	<color name="contact_eidtor_source_account_type_color">#ffffff</color>
	<color name="contact_eidtor_source_account_name_color">#ffffff</color>
	<color name="contact_camcard_about_text_color">#ffffff</color>
	<color name="text_color_spinner_item">#ffffff</color>
	<!-- vCard list -->
	<color name="shortcut_item_data_textcolor">ffffff</color>
	<color name="empty_icon_color">#ffffff</color>
	<color name="contact_detail_qrcode_text_color">#ffffff</color>
	<!-- SubTab-->
	<color name="hwsubtab_emui_color_bg">H7_COLOR_DIALER_AB</color>
	<color name="hwsubtab_emui_subtab_text_on">#80ffffff</color>
	<color name="hwsubtab_indicator_color">#80ffffff</color>
	<color name="hwsubtab_emui_subtab_text_off">#ffffff</color>
	<!-- 00000002 -->
	<color name="background_change">#00000002</color>
	<color name="dial_button_text_color">#80ffffff</color>
	<color name="dial_button_sim_name_color">#80ffffff</color>
	<color name="divider_color">#00000000</color>
	<color name="editor_default_avatar_element_icon">#99FFFFFF</color>
	<color name="hicall_recent_call_type_image">#FFFFFF</color>
	<color name="familyname_overlay_list_divider">#00000000</color>

	
</resources>