<?xml version="1.0" encoding="UTF-8"?><resources>

    
    <item type="drawable" name="activity_bg">H7_BACKGROUND</item>
    <item type="drawable" name="clone_blue_bg">H7_ACCENT_COLOR</item>
    <item type="drawable" name="grid_item_press">H7_ACCENT_COLOR_DISABLED</item>
    <item type="drawable" name="hw_screen_background_gray">H7_BACKGROUND</item>
    <item type="drawable" name="item_press_bg">H7_ACCENT_COLOR_PRESS</item>
    
    <item type="drawable" name="list_header_bg">H7_BACKGROUND</item>
    <item type="drawable" name="list_item_bg">H7_BACKGROUND</item>
    <item type="drawable" name="top_bar_bg">H7_ACCENT_COLOR</item>


    
    
    <color name="voucher_dialog_bg_color">H7_ACTIONBAR</color>
    
    
    


    <color name="CS_background">H7_BACKGROUND</color>
    
    
    
    
    
    
    
    
    
    
    
    
    
    
    
    <color name="CS_blue_text">H7_ACCENT_COLOR</color>
    
    
    
    
    
    
    
    <color name="CS_more_detail">H7_ACCENT_COLOR</color>
    <color name="CS_textview_jump_color">H7_ACCENT_COLOR</color>
    
    
    <color name="actionbar_bg_default_end">H7_BACKGROUND</color>
    <color name="actionbar_bg_default_start">H7_BACKGROUND</color>
    <color name="actionbar_bg_gold_end">H7_BACKGROUND</color>
    <color name="actionbar_bg_gold_start">H7_BACKGROUND</color>
    <color name="actionbar_bg_normal_end">H7_BACKGROUND</color>
    <color name="actionbar_bg_normal_start">H7_BACKGROUND</color>
    <color name="actionbar_bg_silver_end">H7_BACKGROUND</color>
    <color name="actionbar_bg_silver_start">H7_BACKGROUND</color>
    <color name="actionbar_bg_try_end">H7_BACKGROUND</color>
    <color name="actionbar_bg_try_start">H7_BACKGROUND</color>
    
    
    <color name="album_list_bg">H7_BACKGROUND</color>
    <color name="album_share_tab_title_color">H7_ACCENT_COLOR</color>
    <color name="attention_color">H7_ACCENT_COLOR</color>
    <color name="attention_color_30">H7_ACCENT_COLOR_DISABLED</color>
    
    
    
    <color name="backup_option_detail_guide_bg_color">H7_ACTIONBAR</color>
    
    
    
    
    
    
    
    <color name="btn_blue">H7_ACCENT_COLOR</color>
    
    
    
    
    
    
    <color name="color_0A59F7">H7_ACCENT_COLOR</color>
    
    <color name="color_blue_focus">H7_ACCENT_COLOR</color>
    
    
    
    
    
    
    
    
    <color name="diamond_right_background_color">H7_BACKGROUND</color>
    <color name="diamond_right_item_select_color">H7_ACTIONBAR</color>
    
    <color name="ecology_actionbar_color">H7_BACKGROUND</color>
    
    
    
    <color name="emui10_colorForeground_20">H7_ACTIONBAR</color>
    
    
    <color name="emui10_textColorPrimaryActivated">H7_ACCENT_COLOR</color>
    
    
    
    
    <color name="emui_accent">H7_ACCENT_COLOR</color>
    <color name="emui_accent_inverse">H7_ACCENT_COLOR</color>
    <color name="emui_accent_pressed">H7_ACCENT_COLOR</color>
    <color name="emui_activated">H7_ACCENT_COLOR</color>
    <color name="emui_activated_end">H7_ACCENT_COLOR</color>
    <color name="emui_activated_start">H7_ACCENT_COLOR</color>
    <color name="emui_appbar_bg">H7_BACKGROUND</color>
    
    
    <color name="emui_appbar_subbg">H7_BACKGROUND</color>
    
    
    
    
    
    <color name="emui_bottombar_bg">H7_BACKGROUND</color>
    <color name="emui_bottombar_bg_blur">H7_BACKGROUND</color>
    
    
    
    <color name="emui_bottombar_icon_on">H7_ACCENT_COLOR</color>
    <color name="emui_bottombar_icon_on_auxcolor_02">H7_ACCENT_COLOR_PRESS</color>
    <color name="emui_bottombar_subbg">H7_BACKGROUND</color>
    <color name="emui_bottombar_subbg_blur">H7_BACKGROUND</color>
    
    <color name="emui_bottombar_text_on">H7_ACCENT_COLOR</color>
    <color name="emui_bottomsheet_bg">H7_ACTIONBAR</color>
    
    
    
    
    <color name="emui_card_bg">H7_ACTIONBAR</color>
    <color name="emui_card_panel_bg">H7_ACTIONBAR</color>
    <color name="emui_center_color">H7_ACCENT_COLOR</color>
    
    
    
    <color name="emui_color_2">H7_ACCENT_COLOR</color>
    <color name="emui_color_3">H7_ACCENT_COLOR</color>
    
    
    
    
    <color name="emui_color_badge">H7_ACCENT_COLOR</color>
    <color name="emui_color_bg">H7_BACKGROUND</color>
    
    
    
    
    
    
    <color name="emui_color_fg_2">H7_ACCENT_COLOR</color>
    <color name="emui_color_fg_3">H7_ACCENT_COLOR</color>
    
    
    
    
    
    
    
    
    
    <color name="emui_color_gray_1">H7_ACTIONBAR</color>
    
    <color name="emui_color_gray_2">H7_ACTIONBAR</color>
    <color name="emui_color_gray_3">H7_ACTIONBAR</color>
    <color name="emui_color_gray_4">H7_ACTIONBAR</color>
    
    
    
    
    
    
    
    
    
    
    <color name="emui_color_subbg">H7_BACKGROUND</color>
    
    
    <color name="emui_color_text_highlight">H7_ACCENT_COLOR_PRESS</color>
    
    
    
    <color name="emui_color_tips_bg">H7_ACTIONBAR</color>
    <color name="emui_color_tooltips_bg">H7_ACTIONBAR</color>
    
    <color name="emui_control_focused">H7_ACCENT_COLOR</color>
    <color name="emui_control_focused_outline">H7_ACCENT_COLOR</color>
    <color name="emui_control_highlight">H7_ACCENT_COLOR</color>
    
    
    
    <color name="emui_dialog_bg">H7_ACTIONBAR</color>
    
    <color name="emui_end_color">H7_ACCENT_COLOR</color>
    <color name="emui_fab_bg_normal">H7_ACCENT_COLOR</color>
    <color name="emui_fab_bg_pressed">H7_ACCENT_COLOR</color>
    <color name="emui_fab_shadow_end">H7_ACCENT_COLOR_DISABLED</color>
    <color name="emui_fab_shadow_start">H7_ACCENT_COLOR_DISABLED</color>
    
    
    
    <color name="emui_functional_blue">H7_ACCENT_COLOR</color>
    <color name="emui_functional_blue_disable">H7_ACCENT_COLOR_PRESS</color>
    <color name="emui_functional_blue_inverse">H7_ACCENT_COLOR</color>
    
    
    
    
    
    
    
    
    
    
    
    
    
    
    
    
    
    
    <color name="emui_start_color">H7_ACCENT_COLOR</color>
    <color name="emui_subtab_bg">H7_BACKGROUND</color>
    <color name="emui_subtab_line_on">H7_ACCENT_COLOR</color>
    
    <color name="emui_subtab_text_on">H7_ACCENT_COLOR</color>
    
    
    
    
    
    
    
    
    <color name="emui_textedit_cursor">H7_ACCENT_COLOR</color>
    <color name="emui_toolbar_bg">H7_BACKGROUND</color>
    
    <color name="emui_toolbar_icon_actived">H7_ACCENT_COLOR</color>
    <color name="emui_toolbar_subbg">H7_BACKGROUND</color>
    
    <color name="emui_toolbar_text_actived">H7_ACCENT_COLOR</color>
    
    <color name="emui_white_bg">H7_BACKGROUND</color>
    
    <color name="faq_emui_accent">H7_ACCENT_COLOR</color>
    <color name="faq_emui_color_gray_10">H7_ACTIONBAR</color>
    
    
    <color name="faq_emui_white_bg">H7_BACKGROUND</color>
    <color name="faq_sdk_action_bar_grey">H7_ACTIONBAR</color>
    
    <color name="faq_sdk_btn_blue">H7_ACCENT_COLOR</color>
    <color name="faq_sdk_category_menu_bg">H7_ACTIONBAR</color>
    <color name="faq_sdk_dialog_bg">H7_ACTIONBAR</color>
    
    
    <color name="faq_sdk_label_highlight_text_color_normal">H7_ACCENT_COLOR</color>
    
    
    
    
    
    
    <color name="faq_sdk_notice_view_background">H7_BACKGROUND</color>
    
    <color name="faq_sdk_notice_view_pad_background">H7_BACKGROUND</color>
    <color name="faq_sdk_online_them">H7_BACKGROUND</color>
    <color name="faq_sdk_pop_menu_bg">H7_ACTIONBAR</color>
    
    
    
    <color name="faq_sdk_share_bg">H7_ACTIONBAR</color>
    <color name="faq_sdk_white_bg">H7_BACKGROUND</color>
    <color name="feedback_sdk_action_bar_grey">H7_ACTIONBAR</color>
    
    
    
    
    <color name="feedback_sdk_common_btn_blue">H7_ACCENT_COLOR</color>
    <color name="feedback_sdk_dialog_bg">H7_ACTIONBAR</color>
    
    
    
    
    
    
    <color name="feedback_sdk_notice_view_background">H7_BACKGROUND</color>
    
    <color name="feedback_sdk_notice_view_pad_background">H7_BACKGROUND</color>
    
    <color name="feedback_sdk_problem_photo_bg">H7_ACTIONBAR</color>
    <color name="feedback_sdk_problem_question_info_bg">H7_ACTIONBAR</color>
    
    
    
    
    
    <color name="feedback_sdk_problem_recycle_select_question_type_bg">H7_ACCENT_COLOR</color>
    
    <color name="feedback_sdk_problem_submit_normol_bg">H7_ACCENT_COLOR</color>
    <color name="feedback_sdk_problem_submit_select_bg">H7_ACCENT_COLOR</color>
    <color name="feedback_sdk_problem_submit_text">H7_ACCENT_COLOR</color>
    <color name="feedback_sdk_tab_slider_bg_color_selected">H7_ACCENT_COLOR</color>
    <color name="feedback_sdk_tab_slider_bg_color_selected_50">H7_ACCENT_COLOR_PRESS</color>
    
    
    <color name="feedback_tab_text_color_selected_20">H7_ACCENT_COLOR_DISABLED</color>
    
    
    <color name="grade_card_bg_color_F6F6F6">H7_BACKGROUND</color>
    
    
    
    
    
    
    
    
    
    
    
    
    
    
    
    
    
    
    
    
    
    
    
    
    
    
    
    <color name="hiad_app_down_processing_backgroud">#00ffffff</color>
    
    
    
    
    
    <color name="hiad_cancel_text_color">H7_ACCENT_COLOR</color>
    
    
    
    
    <color name="hiad_download_button">H7_ACCENT_COLOR</color>
    <color name="hiad_download_button_pressed">H7_ACCENT_COLOR</color>
    
    <color name="hiad_emui_accent">H7_ACCENT_COLOR</color>
    
    <color name="hiad_emui_white">H7_BACKGROUND</color>
    <color name="hiad_endcard_default_bg">H7_ACTIONBAR</color>
    
    
    <color name="hiad_install_success_card_color">H7_ACTIONBAR</color>
    
    
    <color name="hiad_landing_app_down_normal_bg_hm">H7_ACCENT_COLOR</color>
    
    <color name="hiad_open_btn_pressed_bg">H7_ACTIONBAR</color>
    <color name="hiad_popup_default_bg">H7_ACTIONBAR</color>
    
    
    
    <color name="hiad_theme_color">H7_ACCENT_COLOR</color>
    
    <color name="hiad_video_progress_blue_hm">H7_ACCENT_COLOR</color>
    
    <color name="hicloud_activity_bg">H7_BACKGROUND</color>
    <color name="hicloud_bg_color_border">H7_ACTIONBAR</color>
    <color name="hicloud_bg_color_dark">H7_ACTIONBAR</color>
    <color name="hicloud_card_bg">H7_ACTIONBAR</color>
    
    
    
    
    
    <color name="hicloud_hmos_bg">H7_BACKGROUND</color>
    <color name="hicloud_main_actionbar_background_color_scroll_10_0">H7_BACKGROUND</color>
    <color name="hicloud_main_actionbar_background_color_scroll_5_0">H7_BACKGROUND</color>
    <color name="hicloud_main_actionbar_background_color_scroll_9_0">H7_BACKGROUND</color>
    
    
    
    
    <color name="hicloud_main_back_end">H7_BACKGROUND</color>
    <color name="hicloud_main_back_start">H7_BACKGROUND</color>
    <color name="hicloud_section_color">H7_ACTIONBAR</color>
    
    <color name="hicloud_vertical_item_bg">H7_BACKGROUND</color>
    <color name="hicloud_vertical_item_pressed">H7_ACTIONBAR</color>
    
    
    
    <color name="hidisk_action_bar_bg_gray">H7_ACTIONBAR</color>
    <color name="hidisk_action_bar_bg_gray_8_0">H7_ACTIONBAR</color>
    <color name="hidisk_action_bar_bg_white">H7_BACKGROUND</color>
    
    <color name="hidisk_category_tab_bg">H7_BACKGROUND</color>
    
    
    
    <color name="hidisk_popupwindow_background">H7_ACTIONBAR</color>
    <color name="hidisk_popupwindow_background_shadow_1">#00000000</color>
    <color name="hidisk_popupwindow_background_shadow_2">#00000000</color>
    <color name="hidisk_popupwindow_background_shadow_3">#00000000</color>
    <color name="hidisk_popupwindow_background_shadow_4">#00000000</color>
    <color name="hidisk_popupwindow_background_shadow_5">#00000000</color>
    <color name="hidisk_white">H7_BACKGROUND</color>
    
    <color name="hwalphaindexerlistview_label_shadow_color">H7_BACKGROUND</color>
    <color name="hwalphaindexerlistview_text_bg_color">H7_ACCENT_COLOR_DISABLED</color>
    <color name="hwbottomnavigationview_bg">H7_ACTIONBAR</color>
    <color name="hwbottomnavigationview_blur_color">H7_ACTIONBAR</color>
    
    <color name="hwbutton_color_emui_accent_disable">H7_ACCENT_COLOR_DISABLED</color>
    
    
    <color name="hwbutton_functional_blue_disable">H7_ACCENT_COLOR_DISABLED</color>
    
    
    
    
    
    
    <color name="hwspinner_list_shadow_color">H7_BACKGROUND</color>
    
    
    
    
    
    
    
    
    
    
    <color name="main_open_service_text_color">H7_ACCENT_COLOR</color>
    
    
    
    <color name="mem_right_show_list_bg_color">H7_ACTIONBAR</color>
    
    
    
    
    
    
    <color name="oobe_btn_pressed">H7_ACCENT_COLOR</color>
    
    
    
    <color name="package_time_recyclerview_item_choose_color">H7_ACTIONBAR</color>
    
    <color name="pay_activity_harmony_bg">H7_BACKGROUND</color>
    
    
    
    
    <color name="pf_black_5_percent">H7_ACTIONBAR</color>
    <color name="ph_blue_bg_circle">H7_ACCENT_COLOR</color>
    
    
    
    
    
    <color name="progress_text_color">H7_ACCENT_COLOR</color>
    <color name="recommend_button_bg_color">H7_ACCENT_COLOR</color>
    
    
    <color name="stock_active_open_later_color_66">H7_ACCENT_COLOR_DISABLED</color>
    <color name="stock_active_open_later_color_ff">H7_ACCENT_COLOR</color>
    
    <color name="storage_bar_default_color">H7_ACTIONBAR</color>
    <color name="storage_manage_bar_bd">H7_BACKGROUND</color>
    <color name="storage_manage_bg">H7_BACKGROUND</color>
    <color name="storage_manager_card_bg">H7_ACTIONBAR</color>
    
    
    
    
    <color name="tab_selected_text_color2">H7_ACCENT_COLOR</color>
    <color name="theme_color">H7_ACCENT_COLOR</color>
    
    
    
    
    <color name="transparent">#00000000</color>
    
    <color name="upsdk_color_gray_1">H7_ACTIONBAR</color>
    
    
    
    
    
    
    <color name="CS_background_801_oversea">H7_BACKGROUND</color>
    
    <color name="CS_blue_color">H7_ACCENT_COLOR</color>
    <color name="CS_blue_text_20_percent">H7_ACCENT_COLOR_DISABLED</color>
    <color name="CS_blue_text_pressed">H7_ACCENT_COLOR</color>
    
    
    
    
    
    
    <color name="accent_emui">H7_ACCENT_COLOR</color>
    <color name="accent_emui_dark">H7_ACCENT_COLOR</color>
    
    <color name="accent_emui_emphasize">H7_ACCENT_COLOR</color>
    <color name="accent_emui_emphasize_disabled">H7_ACCENT_COLOR_DISABLED</color>
    <color name="accent_emui_emphasize_pressed">H7_ACCENT_COLOR</color>
    <color name="accent_emui_pressed">H7_ACCENT_COLOR</color>
    <color name="accent_emui_text_hightlight">H7_ACCENT_COLOR</color>
    
    
    
    
    
    <color name="accent_on_dark_emui">H7_ACCENT_COLOR</color>
    <color name="accent_on_disable_dark_emui">H7_ACCENT_COLOR_DISABLED</color>
    <color name="accent_on_disable_emui">H7_ACCENT_COLOR_PRESS</color>
    
    
    
    <color name="all_background_color">H7_BACKGROUND</color>
    
    <color name="alphaindexer_selected_alpha_color">H7_ACCENT_COLOR</color>
    
    
    
    
    <color name="bg_color_light">H7_BACKGROUND</color>
    
    <color name="black_3">H7_ACTIONBAR</color>
    
    
    
    
    
    
    
    
    
    
    
    <color name="blue_53">H7_ACCENT_COLOR</color>
    <color name="blue_color">H7_ACCENT_COLOR</color>
    <color name="blue_color_50">H7_ACCENT_COLOR_PRESS</color>
    <color name="blue_emui5_text">H7_ACCENT_COLOR</color>
    <color name="blue_text_color">H7_ACCENT_COLOR</color>
    <color name="bottom_bar_btn_pressed">H7_ACCENT_COLOR_PRESS</color>
    <color name="bright_foreground_disabled_holo_dark_emui">H7_ACTIONBAR</color>
    
    
    
    
    
    <color name="clone_app_mark_bg_color">H7_ACCENT_COLOR</color>
    <color name="clone_choose_type">H7_ACTIONBAR</color>
    
    
    
    
    
    
    
    
    
    
    
    
    
    <color name="cloudsetting_color_actionbar_themecolor">H7_BACKGROUND</color>
    
    <color name="cloudsetting_color_primary_theme5">H7_BACKGROUND</color>
    
    <color name="cloudsetting_dowanload_progressbar_color">H7_ACCENT_COLOR</color>
    
    
    <color name="cloudsetting_white_needchange">H7_BACKGROUND</color>
    <color name="code_text_color">H7_ACTIONBAR</color>
    
    <color name="color_loading_bottom_view_bg">H7_BACKGROUND</color>
    <color name="colorful_emui">#00000000</color>
    <color name="contact_text_black">H7_ACTIONBAR</color>
    
    <color name="cs_emui_accent">H7_ACCENT_COLOR</color>
    
    
    
    
    
    
    <color name="dialog_title_color">H7_ACCENT_COLOR</color>
    
    
    
    
    <color name="dim_foreground_inverse_emui">H7_ACTIONBAR</color>
    
    
    
    
    
    
    <color name="emui_background_light">H7_ACTIONBAR</color>
    
    <color name="emui_black_color_alpha_100">H7_BACKGROUND</color>
    
    
    
    
    
    
    
    
    <color name="emui_blue_dark">H7_ACCENT_COLOR</color>
    <color name="emui_blue_light">H7_ACCENT_COLOR</color>
    
    <color name="emui_bright_foreground_light">H7_BACKGROUND</color>
    
    
    
    
    
    
    
    <color name="emui_custom_panel_background">H7_BACKGROUND</color>
    <color name="emui_detail_text_pressed">H7_ACCENT_COLOR</color>
    
    <color name="emui_dialog_blue_light">H7_ACCENT_COLOR</color>
    
    
    
    
    
    
    <color name="emui_highlighted_text">H7_ACCENT_COLOR_PRESS</color>
    
    
    
    
    
    
    
    
    
    
    
    <color name="emui_master_color_1">H7_ACCENT_COLOR</color>
    <color name="emui_master_color_10">H7_ACCENT_COLOR</color>
    <color name="emui_master_color_11">H7_BACKGROUND</color>
    <color name="emui_master_color_2">H7_ACCENT_COLOR</color>
    <color name="emui_master_color_3">H7_ACCENT_COLOR</color>
    <color name="emui_master_color_4">H7_ACCENT_COLOR</color>
    <color name="emui_master_color_5">H7_ACCENT_COLOR</color>
    <color name="emui_master_color_6">H7_ACCENT_COLOR</color>
    <color name="emui_master_color_7">H7_ACCENT_COLOR</color>
    <color name="emui_master_color_8">H7_ACCENT_COLOR</color>
    <color name="emui_master_color_9">H7_ACCENT_COLOR</color>
    
    
    <color name="emui_master_color_mark_0">H7_ACCENT_COLOR</color>
    <color name="emui_master_color_mark_0_alpha_20">H7_ACCENT_COLOR_DISABLED</color>
    <color name="emui_master_color_mark_0_alpha_70">H7_ACCENT_COLOR_PRESS</color>
    <color name="emui_master_color_mark_1">H7_ACCENT_COLOR</color>
    
    
    
    
    
    
    <color name="emui_master_color_mark_1_alpha_20">H7_ACCENT_COLOR_DISABLED</color>
    <color name="emui_master_color_mark_1_alpha_70">H7_ACCENT_COLOR_PRESS</color>
    <color name="emui_master_color_mark_2">H7_ACCENT_COLOR</color>
    <color name="emui_master_color_mark_2_alpha_20">H7_ACCENT_COLOR_DISABLED</color>
    <color name="emui_master_color_mark_2_alpha_70">H7_ACCENT_COLOR_PRESS</color>
    
    
    
    
    
    
    
    
    
    
    
    
    
    
    
    
    
    
    
    
    
    
    
    
    <color name="emui_numberpicker_select_textcolor">H7_ACCENT_COLOR</color>
    
    
    
    
    <color name="emui_progressbar_loading_fill_color">H7_ACCENT_COLOR</color>
    
    
    
    
    
    
    
    
    
    
    
    
    
    
    
    
    
    
    
    
    
    
    
    
    
    
    
    <color name="emui_white_dialog_bg">H7_ACTIONBAR</color>
    
    
    
    
    <color name="fastapp_blue_text_007dff">H7_ACCENT_COLOR</color>
    
    <color name="feedback_actionbar_bg">H7_ACTIONBAR</color>
    
    
    
    
    
    
    <color name="feedback_blue">H7_ACCENT_COLOR</color>
    <color name="feedback_blue_disable">H7_ACCENT_COLOR_DISABLED</color>
    
    
    <color name="feedback_et_bg">H7_ACTIONBAR</color>
    <color name="feedback_highlight_color">H7_ACCENT_COLOR</color>
    <color name="feedback_highlight_color_disable">H7_ACCENT_COLOR_DISABLED</color>
    <color name="feedback_highlight_color_disable_old">H7_ACCENT_COLOR_DISABLED</color>
    <color name="feedback_highlight_color_old">H7_ACCENT_COLOR</color>
    
    
    
    
    <color name="feedback_smarthelper_user_textview_bg">H7_ACCENT_COLOR</color>
    <color name="feedback_spannable_click_color">H7_ACCENT_COLOR</color>
    
    
    
    
    
    
    
    <color name="feedback_transparent">#00000000</color>
    
    
    
    
    
    
    
    <color name="hidisk_action_bar_bg_white_8_0">H7_BACKGROUND</color>
    
    <color name="hidisk_autolink_color">H7_ACCENT_COLOR</color>
    
    
    <color name="hidisk_btn_lock_bgcolor">H7_BACKGROUND</color>
    <color name="hidisk_color_about_backgroud">H7_BACKGROUND</color>
    <color name="hidisk_color_about_stongbox">H7_ACTIONBAR</color>
    
    
    
    
    
    
    
    
    
    
    <color name="hidisk_color_category_storage_layout_bg">H7_ACTIONBAR</color>
    
    
    
    <color name="hidisk_color_download_progress_solid">H7_BACKGROUND</color>
    <color name="hidisk_color_download_progress_widget_background">H7_ACCENT_COLOR</color>
    <color name="hidisk_color_download_progress_widget_background_solid">H7_ACCENT_COLOR_DISABLED</color>
    <color name="hidisk_color_download_progress_widget_background_stroke">H7_ACCENT_COLOR</color>
    <color name="hidisk_color_download_progress_widget_progress_solid">H7_ACCENT_COLOR_DISABLED</color>
    <color name="hidisk_color_download_progress_widget_secondaryprogress_stroke">H7_ACCENT_COLOR</color>
    
    
    
    <color name="hidisk_color_search_online">H7_ACCENT_COLOR</color>
    
    <color name="hidisk_color_storage_detail_background">H7_ACTIONBAR</color>
    
    <color name="hidisk_color_windowtitle_text">H7_BACKGROUND</color>
    
    <color name="hidisk_default_background">H7_BACKGROUND</color>
    
    <color name="hidisk_help_paper_background">H7_ACTIONBAR</color>
    
    
    
    
    
    
    
    
    <color name="hidisk_mine_card_end_color">H7_ACTIONBAR</color>
    <color name="hidisk_mine_card_start_color">H7_ACTIONBAR</color>
    
    <color name="hidisk_navigation_bar_bg_gray">H7_ACTIONBAR</color>
    <color name="hidisk_navigation_bar_bg_white">H7_BACKGROUND</color>
    
    
    
    
    
    
    <color name="hidisk_policy_textview_normal">H7_ACCENT_COLOR</color>
    <color name="hidisk_policy_textview_pressed">H7_ACCENT_COLOR</color>
    
    <color name="hidisk_progressbar_frontcolor">H7_ACCENT_COLOR</color>
    
    
    
    <color name="hidisk_search_cursor_color">H7_ACCENT_COLOR</color>
    <color name="hidisk_search_cursor_color_8">H7_ACCENT_COLOR</color>
    <color name="hidisk_search_hight_light_color">H7_ACCENT_COLOR</color>
    
    
    
    
    
    
    <color name="hidisk_settingBackcolor">H7_BACKGROUND</color>
    <color name="hidisk_sub_tab_bg">H7_ACTIONBAR</color>
    
    
    <color name="hmspush_click_span">H7_ACCENT_COLOR</color>
    
    <color name="hw_ampm_off">H7_ACTIONBAR</color>
    
    <color name="hw_black">H7_BACKGROUND</color>
    
    
    <color name="hw_button_text">H7_BACKGROUND</color>
    
    
    <color name="hw_color_inverse">H7_BACKGROUND</color>
    
    
    <color name="hw_emergency_dialer_bg">H7_BACKGROUND</color>
    
    
    
    
    <color name="hw_handle_color">H7_ACCENT_COLOR</color>
    
    
    
    
    
    
    <color name="hw_read_bgcolor">H7_BACKGROUND</color>
    
    <color name="hw_title_header_background">H7_ACTIONBAR</color>
    
    <color name="hw_unread_bgcolor">H7_ACTIONBAR</color>
    
    <color name="hwbottomnav_blue_color">H7_ACTIONBAR</color>
    
    
    
    
    
    
    
    
    <color name="hwcheckbox_accent_on_dark_emui">H7_ACCENT_COLOR</color>
    
    
    
    
    
    <color name="hwcheckbox_off_mask">H7_BACKGROUND</color>
    
    
    <color name="hwdotspageindicator_emui_primary">H7_ACCENT_COLOR</color>
    
    
    
    <color name="hwdownload_color">H7_ACCENT_COLOR</color>
    
    
    
    <color name="hwid_check_theme_color">H7_BACKGROUND</color>
    <color name="hwid_check_theme_dark_color">H7_BACKGROUND</color>
    
    <color name="hwid_check_theme_honor_color">H7_ACCENT_COLOR</color>
    <color name="hwid_check_theme_nova_color">H7_ACCENT_COLOR</color>
    
    <color name="hwpush_bgcolor_gray">H7_BACKGROUND</color>
    
    
    
    
    
    
    <color name="hwradiobutton_accent_on_dark_emui">H7_ACCENT_COLOR</color>
    <color name="hwradiobutton_accent_on_disable_dark_emui">H7_ACCENT_COLOR_DISABLED</color>
    
    
    <color name="hwradiobutton_off_mask">H7_BACKGROUND</color>
    
    
    <color name="hwsearchview_accent_emui_pressed">H7_ACCENT_COLOR</color>
    
    
    <color name="hwspinner_accent_emui_dark">H7_ACCENT_COLOR</color>
    <color name="hwspinner_accent_emui_emphasize">H7_ACCENT_COLOR</color>
    <color name="hwspinner_accent_emui_emphasize_disabled">H7_ACCENT_COLOR_DISABLED</color>
    <color name="hwspinner_accent_emui_emphasize_pressed">H7_ACCENT_COLOR</color>
    
    
    
    
    
    
    
    
    
    
    
    
    
    
    
    
    <color name="hwsubtab_emui_color_bg">H7_BACKGROUND</color>
    
    <color name="hwsubtab_emui_subtab_text_on">H7_ACCENT_COLOR</color>
    <color name="hwsubtab_indicator_color">H7_ACCENT_COLOR</color>
    <color name="hwswitch_accent_emui">H7_ACCENT_COLOR</color>
    
    <color name="hwswitch_accent_on_dark_emui">H7_ACCENT_COLOR</color>
    
    
    
    <color name="hwswitch_on_disable_dark_emui">H7_ACCENT_COLOR_DISABLED</color>
    
    
    
    
    
    <color name="hwtoolbar_background">H7_ACTIONBAR</color>
    <color name="hwtoolbar_background_translucent">#00ffffff</color>
    <color name="hwtoolbar_menu_clicked_emui">H7_ACCENT_COLOR</color>
    
    <color name="hwtoolbar_splitbackground">H7_BACKGROUND</color>
    <color name="hwtoolbar_splitbackground_translucent">#00ffffff</color>
    <color name="iap_brandcolor">H7_ACCENT_COLOR</color>
    <color name="iap_brandcolor_7_f">H7_ACCENT_COLOR_PRESS</color>
    <color name="iap_colorPrimary">H7_ACCENT_COLOR</color>
    
    
    
    
    
    
    
    
    
    
    
    
    
    
    
    
    
    
    
    
    
    <color name="iap_common_pad_offset_bg_color">H7_BACKGROUND</color>
    <color name="iap_common_transparent">#00ffffff</color>
    
    <color name="iap_common_white_100">H7_BACKGROUND</color>
    
    
    
    
    
    
    
    
    
    
    
    
    
    
    
    
    
    <color name="iap_common_white_95">H7_BACKGROUND</color>
    <color name="iap_dialog_bg_color">H7_ACTIONBAR</color>
    
    <color name="iap_f3_color">H7_BACKGROUND</color>
    
    
    
    <color name="iap_read_card_number_anim_background">H7_BACKGROUND</color>
    <color name="iap_read_card_number_flash_background">H7_BACKGROUND</color>
    <color name="iap_selection_devide_background">H7_ACTIONBAR</color>
    <color name="iap_toast_bg_color">H7_ACTIONBAR</color>
    <color name="iap_wrap_progress_background_color">H7_BACKGROUND</color>
    <color name="iap_wrap_progress_color">H7_ACCENT_COLOR</color>
    
    
    <color name="invite_gray">H7_ACTIONBAR</color>
    
    <color name="line">H7_ACTIONBAR</color>
    
    
    
    <color name="list_item_black">H7_ACTIONBAR</color>
    
    
    <color name="medium_row_default_bg">H7_BACKGROUND</color>
    <color name="medium_row_selected_bg">H7_ACCENT_COLOR</color>
    
    
    
    
    
    
    
    
    
    
    
    
    <color name="mw_divide_bg">H7_ACCENT_COLOR</color>
    <color name="mw_trans_bg">#00000000</color>
    
    <color name="navigationbar_emui_dark">#00000000</color>
    <color name="navigationbar_emui_light">H7_BACKGROUND</color>
    
    
    
    
    
    <color name="opendevice_translucent">#00ffffff</color>
    
    
    
    
    
    <color name="primary_emui_dark">#00000000</color>
    <color name="primary_emui_light">H7_ACTIONBAR</color>
    
    
    
    
    <color name="ql_blue_text">H7_ACCENT_COLOR</color>
    
    
    
    
    
    
    
    
    <color name="row_text_color_default">H7_BACKGROUND</color>
    
    
    
    
    <color name="select">H7_ACCENT_COLOR</color>
    <color name="selected_text_item">H7_ACCENT_COLOR</color>
    
    
    
    <color name="small_area_jalam">H7_ACCENT_COLOR</color>
    <color name="small_area_jalam_disable">H7_ACCENT_COLOR_DISABLED</color>
    
    
    
    
    <color name="sns_assist_chat_text_detail_press_bg">H7_ACTIONBAR</color>
    
    
    <color name="sns_assist_menu_normal_text_color">H7_ACCENT_COLOR</color>
    <color name="sns_assist_menu_pressed_text_color">H7_ACCENT_COLOR</color>
    <color name="sns_assist_msg_bg_color">H7_ACTIONBAR</color>
    
    
    <color name="sns_background">H7_BACKGROUND</color>
    <color name="sns_background_90_percent">H7_ACTIONBAR</color>
    
    
    
    
    
    
    
    
    
    
    
    
    
    
    
    <color name="sns_bottom_navigation_bg_color">H7_ACTIONBAR</color>
    <color name="sns_button_text_nomal">H7_ACCENT_COLOR</color>
    <color name="sns_button_text_pressed">H7_ACCENT_COLOR</color>
    
    <color name="sns_chat_left_msg_bg_pressed">H7_ACTIONBAR</color>
    <color name="sns_chat_link_background">H7_ACTIONBAR</color>
    <color name="sns_chat_right_background_normal_bg">H7_ACCENT_COLOR</color>
    <color name="sns_chat_right_background_pressed_bg">H7_ACCENT_COLOR</color>
    
    
    <color name="sns_check_theme_color">H7_BACKGROUND</color>
    <color name="sns_complain_notice">H7_ACCENT_COLOR</color>
    
    <color name="sns_divider_blod_color">H7_ACTIONBAR</color>
    <color name="sns_dowanload_progressbar_color">H7_ACCENT_COLOR</color>
    <color name="sns_emui4_default_color">H7_BACKGROUND</color>
    <color name="sns_fast_search_pup_num_color">H7_ACCENT_COLOR</color>
    
    
    
    
    
    
    
    <color name="sns_input_bg_color">H7_ACTIONBAR</color>
    
    <color name="sns_list_item_normal">#00000000</color>
    
    <color name="sns_new_friend_background_color">H7_ACCENT_COLOR_DISABLED</color>
    <color name="sns_nickname_color">H7_ACCENT_COLOR</color>
    <color name="sns_panel_bg">H7_BACKGROUND</color>
    <color name="sns_photo_send">H7_ACCENT_COLOR</color>
    
    
    
    <color name="sns_qr_result_bg">H7_ACCENT_COLOR</color>
    <color name="sns_search_word_color">H7_ACCENT_COLOR</color>
    
    
    <color name="sns_stop_visit_url_learn_more_press">H7_ACCENT_COLOR</color>
    <color name="sns_stop_visit_url_learn_more_unpress">H7_ACCENT_COLOR</color>
    
    
    
    <color name="sns_tab_color_emui4_selected">H7_ACCENT_COLOR</color>
    <color name="sns_tab_color_emui5_selected">H7_ACCENT_COLOR</color>
    <color name="sns_translucent">#00ffffff</color>
    
    
    
    <color name="sns_white">H7_ACTIONBAR</color>
    
    
    
    
    
    
    <color name="sns_zimu_bg_color">H7_ACCENT_COLOR</color>
    <color name="sns_zimu_color">H7_BACKGROUND</color>
    
    
    
    <color name="sub_tab_title_normal_emui_dark">H7_ACCENT_COLOR</color>
    
    
    <color name="sub_tab_title_normal_pressed_emui_dark">H7_ACCENT_COLOR_PRESS</color>
    
    <color name="sub_tab_title_selected_emui">H7_ACCENT_COLOR</color>
    
    <color name="sub_tab_title_selected_emui_emphasize">H7_ACCENT_COLOR</color>
    <color name="sub_tab_title_selected_pressed_emui">H7_ACCENT_COLOR</color>
    
    <color name="sub_tab_title_selected_pressed_emui_emphasize">H7_ACCENT_COLOR</color>
    
    
    
    
    
    <color name="switch_on_disable_dark_emui">H7_ACCENT_COLOR_DISABLED</color>
    
    
    
    
    <color name="tab_bg_normal_emui">H7_BACKGROUND</color>
    
    <color name="tab_bg_normal_emui_emphasize">H7_ACTIONBAR</color>
    
    
    
    
    
    
    <color name="tab_title_selected_emui">H7_ACCENT_COLOR</color>
    <color name="tab_title_selected_emui_dark">H7_ACCENT_COLOR</color>
    <color name="tab_title_selected_emui_emphasize">H7_ACCENT_COLOR</color>
    <color name="tab_title_selected_pressed_emui">H7_ACCENT_COLOR</color>
    
    <color name="tab_title_selected_pressed_emui_emphasize">H7_ACCENT_COLOR</color>
    <color name="tab_unselected_text_color">H7_ACCENT_COLOR</color>
    
    
    <color name="text_color">H7_ACCENT_COLOR</color>
    
    <color name="text_color_press">H7_ACCENT_COLOR</color>
    
    
    <color name="title_divider_line">H7_ACCENT_COLOR</color>
    <color name="title_text_color">H7_ACCENT_COLOR</color>
    
    <color name="toggle_button_off_bg_color_emui">H7_ACTIONBAR</color>
    
    
    <color name="toolbar_bg_color">H7_ACTIONBAR</color>
    <color name="top_bar_bg_white">H7_BACKGROUND</color>
    
    <color name="url_background">#00000000</color>
    
    
    
    <color name="viewfinder_laser">H7_ACCENT_COLOR</color>
    
    <color name="voicemail_background_theme">H7_BACKGROUND</color>
    
    
    
    
    
    
    
    
    
    
</resources>
