﻿<?xml version="1.0" encoding="utf-8"?>
<resources>
	<!--   sns  -->
	<!-- 投诉提示文字 -->
	<color name="sns_complain_notice">H7_ACCENT_COLOR</color>
	<!-- 投诉种类选择文字链接颜色 -->
	<color name="sns_stop_visit_url_learn_more_unpress">H7_ACCENT_COLOR</color>
	<color name="sns_stop_visit_url_learn_more_press">H7_ACCENT_COLOR</color>
	<!-- 小助手菜单文字 -->
	<color name="sns_assist_menu_normal_text_color">H7_ACCENT_COLOR</color>
	<color name="sns_assist_menu_pressed_text_color">H7_ACCENT_COLOR</color>
	<!-- 聊天界面发送方背景图 -->
	<color name="sns_chat_right_background_normal_bg">H7_ACCENT_COLOR</color>
	<color name="sns_chat_right_background_pressed_bg">#0C96EE</color>
	<!-- 按钮文字颜色 -->
	<color name="sns_button_text_nomal">H7_ACCENT_COLOR</color>
	<color name="sns_button_text_pressed">H7_ACCENT_COLOR</color>
	<!-- 5.0版本tab的文本颜色 -->
	<color name="sns_tab_color_emui5_selected">H7_ACCENT_COLOR</color>
	<!-- 高亮文字颜色 -->
	<color name="sns_search_word_color">H7_ACCENT_COLOR</color>
	<!-- Color of the background of the contact detail and editor pages -->
    <color name="sns_list_black_2_6">#26ffffff</color>
    <!-- 搜索联系人字母高亮显示 -->
    <color name="sns_zimu_color">H7_BACKGROUND</color>
    <color name="sns_zimu_bg_color">H7_ACCENT_COLOR</color>
    <color name="sns_white">H7_ACTIONBAR</color>
	<color name="sns_background_90_percent">H7_ACTIONBAR</color>
    <color name="sns_assist_msg_bg_color">H7_ACTIONBAR</color>
    <color name="sns_chat_left_msg_bg_pressed">#1a1a1a</color>
    <!-- 100% white -->
    <color name="sns_white_100">#ffffff</color>
    <!-- 90% white -->
    <color name="sns_white_90">#E5FFFFFF</color>
    <!-- 80% white -->
    <color name="sns_white_80">#C8ffffff</color>
    <!-- 60% white -->
    <color name="sns_white_60">#99FFFFFF</color>
    <!-- 50% white -->
    <color name="sns_white_50">#89FFFFFF</color>
    <!-- 20% white -->
    <color name="sns_white_20">#33FFFFFF</color>
    <!-- 0% white -->
    <color name="sns_translucent">#00FFFFFF</color>
    <!-- 85% black -->
    <color name="sns_black_85_percent">#daffffff</color>
    <!-- 80% black -->
    <color name="sns_black_80_percent">#ccffffff</color>
    <!-- 75% black -->
    <color name="sns_black_75_percent">#B3ffffff</color>
    <!-- 90% black -->
    <color name="sns_black_90_percent">#e6ffffff</color>
    <!-- 65% black -->
    <color name="sns_black_65_percent">#A5ffffff</color>
    <!-- 50% black -->
    <color name="sns_black_50_percent">#80ffffff</color>
    <!-- 100% black -->
    <color name="sns_black_100_percent">#FFffffff</color>
    <!-- 30% black -->
    <color name="sns_black_30">#4Cffffff</color>
    <!-- 20% black -->
    <color name="sns_black_20_percent">#33ffffff</color>
    <!-- 10% black -->
    <color name="sns_black_10_percent">#19ffffff</color>
    <!-- 60% black -->
    <color name="sns_black_60_percent">#99ffffff</color>
    <color name="sns_group_normal_color">#666666</color>
    <color name="sns_group_manager_color">#ff3320</color>
    <color name="sns_nickname_color">#178af9</color>
    <color name="sns_background">H7_BACKGROUND</color>
    <color name="sns_list_item_normal">#00000000</color>
    <color name="sns_list_item_pressed">#a8a8a8</color>
    <color name="sns_search_word_color">H7_ACCENT_COLOR</color>
    <!-- 2% black -->
    <color name="sns_black_2_percent">#05ffffff</color>
    <!-- 3% black -->
    <color name="sns_black_3_percent">#08ffffff</color>
    <!-- 85% -->
    <color name="sns_huaweipay_black_a_D8">#D8ffffff</color>
    <!-- 85% -->
    <color name="sns_huaweipay_white_a_D8">#D8FFFFFF</color>
    <color name="sns_emui4_default_color">H7_BACKGROUND</color>
    <color name="sns_vcard_bg_gray_right">#FFFFFF</color>
    <color name="sns_vcard_bg_gray_left">#FFFFFF</color>
    <!-- 删除的颜色 -->
    <color name="sns_delete_text_color">#FF1400</color>
    <!-- 100% -->
    <color name="sns_huaweipay_black_a_FF">#FFffffff</color>
    <color name="sns_huaweipay_white_a_FF">#FFFFFFFF</color>
    <!-- 图片发送页面发送文字颜色 -->
    <color name="sns_photo_send">H7_ACCENT_COLOR</color>
    <!-- 面板背景颜色 -->
    <color name="sns_panel_bg">H7_BACKGROUND</color>
    <color name="album_list_bg">H7_BACKGROUND</color>
    <!-- 进度框颜色 -->
    <color name="sns_progress_bar_round_color">#30FFFFFF</color>
    <color name="sns_progress_bar_progress_color">#A5FFFFFF</color>
    <!-- M版本tab的文本颜色 -->
    <color name="sns_tab_color_emui4_default">#FF787878</color>
    <color name="sns_tab_color_emui4_selected">H7_ACCENT_COLOR</color>
    <!-- 默认tab的文本颜色 -->
    <color name="sns_tab_color_default">#FFFFFF</color>
    <!--图片预览界面标题文字颜色-->
    <color name="sns_album_pic_title_color">#FFFFFFFF</color>
    <!-- 新的朋友背景色 -->
    <color name="sns_new_friend_background_color">H7_ACCENT_COLOR_DISABLED</color>
    <!-- 相册列表选中的背景色 -->
    <color name="sns_img_picture_selected_color">#0effffff</color>
    <color name="sns_preview_selected_color">#4cffffff</color>
    <color name="sns_qr_result_bg">#2C9195</color>
    <!-- 好友选择器actionbar数字背景颜色 -->
    <color name="sns_user_selector_actionbar_bg">#33FFFFFF</color>
    <!-- 30% black -->
    <color name="sns_black_30_percent">#afafaf</color>
	<color name="sns_assist_msg_bg_white">#ffffff</color>
    <color name="sns_chat_white">#ffffff</color>
    <!-- 选择数字气泡 -->
    <color name="sns_select_num_color">#FFFFFF</color>
    <color name="sns_select_num_bg_color">#33FFFFFF</color>
	<color name="sns_sub_title_bg">#14FFFFFF</color>
    <color name="sns_fast_search_pup_num_color">H7_ACCENT_COLOR</color>
    <!--系统通知号消息背景-->
    <color name="sns_assist_chat_text_bg">#33FFFFFF</color>
    <!--系统通知号消息按压背景-->
    <color name="sns_assist_chat_text_press_bg">#4CFFFFFF</color>
    <!--系统通知号消息背景边框-->
    <color name="sns_assist_chat_text_stroke_color">#4CFFFFFF</color>
    <!--系统通知号消息详情背景-->
    <color name="sns_assist_chat_text_detail_bg">H7_BACKGROUND_PRESS</color>
    <!--系统通知号消息详情按压背景-->
    <color name="sns_assist_chat_text_detail_press_bg">#3F3F3F</color>
    <color name="sns_assist_sub_menu_text_color">#D8FFFFFF</color>
    <!--底部栏颜色  95%透明度-->
    <color name="sns_bottom_navigation_bg_color">H7_ACTIONBAR</color>
    <!--输入框底色-->
    <color name="sns_chat_input_edittext">#19FFFFFF</color>
    <!--主题颜色，用来判断当前是哪个主题，该颜色值不要变动，除了判断主题其他地方不要使用-->
    <color name="sns_check_theme_color">H7_BACKGROUND</color>
    <!--输入框底色-->
    <color name="sns_check_intent_layout">#4cff0000</color>
    <!--内置浏览器进度条颜色值-->
    <color name="sns_dowanload_progressbar_color">H7_ACCENT_COLOR</color>
	<!--链接背景色-->
    <color name="sns_chat_link_background">H7_ACTIONBAR</color>
	<!--输入框背景色-->
    <color name="sns_input_bg_color">H7_ACTIONBAR</color>
	<!--搜索选中框-->
    <color name="sns_alphaindexer_bg_color">#666666</color>
	<!--粗分隔条颜色-->
    <color name="sns_divider_blod_color">H7_ACTIONBAR</color>
	<!--左边聊天框背景色 -->
    <color name="sns_chat_left_color">#19ffffff</color>
    <!--左边聊天框选中背景色 -->
    <color name="sns_chat_left_color_selector">#33ffffff</color>
	<!--兼容非10.0的一级文本颜色 -->
    <color name="sns_color_text_primary">#E6ffffff</color>
	<!--选中背景色 -->
    <color name="sns_item_normal_selector">#19ffffff</color>
    <!-- 透明度38% 不可点击-->
    <color name="sns_black_38_percent">#61FFFFFF</color>
    <!--   push  -->
	 <!-- HMS push 用户协议文本颜色 -->
    <color name="hmspush_protocal_text_color">#FFFFFF</color>
    <!-- HMS push 华为隐私政策文本颜色 -->
    <color name="hmspush_click_span">H7_ACCENT_COLOR</color>
	<!-- listview背景--> 
	<color name="hwpush_bgcolor_gray">H7_BACKGROUND</color> 
	<!-- list项的标题--> 
	<color name="hwpush_text_color_snapshot_title">#ffffff</color> 
	<!-- list项的内容--> 
	<color name="hwpush_text_color_history_url">#80ffffff</color> 
	<!-- list项下面的下划线--> 
	<color name="hwpush_black_color">#ffffff</color> 
	<!-- 没有通知收藏的颜色--> 
	<color name="hwpush_60_black_color">#80ffffff</color>
	<!--   hwid  -->
	<!--   问题反馈   -->
    <color name="feedback_blue">H7_ACCENT_COLOR</color>
    <color name="feedback_title_bar_unnormal_color">#0D202125</color>
    <color name="feedback_transparent">#00000000</color>
    <color name="feedback_white">#FFFFFF</color>
    <color name="feedback_light_white">#55FFFFFF</color>
    <color name="feedback_divideline">#26202125</color>
    <color name="feedback_background">#f7f7f7</color>
    <color name="feedback_text_color1">#FFFFFF</color>
    <color name="feedback_text_color2">#80FFFFFF</color>
    <color name="feedback_text_color_75">#C0FFFFFF</color>
    <!--     30% -->
    <color name="feedback_text_color3">#33FFFFFF</color>
    <color name="feedback_highlight_color_old">#28c0c6</color>
    <color name="feedback_record_listview_title">#14FFFFFF</color>
    <color name="feedback_question_type_color">#f0460e</color>
    <color name="feedback_highlight_color">H7_ACCENT_COLOR</color>
    <!-- 20%透明度 -->
    <color name="feedback_highlight_color_disable">H7_ACCENT_COLOR_DISABLED</color>
    <color name="feedback_highlight_color_disable_old">#3328c0c6</color>
    <color name="feedback_blue_disable">H7_ACCENT_COLOR_DISABLED</color>
    <color name="feedback_smarthelper_textview_bg">#33FFFFFF</color>
    <color name="feedback_black_10">#26FFFFFF</color>
    <color name="feedback_smarthelper_user_textview_bg">H7_ACCENT_COLOR</color>
    <color name="feedback_black_03">#07202125</color>
    <color name="feedback_spannable_click_color">H7_ACCENT_COLOR</color>
    <!-- 多主题适配 -->
    <color name="feedback_text_color_data">#FFFFFF</color>
    <color name="feedback_text_color_customer_service">#FFFFFF</color>
    <color name="feedback_common_black_5">#0cffffff</color>
    <color name="feedback_et_bg">#3d3d3d</color>
    <color name="feedback_bg_press">#0DFFFFFF</color>
	<color name="feedback_actionbar_bg">H7_ACTIONBAR</color>
	<!-- 多主题适配 -->
    <color name="CS_security_setting_text_color">#ff00d5ff</color>
    <color name="CS_link_color">#ffffff</color>
    <color name="CS_highlight_color">#ffff6500</color>
    <color name="CS_white">#ffffff</color>
    <color name="CS_black">#ffffff</color>
    <color name="CS_blue">#23a7d7</color>
    <color name="CS_divider_color">#aeaeae</color>
    <color name="CS_gray_text">#7b7b7b</color>
    <color name="CS_background">H7_BACKGROUND</color>
	<color name="CS_background_801_oversea">H7_BACKGROUND</color>
    <color name="CS_hint_color">#26ffffff</color>
    <color name="CS_password_and_welcome_color">#23a7d7</color>
    <color name="CS_upgrade_account_success">#575656</color>
    <color name="CS_item_pressed">H7_ACCENT_COLOR_PRESS</color>
    <!-- textview jump color -->
    <color name="CS_textview_jump_color">H7_ACCENT_COLOR</color>
    <!-- 90% black -->
    <color name="CS_black_100_percent">#ffffffff</color>
    <color name="CS_black_90_percent">#e6ffffff</color>
    <!-- 85% black -->
    <color name="CS_black_85_percent">#daffffff</color>
    <!-- use both_black_85 black in oobe and not oobe -->
    <color name="CS_both_black_85_percent">#daffffff</color>
    <!-- 75% black -->
    <color name="CS_black_75_percent">#c0ffffff</color>
    <!-- 70% black -->
    <color name="CS_black_70_percent">#b3ffffff</color>
    <!-- 65% black -->
    <color name="CS_black_65_percent">#a6ffffff</color>
    <!-- 50% black -->
    <color name="CS_black_50_percent">#80ffffff</color>
    <!-- 30% black -->
    <color name="CS_black_30_percent">#4cffffff</color>
    <!-- 15% black -->
    <color name="CS_black_15_percent">#26ffffff</color>
    <!-- 10% black -->
    <color name="CS_black_10_percent">#19ffffff</color>
    <!-- 5% black -->
    <color name="CS_black_5_percent">#0dffffff</color>
	<color name="CS_black_circle">#80ffffff</color>
    <!-- red delete -->
    <color name="CS_delete_red">#f0460e</color>
    <color name="CS_more_detail">H7_ACCENT_COLOR</color>
    <!-- 沉浸蓝-->
    <color name="CS_steep_blue">H7_ACCENT_COLOR</color>
    <color name="CS_white_65_percent">#a6ffffff</color>
    <color name="CS_white_50_percent">#80ffffff</color>
    <color name="CS_black_0_percent">#00000000</color>
    <!-- 字体蓝色 -->
    <color name="CS_blue_color">H7_ACCENT_COLOR</color>
    <color name="social_text_black_100_percent">#ffffff</color>
    <color name="cloudsetting_arrow_right">#33ffffff</color>
    <color name="CS_black_60_percent">#a6ffffff</color>
    <color name="CS_hint_color_emui5">#33ffffff</color>
    <color name="CS_white_80_percent">#804f5257</color>
    <color name="CS_gray_color">#26ffffff</color>
    <!-- 显示成8% 白色 -->
    <color name="CS_black_2_percent">#14FFFFFF</color>
    <color name="CS_black_20_percent">#33FFFFFF</color>
    <color name="cloudsetting_slide_color">#20ffffff</color>
    <color name="cloudsetting_black_color">#ffffff</color>
    <!-- 90% black -->
    <color name="cloudsetting_black_100_percent">#ffffff</color>
    <color name="cloudsetting_black_90_percent">#e6ffffff</color>
    <!-- 85% black -->
    <color name="cloudsetting_black_85_percent">#daffffff</color>
    <!-- 75% black -->
    <color name="cloudsetting_black_75_percent">#c0ffffff</color>
    <!-- 70% black -->
    <color name="cloudsetting_black_70_percent">#b3ffffff</color>
    <!-- 65% black -->
    <color name="cloudsetting_black_65_percent">#a6ffffff</color>
    <!-- 50% black -->
    <color name="cloudsetting_black_50_percent">#80ffffff</color>
    <!-- 30% black -->
    <color name="cloudsetting_black_30_percent">#4cffffff</color>
    <!-- 10% black -->
    <color name="cloudsetting_black_10_percent">#19ffffff</color>
    <!-- 5% black -->
    <color name="cloudsetting_black_5_percent">#0dffffff</color>
    <color name="cloudsetting_del_quit_but_color">#f0460e</color>
    <color name="cloudsetting_dowanload_progressbar_color">H7_ACCENT_COLOR</color>
    <color name="cloudsetting_color_diliver">#26ffffff</color>
    <color name="cloudsetting_background_90_percent">H7_BACKGROUND_PRESS</color>
    <!-- 字体蓝色 -->
    <color name="CS_blue_text">H7_ACCENT_COLOR</color>
    <color name="CS_blue_text_pressed">H7_ACCENT_COLOR</color>
    <color name="CS_blue_text_20_percent">H7_ACCENT_COLOR_DISABLED</color>
    <color name="CS_yellow">#FB6522</color>
    <color name="CS_yellow_light">#EED6AD</color>
    <!-- 账号中心 5.0主题颜色 -->
    <color name="cloudsetting_color_primary_theme5">H7_BACKGROUND</color>
    <color name="cloudsetting_color_actionbar_themecolor">H7_BACKGROUND</color>
    <!-- 在深色主题下，将要将改颜色值改为黑色 -->
    <color name="cloudsetting_white_needchange">H7_BACKGROUND</color>
    <!-- 登录验证框，在黑色主题下改为10的透明度 -->
    <color name="cloudsetting_white_login_authcode">#19ffffff</color>
    <color name="Cs_emui_white">#FFFFFF</color>
    <color name="Cs_emui_black">#ffffff</color>
    <color name="Cs_emui_gray_2">#80ffffff</color>
    <!-- 字体蓝色 -->
    <color name="ql_blue_text">H7_ACCENT_COLOR</color>
    <color name="ql_black">#ffffff</color>
    <color name="ql_black_50_percent">#80ffffff</color>
    <color name="ql_black_100_percent">#ffffff</color>
    <color name="ql_hint_color_emui5">#51ffffff</color>
	<!--   pay  -->
	<color name="iap_basic_button_no_click">#643810</color>
	<!-- agreement背景色 -->
    <color name="iap_agreement_bg">H7_BACKGROUND_PRESS</color>
	<color name="iap_common_black_100">#ffffffff</color>
    <!-- 通用黑色  95%透明-->
    <color name="iap_common_black_95">#f2ffffff</color>
    <!-- 通用黑色  90%透明-->
    <color name="iap_common_black_90">#e5ffffff</color>
    <!-- 通用黑色  85%透明-->
    <color name="iap_common_black_85">#d8ffffff</color>
    <!-- 通用黑色  80%透明-->
    <color name="iap_common_black_80">#ccffffff</color>
    <!-- 通用黑色  75%透明-->
    <color name="iap_common_black_75">#bfffffff</color>
    <!-- 通用黑色  70%透明-->
    <color name="iap_common_black_70">#b2ffffff</color>
    <!-- 通用黑色  65%透明-->
    <color name="iap_common_black_65">#a5ffffff</color>
    <!-- 通用黑色  60%透明-->
    <color name="iap_common_black_60">#99ffffff</color>
    <!-- 通用黑色  55%透明-->
    <color name="iap_common_black_55">#8cffffff</color>
    <!-- 通用黑色  50%透明-->
    <color name="iap_common_black_50">#7fffffff</color>
    <!-- 通用黑色  45%透明-->
    <color name="iap_common_black_45">#72ffffff</color>
    <!-- 通用黑色  40%透明-->
    <color name="iap_common_black_40">#66ffffff</color>
    <!-- 通用黑色  35%透明-->
    <color name="iap_common_black_35">#59ffffff</color>
    <!-- 通用黑色  30%透明-->
    <color name="iap_common_black_30">#4cffffff</color>
    <!-- 通用黑色  25%透明-->
    <color name="iap_common_black_25">#3fffffff</color>
    <!-- 通用黑色  20%透明-->
    <color name="iap_common_black_20">#33ffffff</color>
    <!-- 通用黑色  15%透明-->
    <color name="iap_common_black_15">#26ffffff</color>
    <!-- 通用黑色  10%透明-->
    <color name="iap_common_black_10">#19ffffff</color>
    <!-- 通用黑色  5%透明-->
    <color name="iap_common_black_5">#0cffffff</color>
    <!-- 通用白色  100%透明-->
    <color name="iap_common_white_100">H7_BACKGROUND</color>
    <!-- 通用白色  95%透明-->
    <color name="iap_common_white_95">H7_BACKGROUND_PRESS</color>
    <!-- 通用白色  90%透明-->
    <color name="iap_common_white_90">H7_BACKGROUND_PRESS</color>
    <!-- 通用白色  85%透明-->
    <color name="iap_common_white_85">H7_BACKGROUND_PRESS</color>
    <!-- 通用白色  80%透明-->
    <color name="iap_common_white_80">H7_BACKGROUND_PRESS</color>
    <!-- 通用白色  75%透明-->
    <color name="iap_common_white_75">H7_BACKGROUND_PRESS</color>
    <!-- 通用白色  70%透明-->
    <color name="iap_common_white_70">H7_BACKGROUND_PRESS</color>
    <!-- 通用白色  65%透明-->
    <color name="iap_common_white_65">H7_BACKGROUND_PRESS</color>
    <!-- 通用白色  60%透明-->
    <color name="iap_common_white_60">H7_BACKGROUND_PRESS</color>
    <!-- 通用白色  55%透明-->
    <color name="iap_common_white_55">#H7_BACKGROUND_PRESS</color>
    <!-- 通用白色  50%透明-->
    <color name="iap_common_white_50">H7_BACKGROUND_PRESS</color>
    <!-- 通用白色  45%透明-->
    <color name="iap_common_white_45">H7_BACKGROUND_PRESS</color>
    <!-- 通用白色  40%透明-->
    <color name="iap_common_white_40">H7_BACKGROUND_PRESS</color>
    <!-- 通用白色  35%透明-->
    <color name="iap_common_white_35">H7_BACKGROUND_PRESS</color>
    <!-- 通用白色  30%透明-->
    <color name="iap_common_white_30">H7_BACKGROUND_PRESS</color>
    <!-- 通用白色  25%透明-->
    <color name="iap_common_white_25">H7_BACKGROUND_PRESS</color>
    <!-- 通用白色  20%透明-->
    <color name="iap_common_white_20">#33202125</color>
    <!-- 通用白色  15%透明-->
    <color name="iap_common_white_15">#26202125</color>
    <!-- 通用白色  10%透明-->
    <color name="iap_common_white_10">H7_BACKGROUND_PRESS</color>
    <!-- 通用白色  5%透明-->
    <color name="iap_common_white_5">H7_BACKGROUND_PRESS</color>
    <!-- 0%透明度，纯透明色值-->
    <color name="iap_common_transparent">#00ffffff</color>
    <!--贴卡读号页面背景-->
    <color name="iap_read_card_number_flash_background">H7_BACKGROUND</color>
    <color name="iap_read_card_number_anim_background">H7_BACKGROUND</color>
    <!-- 2% black for pad offset bg -->
    <color name="iap_common_pad_offset_bg_color">H7_BACKGROUND</color>
    <!-- 应用通用默认背景色 -->
    <color name="iap_common_default_bg_color">#f4f4f4</color>
    <color name="iap_selection_devide_background">H7_ACTIONBAR</color>
    <!-- 添加银行卡界面 底部按钮背景 -->
    <color name="toolbar_bg_color">#242424</color>
    <!-- 协议弹框大小背景色 -->
    <color name="iap_license_background">#99ffffff</color>
    <color name="iap_progress_circle_tips_color">#80ffffff</color>
    <!-- 密码键盘锁定数字颜色 -->
    <color name="iap_keyboard_num_locked_color">#26222222</color>
    <!-- wrap进度条背景颜色 -->
    <color name="iap_wrap_progress_background_color">H7_BACKGROUND</color>
    <color name="iap_f3_color">H7_BACKGROUND</color>
    <color name="iap_toast_bg_color">#373737</color>
	<color name="iap_dialog_title_line_to_message_color">#33ffffff</color>
		<color name="iap_brandcolor">H7_ACCENT_COLOR</color>
    <color name="iap_brandcolor_7_f">#7f26a69a</color>
	    <!-- 品牌色（主题色） -->
    <color name="iap_colorPrimary">H7_ACCENT_COLOR</color>
	    <!-- wrap进度条颜色 -->
    <color name="iap_wrap_progress_color">H7_ACCENT_COLOR</color>
    <!--弹框背景色，深色主题下显示灰色-->
    <color name="iap_dialog_bg_color">#333333</color>
    <!--深色主题花币充值页面“其他金额”字体的颜色-->
    <color name="iap_recharge_unit_text_color_a_33">#FF313131</color>
	<!--JOS-->
	<!-- 5% black -->
    <color name="opendevice_black_5_percent">#0dffffff</color>
    <!-- 10% black -->
    <color name="opendevice_black_10_percent">#19ffffff</color>
    <!-- 50% black -->
    <color name="opendevice_black_50_percent">#80ffffff</color>
    <!-- 0% white -->
    <color name="opendevice_translucent">#00FFFFFF</color>
	<!-- FAST APP -->
    <color name="fastapp_blue_text_007dff">H7_ACCENT_COLOR</color>
    <color name="fastapp_black">#ffffff</color>
    <color name="fastapp_half_black">#ffffff</color>
	<!-- hwid start -->
	<color name="Cs_emui_gray_10">#FFFFFF</color>
    <color name="cs_emui_color_gray_2">#ff666666</color>
    <color name="cs_emui_color_gray_7">#80ffffff</color>
    <color name="cs_emui_accent">H7_ACCENT_COLOR</color>
    <!--主题颜色，用来判断当前是哪个主题，该颜色值不要变动，除了判断主题其他地方不要使用-->
    <color name="hwid_check_theme_color">H7_BACKGROUND</color>
	<!-- hwid end -->
    <!-- Used in Common: default:hw_screen_background_gray H7_BACKGROUND hw_color #ffffffff hw_color_inverse H7_BACKGROUND
                         FROG   :hw_screen_background_gray #fff6f6f6 hw_color H7_BACKGROUND hw_color_inverse #ffffffff -->
    <drawable name="hw_screen_background_gray">H7_BACKGROUND</drawable>
    <color name="hw_color">#ffffffff</color>
    <color name="hw_color_inverse">H7_BACKGROUND</color>
    <!-- ListView Colors -->
    <color name="primary_text_emui">#ffffff</color>	
	<color name="secondary_text_emui">#7fe6e6e6</color>
    <!-- Progress bar -->
    <color name="emui_progressbar_loading_fill_color">H7_ACCENT_COLOR</color>
    <!-- Used in Dialog:Color will not be changed -->
    <color name="hw_black">H7_BACKGROUND</color>
    <color name="hw_white">#ffffffff</color>
    <color name="emui_white_dialog_bg">#333333</color>
    <!-- 华为divider颜色 -->
    <color name="hwdivider_horizontal_color_emui">#4c4c4c</color>
    <!-- Floating action button -->
    <color name="emui_fab_pressed">#cccccc</color>
    <!-- Used in SoundRecorder: default:hw_gray_a #ffffffff
                                FROG   :hw_gray_a #ff989898 -->
    <color name="hw_gray_a">#ffffffff</color>
    <!-- Used in FileManager: default:hw_black_a  #ffbebebe hw_black_b #ffffffff
                              FROG   :hw_black_a  #ff1f1f1f hw_black_b #ffffffff
                              TMO    :hw_black_a  #ffbebebe hw_black_b #00ffffff -->
    <color name="hw_black_a">#ffbebebe</color>
    <color name="hw_black_b">#ffffffff</color>
    <!-- Used in Messages: default:hw_unread_bgcolor #ff404040 hw_read_bgcolor  H7_BACKGROUND
                           FROG   :hw_unread_bgcolor #ffbbea80 hw_read_bgcolor  #ffffffff -->
    <color name="hw_unread_bgcolor">#ff404040</color>
    <color name="hw_read_bgcolor">H7_BACKGROUND</color>
    <!-- Used in STK: default:hw_dkgray #ffe0e0e0
                      FROG   :hw_dkgray #ff1f1f1f -->
    <color name="hw_dkgray">#ffe0e0e0</color>
    <!-- Used in BaseApp: default:hw_ampm_off #ff404040 hw_ampm_on #ffffffff hw_ltgrey #ffe0e0e0
                          FROG   :hw_ampm_off #ffb0b0b0 hw_ampm_on #ff404040 hw_ltgrey #ff404040-->
    <color name="hw_ampm_off">#ff404040</color>
    <color name="hw_ampm_on">#ffffffff</color>
    <color name="hw_ltgrey">#ffe0e0e0</color>
   <!-- Used in Settings and FileManager: Use in dialog not be changed
                                 default: hw_gray_b #bebebe hw_gray_c #ffa0a0a0-->
    <color name="hw_gray_b">#bebebe</color>
    <color name="hw_gray_c">#ffa0a0a0</color>
    <!-- Used in Settings: default:hw_gray_d #ff505050
                           FROG   :hw_gray_d #ffa0a0a0 -->
    <color name="hw_gray_d">#ff505050</color>
    <!-- Used in Launcher: default:hw_canvas_color #a5fe9a31 normal
                            FROG  :hw_canvas_color #a51ebe03 green
                            TMO   :hw_canvas_color #a5ff128c pink
                            JOY   :hw_canvas_color #a5eb0000 red   -->
    <color name="hw_canvas_color">#a5fe9a31</color>
    <!-- Used in Gallery.cropImage: default:hw_mauve_a #ffff8a00
                                    FROG   :hw_mauve_a #ffff8a00
                                    TMO    :hw_mauve_a #ffd407b3 -->
    <color name="hw_mauve_a">#ffff8a00</color>
    <!-- Used in Calendar views: default:hw_title_header_background #ff212121 hw_title_header_text #ffbebebe
                                 FROG   :hw_title_header_background #ff88a8d0 hw_title_header_text #ffffffff -->
    <color name="hw_title_header_background">#ff212121</color>
    <color name="hw_title_header_text">#ffbebebe</color>
    <!-- Used in Contacts: default:textColor_dialer_highlight #fff6d705 IVY
                           FROG   :textColor_dialer_highlight #ff5ea800
                           TMO    :textColor_dialer_highlight #fff6d705
                           JOY    :textColor_dialer_highlight #ffdc0331 -->
    <color name="textColor_dialer_highlight">#fff6d705</color>
    <!-- Used in Common for TMO BlackButton: default:hw_button_text H7_BACKGROUND
                                             TMO    :hw_button_text #ffffffff -->
    <color name="hw_button_text">H7_BACKGROUND</color>
    <!-- Used in phone-voicemail background: default:voicemail_background_theme H7_BACKGROUND
                                             FROG    :voicemail_background_theme #ffffffff  -->
    <color name="voicemail_background_theme">H7_BACKGROUND</color>
    <!-- Used in hw-launcher highlight: default:hw_menu_icon_focused #ffed6e00, hw_menu_icon_pressed #ffeaa300
                                             FROG :hw_menu_icon_focused #ff9dec38, hw_menu_icon_pressed #ff7bbe26  -->
    <color name="hw_menu_icon_focused">#ffed6e00</color>
    <color name="hw_menu_icon_pressed">#ffeaa300</color>
    <!-- Used in launcher2 highlight: default:hw_mainmenu_focused #ffff8e00, hw_mainmenu_pressed #ffffc300
                                             FROG :hw_mainmenu_focused #ff9dec38, hw_mainmenu_pressed #ff7bbe26  -->
    <color name="hw_mainmenu_focused">#ffff8e00</color>
    <color name="hw_mainmenu_pressed">#ffffc300</color>
    <!-- Used in phone-emergency: default:hw_emergency_dialer_bg H7_BACKGROUND
                                             FROG   :hw_emergency_dialer_bg #ff282828 -->
    <color name="hw_emergency_dialer_bg">H7_BACKGROUND</color>
    <!-- A really Emui switch font of white -->
    <color name="emui_text_light">#ffffff</color>
    <!-- A really Emui text appearance of black-->
    <!-- RIGO_UI Modification -->
    <color name="emui_text_dark">#ffffff</color>
    <!-- RIGO_UI Modification -->
    <color name="emui_dialog_title_text_Color">#ffffff</color>
    <color name="emui_button_text_color">#ffffff</color>
    <color name="emui_button_text_disabled">#33ffffff</color>
    <color name="emui_message_text_color">#ffffff</color>
    <!-- RIGO_UI Modification -->
    <color name="emui_popmenu_text_color">H7_BACKGROUND_PRESS</color>
    <!-- A really Emui text appearance of 20% balck -->
    <color name="emui_bright_foreground_dark_disabled">#33ffffff</color>
    <!-- A really Emui text appearance of 20% balck -->
    <color name="emui_text_disabled">#33ffffff</color>
    <!--Highlighted text color-->
    <color name="emui_highlighted_text">H7_ACCENT_COLOR_PRESS</color>
    <!-- A light Emui shade of blue -->
    <color name="emui_blue_light">#ff0a9dcd</color>
    <color name="emui_custom_panel_background">H7_BACKGROUND</color>
    <!-- hint text color-->
    <color name="emui_hint_foreground">#33ffffff</color>
    <!-- text inverse color for disalbed status-->
    <color name="emui_text_inverse_disable_light">#ffb2b2b2</color>
    <!-- RIGO_UI Modification -->
    <color name="emui_secondary_text_dark">#80ffffff</color>
    <!-- secondary text color for the listItem with three lines-->
    <color name="emui_list_secondray_text">#ffffffff</color>
    <color name="emui_detail_text_selected">#ffffffff</color>
    <!-- secondary text color for disable 20% dark-->
    <color name="emui_secondary_text_dark_disabled">#33ffffff</color>
    <!-- primary text color for disable 20% dark-->
    <color name="emui_primary_text_dark_disabled">#33ffffff</color>
    <!-- the color of TextArrowpreference's detail text when it's pressed-->
    <color name="emui_detail_text_pressed">H7_ACCENT_COLOR</color>
    <!-- A light Emui shade of green -->
    <color name="emui_green_light">#ff99cc00</color>
    <!-- A dark Emui shade of blue -->
    <color name="emui_blue_dark">#ff0099cc</color>
    <!-- A dark Emui shade of green -->
    <color name="emui_green_dark">#ff669900</color>
    <!-- foreground color for windows -->
    <color name="emui_bright_foreground_light">H7_BACKGROUND</color>
    <!-- Inverse foreground color for windows -->
    <color name="emui_bright_foreground_light_inverse">#ffffffff</color>
    <!-- RIGO_UI Modification -->
    <color name="emui_bright_foreground_light_inverse_alpha">#8fffffff</color>
    <color name="emui_background_light">#f2333333</color>
    <!-- For ActionBar -->
    <color name="emui_tab_title_off">#99333333</color>
    <color name="emui_tab_title_on">#ffffffff</color>
    <!-- RIGO_UI Modification -->
    <color name="emui_label_primary_text">#ffffffff</color>
    <color name="emui_dialog_blue_light">#ff0a9dcd</color>
    <color name="transparent">#00000000</color >
    <color name="dim_foreground_inverse_emui">#323232</color>
    <color name="bright_foreground_emui">#fff3f3f3</color>
    <color name="dim_foreground_disabled_emui">#80bebebe</color>
    <color name="dim_foreground_emui">#bebebe</color>
    <color name="emui_spinner_item_default">#d8ffffff</color>
    <color name="emui_spinner_item_pressed">#6bffffff</color>
    <color name="emui_spinner_item_disabled">#33ffffff</color>
    <color name="emui_spinner_item_default_dark">#ffffffff</color>
    <color name="emui_spinner_item_pressed_dark">#ffcccccc</color>
    <color name="emui_spinner_item_disabled_dark">#33ffffff</color>
    <color name="emui_spinner_dropdown_item_default_dark">H7_BACKGROUND_PRESS</color>
    <color name="emui_spinner_dropdown_item_pressed_dark">H7_BACKGROUND_PRESS</color>
    <color name="emui_spinner_dropdown_item_disabled_dark">H7_BACKGROUND_PRESS</color>
    <color name="emui_spinner_dropdown_item_default_emphasize">#ffffffff</color>
    <color name="emui_spinner_dropdown_item_pressed_emphasize">#ffffffff</color>
    <color name="emui_spinner_dropdown_item_disabled_emphasize">#3fffffff</color>
    <color name="emui_list_primary_default">#ffffff</color>
    <color name="emui_list_separator_default">#bfffffff</color>
    <color name="emui_time_axis_info_default">H7_BACKGROUND_PRESS</color>
    <!--RIGO_UI Modification -->
    <color name="emui_numberpicker_select_textcolor">#ff12d4dc</color>
    <color name="emui_numberpicker_small_textcolor">#80ffffff</color>
    <color name="emui_numberpicker_normal_textcolor">#80ffffff</color>
    <color name="emui_button_text_disabled_inverse">#41ffffff</color>
    <color name="emui_button_text_pressed_inverse">#D8ffffff</color>
    <color name="emui_button_text_color_inverse">#D8ffffff</color>
    <color name="emui_numberpicker_small_textcolor_dark">#7bffffff</color>
    <color name="emui_numberpicker_normal_textcolor_dark">#d9ffffff</color>
    <color name="url_background">#00000000</color>
    <color name="url_txt_color_normal">#30ffffff</color>
    <color name="url_line_color">#20ffffff</color>
    <color name="url_txt_color">#85ffffff</color>
    <color name="menuitem_default_checkedcolor">#99ffffff</color>
    <color name="menuitem_default_checkedcolor_pressed">#FFFFFFFF</color>
    <color name="menuitem_default_checkedcolor_disabled">#33FFFFFF</color>
    <color name="menuitem_default_uncheckedcolor">#99FFFFFF</color>
    <color name="menuitem_default_uncheckedcolor_pressed">#80FFFFFF</color>
    <color name="menuitem_default_uncheckedcolor_disabled">#33ffffff</color>
    <color name="menuitem_default_dark_uncheckedcolor">#B2ffffff</color>
    <color name="menuitem_default_dark_uncheckedcolor_disabled">#36ffffff</color>
    <color name="menuitem_default_dark_uncheckedcolor_pressed">#59ffffff</color>
    <color name="menuitem_default_dark_checkedcolor">#B2ffffff</color>
    <color name="menuitem_default_dark_checkedcolor_disabled">#36ffffff</color>
    <color name="menuitem_default_dark_checkedcolor_pressed">#59ffffff</color>
    <color name="emui_listitem_text_color">#80FFFFFF</color>
    <!-- colors for disable touch mode -->
    <color name="disable_touch_text_color">#ffffffff</color>
    <color name="disable_touch_translucent">#e2021250</color>
    <color name="volumepanel_text_color">#a6ffffff</color>
     <color name="airplane_color">#ff666666</color>
    <color name="emui_searchview_text_color">#ffffffff</color>
    <color name="emui_searchview_text_color_dark">#ffffffff</color>
    <color name="emui_searchview_text_hint_color">#33ffffff</color>
    <color name="emui_searchview_text_hint_color_dark">#33ffffff</color>
    <color name="ic_searchview_color_emui">#ffffffff</color>
    <color name="ic_searchview_color_emui_dark">#ffffffff</color>
    <item  name="searchview_nomal_alpha_emui" format="float" type="dimen">0.30</item>
    <item  name="searchview_nomal_alpha_emui_dark" format="float" type="dimen">0.40</item>
    <item  name="searchview_disable_alpha_emui_dark" format="float" type="dimen">0.20</item>
    <item  name="searchview_pressed_alpha_emui_dark" format="float" type="dimen">0.60</item>
    <color name="primary_emui_light">H7_ACTIONBAR</color>
    <color name="navigationbar_emui_light">H7_BACKGROUND</color>
    <color name="navigationbar_emui_light_line">#33ffffff</color>
    <color name="primary_emui_dark">#00000000</color>
    <color name="navigationbar_emui_dark">#00000000</color>
    <color name="action_bar_title_emui">#FFFFFFFF</color>
    <color name="action_bar_title_emui_dark">#FFFFFFFF</color>
    <color name="tab_title_normal_emui">#FFFFFFFF</color>
    <color name="tab_title_normal_pressed_emui">#FFFFFFFF</color>
    <color name="tab_title_selected_emui">H7_ACCENT_COLOR</color>
    <color name="tab_title_selected_pressed_emui">H7_ACCENT_COLOR</color>
    <color name="tab_title_normal_emui_dark">#FFFFFFFF</color>
    <color name="tab_title_normal_emui_emphasize">#FFFFFFFF</color>
    <color name="tab_title_normal_pressed_emui_dark">#FFFFFFFF</color>
    <color name="tab_title_normal_pressed_emui_emphasize">#80FFFFFF</color>
    <color name="tab_title_selected_emui_dark">H7_ACCENT_COLOR</color>
    <color name="tab_title_selected_emui_emphasize">H7_ACCENT_COLOR</color>
    <color name="tab_title_selected_pressed_emui_dark">#80FFFFFF</color>
    <color name="tab_title_selected_pressed_emui_emphasize">H7_ACCENT_COLOR</color>
    <color name="tab_bg_normal_emui">H7_BACKGROUND</color>
    <color name="tab_bg_normal_emui_dark">#26FFFFFF</color>
    <color name="tab_bg_normal_emui_emphasize">H7_ACTIONBAR</color>
    <color name="sub_tab_title_selected_pressed_emui">H7_ACCENT_COLOR</color>
    <color name="sub_tab_title_selected_emui">H7_ACCENT_COLOR</color>
    <color name="sub_tab_title_normal_pressed_emui">#80FFFFFF</color>
    <color name="sub_tab_title_normal_emui">#80FFFFFF</color>
    <color name="sub_tab_title_selected_pressed_emui_dark">#80FFFFFF</color>
    <color name="sub_tab_title_selected_emui_dark">#ffffffff</color>
    <color name="sub_tab_title_normal_pressed_emui_dark">H7_ACCENT_COLOR_DISABLED</color>
    <color name="sub_tab_title_normal_emui_dark">H7_ACCENT_COLOR</color>
    <color name="sub_tab_title_selected_pressed_emui_emphasize">H7_ACCENT_COLOR</color>
    <color name="sub_tab_title_selected_emui_emphasize">H7_ACCENT_COLOR</color>
    <color name="sub_tab_title_normal_pressed_emui_emphasize">#bfffffff</color>
    <color name="sub_tab_title_normal_emui_emphasize">#bfffffff</color>
    <!-- LanguagePicker & RegionPicker colors -->
    <color name="selected_text_item">H7_ACCENT_COLOR</color>
    <color name="colorful_emui">#00000000</color>
    <color name="hw_handle_color">H7_ACCENT_COLOR</color>
    <color name="lock_pattern_view_regular_color_emui">#ffc9c9c9</color>
    <color name="lock_pattern_view_success_color_emui">#ffc9c9c9</color>
    <color name="bright_foreground_holo_dark_emui">#ffffffff</color>
    <color name="bright_foreground_disabled_holo_dark_emui">#ff4c4c4c</color>
    <color name="dim_foreground_disabled_holo_dark_emui">#80bebebe</color>
    <color name="dim_foreground_holo_dark_emui">#80ffffff</color>
    <color name="pressure_tip_text_color">#D8ffffff</color>
    <color name="overflow_list_view_divider_color">#33ffffff</color>
    <color name="emui_button_text_emphasize_disabled">#41ffffff</color>
    <color name="emui_button_text_emphasize_color">#D8ffffff</color>
    <color name="toggle_button_on_bg_color_emui_dark">#FFFFFFFF</color>
    <color name="toggle_button_off_bg_color_emui">H7_ACTIONBAR</color>
    <color name="toggle_button_off_bg_color_emui_dark">#FFFFFFFF</color>
    <color name="accent_emui">H7_ACCENT_COLOR</color>
    <color name="accent_emui_pressed">H7_ACCENT_COLOR</color>
    <color name="accent_emui_text_hightlight">#FF0a7fc8</color>
    <color name="accent_emui_dark">H7_ACCENT_COLOR</color>
    <color name="accent_emui_emphasize">H7_ACCENT_COLOR</color>
    <color name="accent_emui_emphasize_pressed">H7_ACCENT_COLOR</color>
    <color name="accent_emui_dark_color">#FFFFFFFF</color>
    <color name="accent_emui_emphasize_disabled">H7_ACCENT_COLOR_DISABLED</color>
    <color name="accent_emui_text_hightlight_dark">#FFCCCCCC</color>
    <item  name="disabled_alpha_emui" format="float" type="dimen">0.20</item>
    <item  name="pressed_alpha_emui" format="float" type="dimen">0.50</item>
    <color name="switch_bg_off_emui">#FF515151</color>
    <color name="switch_bg_off_disable_emui">#1f1f1f</color>
    <!--<color name="switch_bg_on_disable_emui">H7_ACCENT_COLOR_PRESS</color>-->
    <!--<color name="switch_bg_off_emui_dark">#33FFFFFF</color>-->
    <!--<color name="switch_bg_on_emui_dark">#B2FFFFFF</color>-->
    <!--<color name="switch_bg_off_disable_emui_dark">H7_BACKGROUND_PRESS</color>-->
    <!--<color name="switch_bg_on_disable_emui_dark">#0CFFFFFF</color>-->
    <color name="switch_thumb_emui">#FFFFFFFF</color>
    <color name="switch_thumb_emui_dark">#FFFFFFFF</color>
    <color name="switch_thumb_disable_emui">#33FFFFFF</color>
    <color name="switch_thumb_disable_emui_dark">#33FFFFFF</color>
    <color name="accent_on_disable_emui">H7_ACCENT_COLOR_PRESS</color>
    <color name="accent_off_disable_emui">#33ffffff</color>
    <color name="accent_off_emui">#33ffffff</color>
    <color name="accent_on_disable_dark_emui">H7_ACCENT_COLOR_DISABLED</color>
    <color name="accent_off_disable_dark_emui">#19FFFFFF</color>
    <color name="accent_off_dark_emui">#33FFFFFF</color>
    <color name="accent_on_dark_emui">H7_ACCENT_COLOR</color>
    <color name="checkbox_inner_normal_dark">#80ffffff</color>
    <color name="checkbox_inner_disable_dark">#33ffffff</color>
    <color name="radiobutton_inner_normal_dark">#ffffffff</color>
    <color name="radiobutton_inner_disable_dark">#33ffffff</color>
    <color name="switch_on_disable_dark_emui">H7_ACCENT_COLOR_DISABLED</color>
    <color name="switch_off_disable_dark_emui">H7_BACKGROUND_PRESS</color>
    <!-- TextInputLayout -->
    <color name="design_textinput_error_color">#ffff3320</color>
    <color name="clone_app_mark_bg_color">H7_ACCENT_COLOR</color>
    <color name="mw_trans_bg">#00000000</color>
    <color name="mw_translucent_dark_bg">H7_BACKGROUND_PRESS</color>
    <color name="mw_divide_bg">H7_ACCENT_COLOR</color>
    <color name="search_panel_circle_color">#ffffff</color>
    <color name="search_panel_ripple_color">#ffbbbbbb</color>
    <color name="divider_horizontal_color_emui">#33ffffff</color>
    <color name="divider_horizontal_color_dark_emui">#33ffffff</color>
    <color name="emui_master_color_0">#FFFFFFFF</color>
    <color name="emui_master_color_1">#FFBDDDFF</color>
    <color name="emui_master_color_2">#FF85C1FF</color>
    <color name="emui_master_color_3">#FF3D9CFF</color>
    <color name="emui_master_color_4">#FF1F8DFF</color>
    <color name="emui_master_color_5">H7_ACCENT_COLOR</color>
    <color name="emui_master_color_6">#FF006EE0</color>
    <color name="emui_master_color_7">#FF005FC2</color>
    <color name="emui_master_color_8">#FF0050A3</color>
    <color name="emui_master_color_9">#FF004185</color>
    <color name="emui_master_color_10">#FF003166</color>
    <color name="emui_master_color_11">H7_BACKGROUND</color>
    <color name="emui_black_color_alpha_3">#0D202125</color>
    <color name="emui_black_color_alpha_5">#0D202125</color>
    <color name="emui_black_color_alpha_10">H7_BACKGROUND_PRESS</color>
    <color name="emui_black_color_alpha_20">#33202125</color>
    <color name="emui_black_color_alpha_40">H7_BACKGROUND_PRESS</color>
    <color name="emui_black_color_alpha_50">H7_BACKGROUND_PRESS</color>
    <color name="emui_black_color_alpha_60">H7_BACKGROUND_PRESS</color>
    <color name="emui_black_color_alpha_75">#C2021250</color>
    <color name="emui_black_color_alpha_100">H7_BACKGROUND</color>
    <color name="emui_master_color_incoming_call">#FF00D659</color>
    <color name="emui_master_color_alert">#FFFF3320</color>
    <color name="emui_master_color_mark_0">#FF10DDEC</color>
    <color name="emui_master_color_mark_1">#FF01C1F2</color>
    <color name="emui_master_color_mark_2">#FF0D82FB</color>
    <color name="emui_master_color_mark_3">#FFCF21FF</color>
    <color name="emui_master_color_mark_4">#FFFF2294</color>
    <color name="emui_master_color_mark_5">#FFFF3320</color>
    <color name="emui_master_color_mark_6">#FFFB6522</color>
    <color name="emui_master_color_mark_7">#FFFFBA1B</color>
    <color name="emui_master_color_mark_8">#FFFFDC1A</color>
    <color name="emui_master_color_mark_9">#FFD8FA55</color>
    <color name="emui_master_color_mark_10">#FF00D659</color>
    <color name="emui_master_color_mark_11">#FF00D796</color>
    <color name="emui_master_color_mark_0_alpha_70">#B310DDEC</color>
    <color name="emui_master_color_mark_1_alpha_70">#B301C1F2</color>
    <color name="emui_master_color_mark_2_alpha_70">#B30D82FB</color>
    <color name="emui_master_color_mark_3_alpha_70">#B3CF21FF</color>
    <color name="emui_master_color_mark_4_alpha_70">#B3FF2294</color>
    <color name="emui_master_color_mark_5_alpha_70">#B3FF3320</color>
    <color name="emui_master_color_mark_6_alpha_70">#B3FB6522</color>
    <color name="emui_master_color_mark_7_alpha_70">#B3FFBA1B</color>
    <color name="emui_master_color_mark_8_alpha_70">#B3FFDC1A</color>
    <color name="emui_master_color_mark_9_alpha_70">#B3D8FA55</color>
    <color name="emui_master_color_mark_10_alpha_70">#B300D659</color>
    <color name="emui_master_color_mark_11_alpha_70">#B300D796</color>
    <color name="emui_master_color_mark_0_alpha_20">#3310DDEC</color>
    <color name="emui_master_color_mark_1_alpha_20">#3301C1F2</color>
    <color name="emui_master_color_mark_2_alpha_20">#330D82FB</color>
    <color name="emui_master_color_mark_3_alpha_20">#33CF21FF</color>
    <color name="emui_master_color_mark_4_alpha_20">#33FF2294</color>
    <color name="emui_master_color_mark_5_alpha_20">#33FF3320</color>
    <color name="emui_master_color_mark_6_alpha_20">#33FB6522</color>
    <color name="emui_master_color_mark_7_alpha_20">#33FFBA1B</color>
    <color name="emui_master_color_mark_8_alpha_20">#33FFDC1A</color>
    <color name="emui_master_color_mark_9_alpha_20">#33D8FA55</color>
    <color name="emui_master_color_mark_10_alpha_20">#3300D659</color>
    <color name="emui_master_color_mark_11_alpha_20">#3300D796</color>
    <color name="emui_list_dark_default">#ffffffff</color>
    <color name="emui_list_dark_disabled">#33ffffff</color>
    <color name="emui_list_secondary_text_dark">#80ffffff</color>
    <color name="emui_list_separator_dark_default">#c0ffffff</color>
    <color name="emui_edit_text_hint_color">#33ffffff</color>
	<color name="primary_edit_text_emui">#E6E6E6</color>
	<color name="emui_black_color_alpha_30">#4CE6E6E6</color>
    <color name="emui_svg_icon_light_default">#33ffffff</color>
    <color name="emui_svg_icon_light_disabled">#33ffffff</color>
    <color name="emui_svg_icon_dark_default">#33ffffff</color>
    <color name="emui_svg_icon_dark_disabled">#33ffffff</color>
 <!-- just for test, will be deleted in GP branch-->
    <color name="test_color">#ffff1155</color>
    <!-- EMUI Primary Colors -->
    <color name="emui_primary">#E6E6E6</color>
    <color name="emui_accent">H7_ACCENT_COLOR</color>
    <color name="emui_white">#e6e6e6</color>
	<color name="emui_white_bg">H7_BACKGROUND</color>
    <!-- EMUI Secondary Colors -->
    <color name="emui_color_1">#4d5ceb</color>
    <color name="emui_color_2">#1596d1</color>
    <color name="emui_color_3">#15a5ad</color>
    <color name="emui_color_4">#40ae3f</color>
    <color name="emui_color_5">#77b40f</color>
    <color name="emui_color_6">#923ae4</color>
    <color name="emui_color_7">#e20277</color>
    <color name="emui_color_8">#ed2a2b</color>
    <color name="emui_color_9">#e16808</color>
    <color name="emui_color_10">#da830b</color>
    <color name="emui_color_11">#d49f0f</color>
    <!-- Black and Gray Shades -->
    <color name="emui_black">#E6E6E6</color>
    <color name="emui_color_gray_1">H7_ACTIONBAR</color>
    <color name="emui_color_gray_2">#1A1A1A</color>
    <color name="emui_color_gray_3">H7_ACTIONBAR</color>
    <color name="emui_color_gray_4">#333333</color>
    <color name="emui_color_gray_5">#4CE6E6E6</color>
    <color name="emui_color_gray_6">#666666</color>
    <color name="emui_color_gray_7">#808080</color>
    <color name="emui_color_gray_8">#B3B3B3</color>
    <color name="emui_color_gray_9">#CCCCCC</color>
    <color name="emui_color_gray_10">#E6E6E6</color>
    <!-- Functional Colors -->
    <color name="emui_functional_red">#ed2a2b</color>
    <color name="emui_functional_green">#3db03d</color>
    <color name="emui_functional_blue">#1596d1</color>
    <!-- HwCard -->
    <color name="hwcard_footer_bg_color">#0DFFFFFF</color>
    <!-- HwToolbar menu Colors -->
    <color name="hwtoolbar_menu_clicked_emui">#FF1596D1</color>
    <color name="hwtoolbar_background">H7_ACTIONBAR</color>
    <color name="hwtoolbar_splitbackground">#0D0D0D</color>
    <color name="hwtoolbar_splitbackground_translucent">#00FFFFFF</color>
    <color name="hwtoolbar_background_translucent">#00FFFFFF</color>
    <color name="hwtoolbar_menu_clicked_emui_translucent">#33ffffff</color>
	<color name="hwedit_emui_black_color_alpha_30">#33ffffff</color>
    <!-- translucent -->
    <color name="emui_primary_translucent">#ffffff</color>
    <color name="emui_gray_2_translucent">#80ffffff</color>
    <!-- AlphaIndexerListView Colors -->
    <color name="alphaindexer_unselected_alpha_color">#FF7C7C7C</color>
    <color name="alphaindexer_selected_alpha_color">H7_ACCENT_COLOR</color>
    <color name="alphaindexer_unselected_alpha_color_dark">#4CFFFFFF</color>
    <color name="alphaindexer_selected_alpha_color_dark">#FFFFFFFF</color>
    <color name="alphaindexer_popup_bg_color">#FFCCE5FF</color>
		<!-- EMUI9.1系统控件HwButton Colors -->
   <color name="hwbutton_text_emphasize_disabled">#41ffffff</color>
   <color name="hwbutton_text_emphasize_color">#D8ffffff</color>
   <color name="hwbutton_text_color">#D8ffffff</color>
   <color name="hwbutton_text_disabled">#41ffffff</color>
       <!-- EMUI9.1系统控件hwbottomnavigation -->
    <color name="hwbottomnavigationview_bg">H7_ACTIONBAR</color>
    <color name="hwclickeffic_default_color_emui">#19FFFFFF</color>
    <color name="hwclickeffic_default_color_emui_dark">#19FFFFFF</color>
    <!-- EMUI9.1系统控件hwcheckbox -->
        <!--对勾-->
    <color name="hwcheckbox_inner_checked_mark">#e6e6e6</color>
    <!--off 填充-->
    <color name="hwcheckbox_off_mask">H7_BACKGROUND</color>
    <!--dark disable对勾-->
    <color name="hwcheckbox_inner_disable_dark">#33ffffff</color>
    <!--dark off disable线框-->
    <color name="hwcheckbox_accent_off_disable_dark_emui">#19FFFFFF</color>
    <!--dark on enable填充-->
    <color name="hwcheckbox_accent_on_dark_emui">H7_ACCENT_COLOR</color>
    <!--dark off线框-->
    <color name="hwcheckbox_accent_off_dark_emui">#33FFFFFF</color>
    <!--dark 对勾-->
    <color name="hwcheckbox_inner_normal_dark">#80ffffff</color>
    <!-- EMUI9.1系统控件hwdivider-->
    <color name="hwdivider_horizontal_color_emui">#33ffffff</color>
    <color name="hwdivider_horizontal_color_dark_emui">#33ffffff</color>
    <!-- EMUI9.1系统控件HwDotsPageIndicator Colors -->
    <color name="hwdotspageindicator_emui_primary">H7_ACCENT_COLOR</color>
    <color name="hwdotspageindicator_emui_gray_2">#808080</color>
    <color name="hwdotspageindicator_emui_gray_3">#4CE6E6E6</color>
    <!-- EMUI9.1系统控件HwEditText-->
    <color name="hwedit_emui_black_color_alpha_30">#4CE6E6E6</color>
    <color name="hwedit_emui_edit_text_hint_color">#33ffffff</color>
    <!-- EMUI9.1系统控件hwradiobutton-->
    <!--off 内部填充-->
    <color name="hwradiobutton_off_mask">H7_BACKGROUND</color>
    <!--animation end color-->
    <color name="hwradiobutton_accent_off_emui">#33ffffff</color>
    <!--dark theme-->
    <!--dark on 外圈填充-->
    <color name="hwradiobutton_accent_on_disable_dark_emui">H7_ACCENT_COLOR_DISABLED</color>
    <!--dark on disable内圈填充-->
    <color name="hwradiobutton_inner_disable_dark">#33ffffff</color>
    <!--dark off disable 外框-->
    <color name="hwradiobutton_accent_off_disable_dark_emui">#19FFFFFF</color>
    <!--dark on enable 外圈填充-->
    <color name="hwradiobutton_accent_on_dark_emui">H7_ACCENT_COLOR</color>
    <!--dark on enable 内圈填充-->
    <color name="hwradiobutton_inner_normal_dark">#ffffffff</color>
    <!--dark off enable 外框-->
    <color name="hwradiobutton_accent_off_dark_emui">#33FFFFFF</color>
    <!-- EMUI9.1系统控件hwsearchview-->
    <color name="hwsearchview_accent_emui_pressed">H7_ACCENT_COLOR</color>
    <color name="hwsearchview_emui_text_disabled">#33ffffff</color>
    <color name="hwsearchview_emui_text_dark">#ffffff</color>
    <!--EMUI9.1系统控件HwSpinner Colors-->
    <color name="hwspinner_item_default">#d8ffffff</color>
    <color name="hwspinner_item_pressed">#6bffffff</color>
    <color name="hwspinner_item_disabled">#33ffffff</color>
    <color name="hwspinner_item_default_dark">#ffffffff</color>
    <color name="hwspinner_item_pressed_dark">#ffcccccc</color>
    <color name="hwspinner_item_disabled_dark">#33ffffff</color>
    <color name="hwspinner_dropdown_item_default_dark">H7_BACKGROUND_PRESS</color>
    <color name="hwspinner_dropdown_item_pressed_dark">H7_BACKGROUND_PRESS</color>
    <color name="hwspinner_dropdown_item_disabled_dark">H7_BACKGROUND_PRESS</color>
    <color name="hwspinner_dropdown_item_default_emphasize">#ffffffff</color>
    <color name="hwspinner_dropdown_item_pressed_emphasize">#ffffffff</color>
    <color name="hwspinner_dropdown_item_disabled_emphasize">#3fffffff</color>
    <color name="hwspinner_accent_emui_dark">H7_ACCENT_COLOR</color>
    <color name="hwspinner_accent_emui_text_hightlight_dark">#FFCCCCCC</color>
    <color name="hwspinner_emui_master_color_0">#FFFFFFFF</color>
    <color name="hwspinner_accent_emui_emphasize_disabled">H7_ACCENT_COLOR_DISABLED</color>
    <color name="hwspinner_accent_emui_emphasize_pressed">H7_ACCENT_COLOR</color>
    <color name="hwspinner_accent_emui_emphasize">H7_ACCENT_COLOR</color>
    <color name="hwspinner_emui_text_dark">#ffffff</color>
    <color name="hwspinner_emui_text_disabled">#33ffffff</color>
    <!--EMUI9.1系统控件HwSwitch Colors-->
    <color name="hwswitch_bg_off_emui">#FF515151</color>
    <color name="hwswitch_bg_off_disable_emui">#1f1f1f</color>
    <color name="hwswitch_thumb_emui">#FFFFFFFF</color>
    <color name="hwswitch_thumb_emui_dark">#FFFFFFFF</color>
    <color name="hwswitch_thumb_disable_emui">#33FFFFFF</color>
    <color name="hwswitch_thumb_disable_emui_dark">#33FFFFFF</color>
    <color name="hwswitch_on_disable_dark_emui">H7_ACCENT_COLOR_DISABLED</color>
    <color name="hwswitch_off_disable_dark_emui">H7_BACKGROUND_PRESS</color>
    <color name="hwswitch_emui_list_dark_disabled">#33ffffff</color>
    <color name="hwswitch_emui_list_secondary_text_dark">#80ffffff</color>
    <color name="hwswitch_accent_emui">H7_ACCENT_COLOR</color>
    <color name="hwswitch_accent_on_dark_emui">H7_ACCENT_COLOR</color>
    <color name="hwswitch_accent_off_dark_emui">#33FFFFFF</color>
    <color name="hwswitch_thumb_color">#e6e6e6</color>
    <!--主题颜色-->
    <color name="hw_theme_value">#E6E6E6</color>
    <!--10.0控件适配-->
    <color name="emui_accent">H7_ACCENT_COLOR</color>
    <color name="emui_accent_inverse">H7_ACCENT_COLOR</color>
    <color name="emui_accent_pressed">H7_ACCENT_COLOR</color>
    <color name="emui_button_default">#1AFFFFFF</color>
    <color name="emui_button_default_disabled">#0AFFFFFF</color>
    <color name="emui_card_bg">#404040</color>
    <color name="emui_color_1">#4d5ceb</color>
    <color name="emui_color_10">#da830b</color>
    <color name="emui_color_11">#d49f0f</color>
    <color name="emui_color_2">#1596d1</color>
    <color name="emui_color_3">#15a5ad</color>
    <color name="emui_color_4">#40ae3f</color>
    <color name="emui_color_5">#77b40f</color>
    <color name="emui_color_6">#923ae4</color>
    <color name="emui_color_7">#e20277</color>
    <color name="emui_color_8">#ed2a2b</color>
    <color name="emui_color_9">#e16808</color>
    <color name="emui_color_bg">H7_BACKGROUND</color>
    <color name="emui_color_connected">#41ba41</color>
    <color name="emui_color_divider_horizontal">#33FFFFFF</color>
    <color name="emui_color_fg">#FFFFFFFF</color>
    <color name="emui_color_fg_inverse">#E5E5E5</color>
    <color name="emui_color_handup">#FA2A2D</color>
    <color name="emui_color_list_divider">#33FFFFFF</color>
    <color name="emui_color_primary">#A9FFFFFF</color>
    <color name="emui_color_secondary">#80FFFFFF</color>
    <color name="emui_color_subheader_divider">#19FFFFFF</color>
    <color name="emui_color_tertiary">#61ffffff</color>
    <color name="emui_color_text_highlight">H7_ACCENT_COLOR_DISABLED</color>
    <color name="emui_color_text_primary">#A9ffffff</color>
    <color name="emui_color_text_secondary">#80FFFFFF</color>
    <color name="emui_color_text_tertiary">#61ffffff</color>
    <color name="emui_color_warning">#FF7500</color>
    <color name="emui_control_highlight">H7_ACCENT_COLOR</color>
    <color name="emui_control_normal">#19FFFFFF</color>
    <color name="emui_control_normal_disabled">#0AFFFFFF</color>
    <color name="emui_fab_bg_normal">H7_ACCENT_COLOR</color>
    <color name="emui_fab_bg_pressed">#26A9FB</color>
    <color name="emui_fab_icon">#FFFFFF</color>
    <color name="emui_functional_blue">H7_ACCENT_COLOR</color>
    <color name="emui_functional_blue_inverse">H7_ACCENT_COLOR</color>
    <color name="emui_functional_red">#FFFA2A2D</color>
    <color name="emui_list_separator_text">H7_BACKGROUND_PRESS</color>
    <color name="emui_primary">#FFFFFF</color>
    <color name="emui_primary_inverse">#FFFFFF</color>
    <color name="emui_text_disabled">#61FFFFFF</color>
    <color name="emui_text_hint">#7Fffffff</color>
    <color name="emui_text_hint_inverse">#99FFFFFF</color>
    <color name="emui_text_inverse_disable">#61FFFFFF</color>
    <color name="emui_text_primary">#FFFFFF</color>
    <color name="emui_text_primary_inverse">#ffffff</color>
    <color name="emui_text_secondary_inverse">#99FFFFFF</color>
    <color name="emui_text_tertiary_inverse">#61FFFFFF</color>
    <!--HwBottomNavigationView兼容非10.0 -->
    <color name="hwbottomnav_item_default">#7FFFFFFF</color>
    <!-- 实名认证引导语文本颜色：H7_BACKGROUND 90%不透明 -->
    <color name="jos_text_color_primary">#A8FFFFFF</color>
    <!-- 副文本颜色：H7_BACKGROUND 60%不透明 -->
    <color name="jos_text_color_secondary">#80FFFFFF</color>
    <!-- hw控件 -->
	<color name="hwspinner_divider_horizontal_color">#33FFFFFF</color>
    <color name="hwspinner_icon_emui">#A9FFFFFF</color>
    <color name="hwspinner_item_disabled">#40FFFFFF</color>
    <color name="hwsubtab_emui_color_bg">H7_BACKGROUND</color>
    <color name="hwsubtab_emui_subtab_text_on">H7_ACCENT_COLOR</color>
    <color name="hwsubtab_emui_subtab_text_off">#66ffffff</color>
    <color name="hwsubtab_indicator_color">H7_ACCENT_COLOR</color>
    <color name="hwsubtab_click_effect_color">#19ffffff</color>
    <color name="hwswitch_off_track_bg">#ff515151</color>
    <color name="hwswitch_thumb_disable">#616161</color>
    <color name="feedback_sdk_problem_submit_normol_bg">#04324C</color>
    <color name="feedback_sdk_problem_submit_select_bg">#0E9FFC</color>
    <color name="feedback_sdk_problem_common_type_info_phone">#747474</color>
    <color name="feedback_sdk_problem_select_question_type">#E6E6E6</color>
    <color name="feedback_sdk_problem_question_info_bg">H7_ACTIONBAR</color>
    <color name="feedback_sdk_problem_question_info_or_phone_text">#FFFFFF</color>
    <color name="feedback_sdk_problem_question_info_or_phone_hint">#606060</color>
    <color name="feedback_sdk_problem_question_number">#676767</color>
    <color name="feedback_sdk_problem_question_max_number">#ff0000</color>
    <color name="feedback_sdk_problem_submit_text">#4F7083</color>
    <color name="feedback_sdk_problem_submit_select_text">#FFFFFF</color>
    <color name="feedback_sdk_problem_recycle_select_question_type">#E6E6E6</color>
    <color name="feedback_sdk_problem_recycle_normol_question_type_bg">#33ffffff</color>
    <color name="feedback_sdk_problem_recycle_select_question_type_bg">#07507D</color>
    <color name="feedback_sdk_problem_photo_bg">#191919</color>
    <color name="feedback_sdk_text_normal_black">#E6E6E6</color>
    <color name="feedback_sdk_label_text_color_normal">#E6E6E6</color>
    <color name="feedback_sdk_text_normal_black_50">#80E6E6E6</color>
    <color name="feedback_sdk_common_btn_blue">#00AAEE</color>
    <color name="feedback_sdk_common_black_20">#33ffffff</color>
    <color name="feedback_sdk_moreservice_text_color">#E6E6E6</color>
    <color name="feedback_sdk_moreservice_choose_text_color">#80E6E6E6</color>
    <color name="feedback_sdk_common_black_40">#66ffffff</color>
    <color name="feedback_sdk_tab_slider_bg_color_selected">H7_ACCENT_COLOR</color>
    <color name="feedback_sdk_action_bar_grey">#F74f5257</color>
    <color name="feedback_sdk_notice_view_default_text_color">#80E6E6E6</color>
    <color name="feedback_sdk_notice_view_pad_background">H7_BACKGROUND</color>
    <color name="feedback_sdk_notice_view_background">H7_BACKGROUND</color>
    <color name="feedback_sdk_list_item_hint_text_color_normal">#4DE6E6E6</color>
    <color name="feedback_sdk_label_assist_text_color_normal">#80E6E6E6</color>
    <color name="feedback_sdk_grid_divider_color">#33E6E6E6</color>
    <color name="feedback_sdk_common_black_30">#4DE6E6E6</color>
    <color name="feedback_sdk_tab_slider_bg_color_selected_50">H7_ACCENT_COLOR_PRESS</color>
    <color name="hwsubheader_clickeffic_color">#0cFFFFFF</color>
    <!--hwbutton-->
    <color name="hwbutton_functional_blue_disable">H7_ACCENT_COLOR_DISABLED</color>
    <color name="hwbutton_color_fg_inverse_disable">#616161</color>
    <!-- alpha define dark -->
    <item name="emui_primary_content_alpha" format="float" type="dimen">.66</item>
    <item name="emui_secondary_content_alpha" format="float" type="dimen">.5</item>
    <item name="emui_tertiary_content_alpha" format="float" type="dimen">.38</item>
    <item name="emui_disabled_alpha" format="float" type="dimen">.38</item>
    <item name="emui_highlight_bg_alpha" format="float" type="dimen">.38</item>
    <item name="emui_normal_bg_alpha" format="float" type="dimen">.1</item>
    <item name="emui_tips_bg_alpha" format="float" type="dimen">.1</item>
    <item name="emui_divider_alpha" format="float" type="dimen">.1</item>
    <!--text color-->
    <item name="emui_disabled_alpha" format="float" type="dimen">.38</item>
    <item name="emui_primary_content_alpha" format="float" type="dimen">.66</item>
    <!--button-->
    <color name="emui_color_fg_inverse">#FFFFFFFF</color>
    <color name="hwcheckbox_emui_boxedge">#4DFFFFFF</color>
    <color name="hwcheckbox_emui_white_bg">H7_BACKGROUND_PRESS</color>
    <color name="hwlistpattern_swipe_bg">#1AFFFFFF</color>
    <color name="hwlistpattern_arrow_color">#61FFFFFF</color>
    <item name="emui_primary_content_alpha" format="float" type="dimen">.66</item>
    <item name="emui_secondary_content_alpha" format="float" type="dimen">.5</item>
    <item name="emui_disabled_alpha" format="float" type="dimen">.38</item>
    <item name="emui_primary_content_alpha" format="float" type="dimen">.66</item>
    <!--button-->
    <color name="hwradiobutton_off_stroke">#4dffffff</color>
    <color name="hwradiobutton_off_path_inner_bg">H7_BACKGROUND_PRESS</color>
    <!-- hwseekbar -->
    <color name="hwseekbar_scale_color">#33ffffff</color>
    <color name="hwseekbar_step_text">#80FFFFFF</color>
    <color name="hwspinner_item_disabled">#40FFFFFF</color>
    <color name="hwspinner_icon_emui">#A9FFFFFF</color>
    <color name="hwspinner_selector_background_color">H7_ACCENT_COLOR</color>
    <item name="emui_primary_content_alpha" format="float" type="dimen">.66</item>
    <color name="hwsubheader_emui_color_divider">#0Cffffff</color>
    <!--text color-->
    <item name="emui_disabled_alpha" format="float" type="dimen">.38</item>
    <item name="emui_primary_content_alpha" format="float" type="dimen">.66</item>
    <!--track-->
    <color name="hwswitch_off_track_bg">#ff515151</color>
    <!--thumb-->
    <color name="hwswitch_thumb_disable">#616161</color>
    <!--datePicker-->
    <color name="hwdatepicker_backgroud_color">#404040</color>
    <color name="hwdatepicker_alert_dialog_button_text_color">H7_ACCENT_COLOR</color>
    <color name="hwdatepicker_alert_dialog_divider_backgroud_color">#33ffffff</color>
    <!--卡片深色主题颜色-->
    <color name="cloudsetting_head_view_card_dark_background">#1F2426</color>
    <color name="custom_card_a8_white_e6_black">#a8ffffff</color>
    <color name="custom_card_80_white_99_black">#80ffffff</color>
    <color name="custom_card_61_white_99_black">#61ffffff</color>
    <color name="feedback_sdk_text_normal_black">#99ffffff</color>
    <color name="feedback_sdk_text_normal_black_50">#66ffffff</color>
    <color name="feedback_toggle_item_bg_color">#19FFFFFF</color>
    <color name="feedback_tab_text_color_selected_20">H7_ACCENT_COLOR_DISABLED</color>
</resources>