<?xml version="1.0" encoding="utf-8"?>
<resources>
    <color name="widget_name_on_color">#ffffffff</color>
    <color name="widget_status_txt_color">#7fffffff</color>
    <color name="station_name_play_color">H7_ACCENT_COLOR</color>
    <color name="channel_color">#ffffff</color>
    <color name="channel_mhz_color">#FFFFFF</color>
    <color name="sleep_color">#7Fffffff</color>
    <color name="main_btn_color">#7Fffffff</color>
    <color name="default_color">H7_ACCENT_COLOR</color>
    <color name="pressed_color">H7_ACCENT_COLOR_PRESS</color>
    <color name="icon_default_color">#ffffff</color>
    <color name="icon_pressed_color">H7_ACCENT_COLOR</color>
    <color name="channel_num_color">#80ffffff</color>
    <color name="channel_fre_color">#ffffff</color>
    <color name="main_title_color">#ffffff</color>
    <color name="status_bar_bg_color">#00000000</color>
    <color name="noti_freq_color">H7_BACKGROUND</color>
    <color name="noti_freq_name_color">#b4000000</color>
    <color name="icon_color">H7_ACCENT_COLOR</color>
    <color name="widget_bg">H7_ACTIONBAR</color>

    <color name="mian_button_click_pressed">#0dffffff</color>
    <color name="main_fab_bg">H7_ACCENT_COLOR</color>
    <color name="main_fab_bg_pressed">H7_ACCENT_COLOR_PRESS</color>

</resources>