﻿<?xml version="1.0" encoding="utf-8"?>
<resources> 
    <item type="drawable" name="hw_screen_background_gray">H7_BACKGROUND</item>

	<!--ActionBAr-->
	<color name="primary_emui_light">H7_ACTIONBAR</color>
	<color name="emui_navigationbar_bg_blur">H7_ACTIONBAR</color>
	<color name="emui_navigationbar_bg">H7_ACTIONBAR</color>
	<color name="emui_subtab_bg_blur">H7_ACTIONBAR</color>
	<color name="emui_subtab_bg">H7_ACTIONBAR</color>
	<color name="emui_black_color_alpha_5">H7_ACTIONBAR</color>	
	<color name="emui_appbar_bg_blur">H7_ACTIONBAR</color>
	<color name="emui_appbar_bg">H7_ACTIONBAR</color>
	<color name="emui_toolbar_bg">H7_ACTIONBAR</color>
	<color name="emui_toolbar_bg_blur">H7_ACTIONBAR</color>	
	<color name="hwtoolbar_background">H7_ACTIONBAR</color>
  	<color name="emui_color_gray_1">H7_ACTIONBAR</color>
	<color name="emui_white_bg">H7_ACTIONBAR</color>
	<color name="switch_track_off_bg_emui">H7_ACTIONBAR</color>
	<color name="navigationbar_emui_light_line">H7_ACTIONBAR</color>
 	<color name="navigationbar_emui_light">H7_ACTIONBAR</color>
	<color name="emui_dialog_bg">H7_BACKGROUND</color>
	<color name="emui_color_bg">H7_BACKGROUND</color>	
	<color name="emui_functional_blue">H7_ACCENT_COLOR</color>
	<color name="emui_functioanl_blue_dark">H7_ACCENT_COLOR</color>
	<color name="emui_functional_red">H7_ACCENT_COLOR</color>
	<color name="searchview_cursor_color_emui">H7_ACCENT_COLOR</color>
	<color name="emui_color_gray_8">H7_ACCENT_COLOR</color>
	<color name="emui_switch_bg_on">H7_ACCENT_COLOR</color>
	<color name="emui_progress">H7_ACCENT_COLOR</color>
	<color name="emui_control_hightlight">H7_ACCENT_COLOR</color>
	<color name="emui_subtab_text_on">H7_ACCENT_COLOR</color>
	<color name="emui_subtab_line_on">H7_ACCENT_COLOR</color>
	<color name="emui_bottombar_icon_on">H7_ACCENT_COLOR</color>
	<color name="emui_bottombar_text_on">H7_ACCENT_COLOR</color>
	<color name="accent_emui_emphasize">H7_ACCENT_COLOR</color>
	<color name="accent_emui_emphasize_pressed">H7_ACCENT_COLOR</color>
	<color name="accent_emui_emphasize_disabled">H7_ACCENT_COLOR_DISABLED</color>
	<color name="accent_on_disable_emui">H7_ACCENT_COLOR_DISABLED</color>
	<color name="accent_on_disable_dark_emui">H7_ACCENT_COLOR_DISABLED</color>
	<color name="accent_on_dark_emui">H7_ACCENT_COLOR</color>
	<color name="switch_on_disable_dark_emui">H7_ACCENT_COLOR_DISABLED</color>
	<color name="clone_app_mark_bg_color">H7_ACCENT_COLOR</color>
	<color name="mw_divide_bg">H7_ACCENT_COLOR</color>
	<color name="emui_master_color_5">H7_ACCENT_COLOR</color>
	<color name="sub_tab_border_emui">H7_ACCENT_COLOR</color>
	<color name="sub_tab_entity_emui">H7_ACCENT_COLOR</color>
	<color name="notification_expandbutton_progressbar_honor">H7_ACCENT_COLOR</color>
	<color name="notification_expandbutton_progressbar">H7_ACCENT_COLOR</color>
	<color name="ic_menu_download_normal_color">H7_ACCENT_COLOR</color>
	<color name="searchview_cursor_color_emui_emphasize">H7_ACCENT_COLOR</color>
	<color name="ic_menu_download_pressed_color">H7_ACCENT_COLOR</color>
	<color name="actionbar_icon_blackback_pressed">H7_ACCENT_COLOR</color>
	<color name="actionbar_icon_blackback">H7_ACCENT_COLOR</color>
	<color name="shutdown_recommend_empha_text_color">H7_ACCENT_COLOR</color>
	<color name="accent_on_disable_emphasize_emui">#H7_ACCENT_COLOR_DISABLED</color>
	<color name="btn_text_color_disabled_normal_emui_dark">H7_ACCENT_COLOR_DISABLED</color>
	<color name="btn_text_color_normal_emui_dark">H7_ACCENT_COLOR</color>
	<color name="emui_accent">H7_ACCENT_COLOR</color>
	<color name="emui_accent_alpha_10">#1a26a69a</color>
	<color name="emui_accent_dark">H7_ACCENT_COLOR</color>
	<color name="game_notice_color">H7_ACCENT_COLOR</color>
	<color name="hwtoolbar_menu_clicked_emui">H7_ACCENT_COLOR</color>
	<color name="switch_on_disable_emphasize_emui">#H7_ACCENT_COLOR_DISABLED</color>
	<color name="tab_title_selected_pressed_emui">H7_ACCENT_COLOR</color>
	<color name="tab_title_selected_pressed_emui_emphasize">H7_ACCENT_COLOR</color>
	<color name="sub_tab_title_normal_pressed_emui_dark">H7_ACCENT_COLOR_DISABLED</color>
	<color name="sub_tab_title_normal_emui_dark">H7_ACCENT_COLOR</color>
	<color name="accent_emui_dark">H7_ACCENT_COLOR</color>
	<color name="emui_list_separator_dark_default">H7_ACCENT_COLOR</color>
	<color name="emui_blue_light">H7_ACCENT_COLOR</color>
	<color name="emui_dialog_blue_light">H7_ACCENT_COLOR</color>
	<color name="accent_emui_pressed">H7_ACCENT_COLOR_PRESS</color>
	<color name="emui_master_color_mark_2">H7_ACCENT_COLOR</color>
	<color name="emui_master_color_mark_2_alpha_70">H7_ACCENT_COLOR_PRESS</color>
	<color name="emui_master_color_mark_2_alpha_20">H7_ACCENT_COLOR_DISABLED</color>
	<color name="sub_tab_title_emui">H7_ACCENT_COLOR</color>
	<color name="sub_tab_title_emui_dark">H7_ACCENT_COLOR</color>
	<color name="sub_tab_title_emui_emphasize">H7_ACCENT_COLOR</color>
	<color name="searchview_cursor_color_light_bg">H7_ACCENT_COLOR</color>
 	<color name="action_bar_title_emui">H7_ACCENT_COLOR</color>
	<color name="action_bar_title_emui_dark">H7_ACCENT_COLOR</color>
 	<color name="tab_title_selected_emui_dark">H7_ACCENT_COLOR</color>
 	<color name="accent_emui">H7_ACCENT_COLOR</color>
 	<color name="accent_emui_text_hightlight">H7_ACCENT_COLOR_DISABLED</color>
 	<color name="emui_dialog_title_text_Color">H7_ACCENT_COLOR</color>
 	<color name="sub_tab_title_normal_pressed_emui_emphasize">H7_ACCENT_COLOR_PRESS</color>
 	<color name="sub_tab_title_normal_emui_emphasize">H7_ACCENT_COLOR_PRESS</color>
 	<color name="tab_title_selected_emui_emphasize">H7_ACCENT_COLOR</color> 
 	<color name="emui_progressbar_loading_fill_color">H7_ACCENT_COLOR</color>
	<color name="emui_highlighted_text">H7_ACCENT_COLOR_DISABLED</color>
	<color name="emui_detail_text_pressed">H7_ACCENT_COLOR</color>
	<color name="alphaindexer_selected_alpha_color">H7_ACCENT_COLOR</color>
	<color name="tab_title_selected_emui">H7_ACCENT_COLOR</color>
	<color name="tab_title_selected_pressed_emui">H7_ACCENT_COLOR_PRESS</color>
	<color name="tab_title_selected_emui_emphasize">H7_ACCENT_COLOR</color>
	<color name="tab_title_selected_pressed_emui_emphasize">H7_ACCENT_COLOR</color>
	<color name="sub_tab_title_selected_pressed_emui">H7_ACCENT_COLOR</color>
	<color name="sub_tab_title_selected_emui">H7_ACCENT_COLOR</color>
	<color name="sub_tab_title_selected_pressed_emui_emphasize">H7_ACCENT_COLOR</color>
	<color name="sub_tab_title_selected_emui_emphasize">H7_ACCENT_COLOR</color>
	<color name="selected_text_item">H7_ACCENT_COLOR</color>
	<color name="hw_handle_color">H7_ACCENT_COLOR</color>
	<color name="accent_emui">H7_ACCENT_COLOR</color>
	<color name="accent_emui_pressed">H7_ACCENT_COLOR</color>
	<color name="accent_emui_text_hightlight">H7_ACCENT_COLOR</color>	
	<color name="accent_emui_dark_color">#e6ffffff</color>
	<color name="emui_spinner_item_pressed_dark">#d9d9d9</color>
	<color name="emui_fab_pressed">#d9d9d9</color>
	<color name="emui_color_gray_9">#d9d9d9</color>										 
	<color name="accent_emui_text_hightlight_dark">#d9d9d9</color>
	<color name="emui_list_separator_default">#bdc0c5</color>
	<color name="emui_white_dialog_bg">H7_BACKGROUND</color>
	<color name="emui_emphasize_dialog_bg_color">H7_BACKGROUND</color>
	<color name="accent_emui_dark">#b3ffffff</color>
	<color name="emui_master_color_0">#ffff242e</color>
	<color name="emui_master_color_1">#ffea242e</color>
	<color name="emui_master_color_2">#ffd3242e</color>
	<color name="emui_master_color_3">#ffc3242e</color>
	<color name="emui_master_color_4">#ffbb242e</color>
	<color name="emui_master_color_6">#ff90242e</color>
	<color name="emui_master_color_7">#ff85242e</color>
	<color name="emui_master_color_8">#ff6a242e</color>
	<color name="emui_master_color_9">#ff62242e</color>
	<color name="emui_master_color_10">#ff54242e</color>
	<color name="emui_master_color_mark_0">#ffd1242e</color>
	<color name="emui_master_color_mark_1">#ffb5242e</color>
	<color name="emui_master_color_mark_0_alpha_70">#b3d1242e</color>
	<color name="emui_master_color_mark_1_alpha_70">#b3b5242e</color>
	<color name="emui_master_color_mark_0_alpha_20">#33d1242e</color>
	<color name="emui_master_color_mark_1_alpha_20">#33b5242e</color>
	<color name="hw_title_header_text">ffffff</color>
 	<color name="tab_title_normal_emui">#80A0A0A0</color>
 	<color name="tab_title_normal_pressed_emui">#33A0A0A0</color>
 	<color name="tab_title_selected_pressed_emui">#80A0A0A0</color>
 	<color name="tab_title_normal_emui_dark">#80A0A0A0</color>
 	<color name="tab_title_normal_pressed_emui_dark">#33A0A0A0</color>
 	<color name="tab_title_selected_pressed_emui_dark">#33A0A0A0</color>
 	<color name="tab_bg_normal_emui_dark">#202020</color>
 	<color name="tab_bg_normal_emui">#202020</color>
 	<color name="tab_bg_normal_emui_emphasize">#202020</color>
	<color name="preference_divider_grey">#00000000</color>
	<color name="divider_horizontal_color_emui">#00000000</color>	
	<color name="emui_tab_title_off">#80ffffff</color>
	<color name="emui_tab_title_on">#ffffff</color>
	<color name="emui_label_primary_text">#ffffff</color>
	<color name="emui_list_primary_default">#ffffff</color>
 	<color name="emui_list_secondray_text">#80ffffff</color> 	
	<color name="list_text_color_emui">#ffffffff</color>
 	<color name="emui_text_dark">#A0A0A0</color>
 	<color name="emui_secondary_text_dark_disabled">#33A0A0A0</color>
 	<color name="emui_secondary_text_dark">#80A0A0A0</color>
 	<color name="sub_tab_title_normal_emui">#88ffffff</color>
 	<color name="sub_tab_title_normal_pressed_emui">#88ffffff</color>
 	<color name="accent_off_disable_emui">#33081115</color> 
 	<color name="emui_spinner_item_default">#ffffff</color>
 	<color name="emui_spinner_item_pressed">#88ffffff</color>
 	<color name="menuitem_default_checkedcolor">#909090</color>
 	<color name="menuitem_default_checkedcolor_pressed">#88909090</color>
 	<color name="menuitem_default_checkedcolor_disabled">#33909090</color>
 	<color name="menuitem_default_uncheckedcolor">#909090</color>
 	<color name="menuitem_default_uncheckedcolor_pressed">#88909090</color>
 	<color name="menuitem_default_uncheckedcolor_disabled">#33909090</color>
 	<color name="emui_numberpicker_small_textcolor">#909090</color>
 	<color name="emui_message_text_color">#ffffff</color>
 	<color name="switch_bg_off_emui">#9a9a9a</color> 
 	<color name="switch_bg_off_disable_emui">#33808080</color> 
 	<color name="switch_thumb_emui">#ffffff</color>
 	<color name="switch_thumb_disable_emui">#88ffffff</color>
	<color name="menuitem_default_dark_uncheckedcolor">#ffffff</color>
 	<color name="menuitem_default_dark_uncheckedcolor_disabled">#33ffffff</color>
 	<color name="menuitem_default_dark_uncheckedcolor_pressed">#88ffffff</color>
 	<color name="menuitem_default_dark_checkedcolor">#ffffff</color>
 	<color name="menuitem_default_dark_checkedcolor_disabled">#33ffffff</color>
 	<color name="menuitem_default_dark_checkedcolor_pressed">#88ffffff</color> 
	<color name="emui_button_text_emphasize_disabled">#41000000</color>
 	<color name="emui_button_text_emphasize_color">#D8000000</color>
	<color name="emui_spinner_dropdown_item_default_emphasize">#616161</color>
 	<color name="emui_spinner_dropdown_item_pressed_emphasize">#616161</color>
 	<color name="emui_spinner_dropdown_item_disabled_emphasize">#3f616161</color>
	<color name="tab_title_normal_emui_emphasize">#80909090</color>
 	<color name="tab_title_normal_pressed_emui_emphasize">#80909090</color>
 	<color name="tab_title_selected_pressed_emui_emphasize">#80909090</color>
		<!--White-->
	<color name="emui_searchview_text_color">#ffffff</color>
  	<color name="emui_searchview_text_color_dark">#ffffff</color>
  	<color name="emui_searchview_text_hint_color">#80ffffff</color>
  	<color name="emui_searchview_text_hint_color_dark">#80ffffff</color>
  	<color name="ic_searchview_color_emui">#ffffff</color>
  	<color name="ic_searchview_color_emui_dark">#ffffff</color>
  	<color name="emui_gray_2">#d9ffffff</color> 
  	<color name="primary_text_emui">#ffffff</color>
	<color name="emui_list_primary_default">#ffffff</color>  	
  	<color name="permission_list_text_color">#ffffff</color>
	<color name="permission_group_text_color">#ffffff</color>
  	<color name="emui_list_primary_text">#ffffff</color>
  	<color name="emui_color_gray_4">#33ffffff</color>
  	<color name="emui_primary">#ffffff</color>
	<color name="emui_black_color_alpha_30">#33a0a0a0</color>
	<color name="emui_color_gray_5">#ffffff</color>  	
	<color name="emui_color_gray_6">#ffffff</color>
  	<color name="emui_color_gray_10">#ffffff</color>  	
	<color name="emui_black">#a0a0a0</color>
	<color name="emui_button_text_color">#ffffff</color>
	<color name="emui_button_text_disabled">#33ffffff</color>
	<color name="emui_listitem_text_color">#ffffff</color>
	<color name="emui_text_disabled">#33ffffff</color>
	<color name="emui_color_gray_7">#ffffff</color>
	<color name="spinner_item_disabled">#33ffffff</color>
	<color name="emui_color_gray_2">#d9ffffff</color>
	<color name="emui_button_text_color">#ffffff</color>
	<color name="emui_button_text_disabled">#80ffffff</color>
	<color name="emui_message_text_color">#ffffff</color> 
	<color name="emui_text_disabled">#50ffffff</color>
	<color name="spinner_item_disabled">#ffffff</color>
	<color name="emui_secondary_text_dark">#80ffffff</color>
	<color name="emui_secondary_text_dark_disabled">#50ffffff</color>
	<color name="emui_black_color_alpha_30">#90ffffff</color>
	<color name="emui_color_gray_5">#90ffffff</color>
	<!-- pop-->	
	<color name="emui_primary_inverse">H7_ICONS_COLOR_SETTINGS</color>
	<color name="emui_secondary">#FFFFFF</color>
	<color name="emui_color_divider_horizontal">#20ffffff</color>
	<color name="pop_button_line_bg_detail_recv">#20ffffff</color>
	<color name="emui_color_fg">#20ffffff</color>
	<color name="emui_appbar_title">#ffffff</color>
	<color name="emui_appbar_icon">#ffffff</color>
	<color name="emui_appbar_icon_pressed">#ffffff</color>
	<color name="emui_toolbar_icon">#ffffff</color>
	<color name="emui_toolbar_icon_pressed">#ffffff</color>
	<color name="emui_toolbar_text">#ffffff</color>
	<color name="emui_toolbar_text_pressed">#ffffff</color>
	<color name="emui_spinner_icon">#ffffff</color>
	<color name="emui_icon_tertiary">#ffffff</color>
	<color name="emui_text_primary">#ffffff</color>
	<color name="emui_appbar_subtitle">#50ffffff</color>
	<color name="emui_bottombar_text_off">#50ffffff</color>
	<color name="emui_subtab_text_off">#50ffffff</color>
	<color name="emui_text_hint">#90ffffff</color>
	
	<!--10-->
	
	<bool name="emui_dark_status_bar">true</bool>
    <bool name="emui_light_navigation_bar">false</bool>
    <bool name="emui_light_navigation_bar_inputmethod">true</bool>
    <bool name="emui_light_status_bar">false</bool>
    <bool name="emui_dark_navigation_bar">true</bool>
	
	<color name="emui_text_dark">#ffffffff</color>
    <color name="emui_button_text_color">#a8ffffff</color>
    <color name="emui_button_text_disabled">#33ffffff</color>
    <color name="emui_bright_foreground_dark_disabled">#33ffffff</color>
    <color name="emui_text_disabled">#33ffffff</color>
    <color name="emui_hint_foreground">#33ffffff</color>
    <color name="emui_secondary_text_dark">#80ffffff</color>
    <color name="emui_list_secondray_text">#ffffffff</color>
    <color name="emui_detail_text_selected">#ffffffff</color>
    <color name="emui_secondary_text_dark_disabled">#33ffffff</color>
    <color name="emui_primary_text_dark_disabled">#33ffffff</color>
    <color name="clickeffic_default_color_emui">#19ffffff</color>
    <color name="emui_background_light">H7_ACTIONBAR</color>
    <color name="emui_spinner_item_disabled">#33ffffff</color>
    <color name="emui_list_primary_default">#ffffffff</color>
    <color name="emui_list_separator_default">#bfffffff</color>
    <color name="emui_numberpicker_small_textcolor">#80ffffff</color>
    <color name="emui_numberpicker_normal_textcolor">#80ffffff</color>
    <color name="emui_accent_dark">H7_ACCENT_COLOR</color>
    <color name="menuitem_default_checkedcolor">#99ffffff</color>
    <color name="menuitem_default_checkedcolor_pressed">#ffffffff</color>
    <color name="menuitem_default_checkedcolor_disabled">#33ffffff</color>
    <color name="menuitem_default_uncheckedcolor">#99ffffff</color>
    <color name="menuitem_default_uncheckedcolor_pressed">#80ffffff</color>
    <color name="menuitem_default_uncheckedcolor_disabled">#33ffffff</color>
    <color name="disable_touch_text_color">#ffffffff</color>
    <color name="emui_searchview_text_color">#ffffffff</color>
    <color name="emui_searchview_text_hint_color">#33ffffff</color>
    <color name="ic_searchview_color_emui">#ffffffff</color>
    <color name="alphaindexer_selected_alpha_color">H7_ACCENT_COLOR</color>
    <color name="primary_emui_light">H7_ACTIONBAR</color>
    <color name="navigationbar_emui_light">H7_BACKGROUND</color>
    <color name="navigationbar_emui_light_line">#33ffffff</color>
    <color name="action_bar_title_emui">#ffffffff</color>
    <color name="tab_title_normal_emui">#ffffffff</color>
    <color name="tab_title_normal_pressed_emui">#ffffffff</color>
    <color name="tab_title_selected_emui">H7_ACCENT_COLOR</color>
    <color name="tab_title_selected_pressed_emui">H7_ACCENT_COLOR</color>
    <color name="tab_title_normal_pressed_emui_dark">#ffffffff</color>
    <color name="tab_title_selected_emui_dark">H7_ACCENT_COLOR</color>
    <color name="tab_title_selected_emui_emphasize">H7_ACCENT_COLOR</color>
    <color name="tab_title_selected_pressed_emui_emphasize">H7_ACCENT_COLOR</color>
    <color name="tab_bg_normal_emui">H7_BACKGROUND</color>
    <color name="tab_bg_normal_emui_dark">#26ffffff</color>
    <color name="emui_accent_pressed">H7_ACCENT_COLOR</color>
    <color name="sub_tab_title_normal_pressed_emui">#80ffffff</color>
    <color name="sub_tab_title_normal_emui">#80ffffff</color>
    <color name="sub_tab_title_selected_pressed_emui_dark">#80ffffff</color>
    <color name="sub_tab_title_normal_pressed_emui_dark">H7_ACCENT_COLOR_PRESS</color>
    <color name="sub_tab_title_normal_emui_dark">H7_ACCENT_COLOR</color>
    <color name="sub_tab_title_selected_pressed_emui_emphasize">H7_ACCENT_COLOR</color>
    <color name="sub_tab_title_selected_emui_emphasize">H7_ACCENT_COLOR</color>
    <color name="sub_tab_title_normal_pressed_emui_emphasize">#bfffffff</color>
    <color name="sub_tab_title_normal_emui_emphasize">#bfffffff</color>
    <color name="emui_button_text_emphasize_disabled">#41ffffff</color>
    <color name="emui_button_text_emphasize_color">#d8ffffff</color>
    <color name="toggle_button_off_bg_color_emui">#ff202020</color>
    <color name="accent_emui">H7_ACCENT_COLOR</color>
    <color name="accent_emui_pressed">H7_ACCENT_COLOR_PRESS</color>
    <color name="accent_emui_text_hightlight">H7_ACCENT_COLOR_PRESS</color>
    <color name="accent_emui_dark">H7_ACCENT_COLOR</color>
    <color name="accent_emui_dark_color">#ffffffff</color>
    <color name="accent_emui_emphasize_disabled">H7_ACCENT_COLOR_DISABLED</color>
    <color name="switch_bg_off_emui">H7_ACTIONBAR</color>
    <color name="switch_bg_off_disable_emui">#ff1d1d1d</color>
    <color name="switch_thumb_disable_emui">#33ffffff</color>
    <color name="switch_thumb_disable_emui_dark">#33ffffff</color>
    <color name="accent_on_disable_emui">H7_ACCENT_COLOR_DISABLED</color>
    <color name="accent_off_disable_emui">#33ffffff</color>
    <color name="accent_off_emui">#4dffffff</color>
    <color name="accent_off_disable_dark_emui">#19ffffff</color>
    <color name="accent_off_dark_emui">#33ffffff</color>
    <color name="accent_on_dark_emui">H7_ACCENT_COLOR</color>
    <color name="checkbox_inner_normal_dark">#80ffffff</color>
    <color name="switch_off_disable_dark_emui">#19000000</color>
    <color name="clone_app_mark_bg_color">H7_ACCENT_COLOR</color>
    <color name="mw_divide_bg">H7_ACCENT_COLOR</color>
    <color name="divider_horizontal_color_emui">#33ffffff</color>
    <color name="emui_master_color_5">H7_ACCENT_COLOR</color>
    <color name="emui_black_color_alpha_5">#1affffff</color>
    <color name="emui_svg_icon_light_default">#33ffffff</color>
    <color name="emui_svg_icon_light_disabled">#33ffffff</color>
    <color name="emui_appbar_icon">#a9ffffff</color>
    <color name="emui_appbar_icon_pressed">#a9ffffff</color>
    <color name="emui_appbar_subtitle">#7fffffff</color>
    <color name="emui_appbar_title">#a9ffffff</color>
    <color name="emui_badge_red">#ffd30003</color>
    <color name="emui_black_color_alpha_30">#4ce6e6e6</color>
    <color name="emui_bottombar_icon_off">#7fffffff</color>
    <color name="emui_bottombar_icon_on">H7_ACCENT_COLOR</color>
    <color name="emui_bottombar_icon_on_dark">H7_ACCENT_COLOR</color>
    <color name="emui_bottombar_text_off">#7fffffff</color>
    <color name="emui_bottombar_text_on">H7_ACCENT_COLOR</color>
    <color name="emui_bottombar_text_on_dark">H7_ACCENT_COLOR</color>
    <color name="emui_progressbar_loading_fill_color">H7_ACCENT_COLOR</color>
    <color name="emui_primary">#ffffffff</color>
    <color name="emui_white">#ffe6e6e6</color>
    <color name="emui_color_2">#ff007aac</color>
    <color name="emui_color_3">#ff00777e</color>
    <color name="emui_color_4">#ff007900</color>
    <color name="emui_color_5">#ff4e7800</color>
    <color name="emui_color_8">#ffd30003</color>
    <color name="emui_color_9">#ffba5500</color>
    <color name="emui_color_10">#ffa56200</color>
    <color name="emui_color_11">#ff8c6800</color>
    <color name="emui_black">#ffe6e6e6</color>
    <color name="emui_button_default">#0dffffff</color>
    <color name="emui_card_bg">#ff404040</color>
    <color name="emui_center_color">H7_ACCENT_COLOR</color>
    <color name="emui_functional_red">#ffd30003</color>
    <color name="emui_functional_green">H7_COLOR_SETTINGS</color>
	

	
    <color name="emui_functional_blue">H7_ACCENT_COLOR</color>
    <color name="emui_accent">H7_ACCENT_COLOR</color>
    <color name="emui_color_gray_1">H7_ACTIONBAR</color>
    <color name="emui_color_gray_2">H7_ACTIONBAR</color>
    <color name="emui_color_gray_3">H7_ACTIONBAR</color>
    <color name="emui_color_gray_4">H7_ACTIONBAR</color>
    <color name="emui_color_gray_5">#4ce6e6e6</color>
    <color name="emui_color_gray_6">#ff666666</color>
    <color name="emui_color_gray_8">#ffb3b3b3</color>
    <color name="emui_color_gray_9">#ffcccccc</color>
    <color name="emui_color_gray_10">#ffe6e6e6</color>
    <color name="emui_white_bg">#4d000000</color>
    <color name="emui_startColor">#ffffffff</color>
    <color name="emui_centerColor">#ffffffff</color>
    <color name="emui_endColor">#ffffffff</color>
    <color name="emui_icon_tertiary">#4dffffff</color>
    <color name="emui_list_swipe_bg">H7_ACTIONBAR</color>
    <color name="emui_navigationbar_bg">H7_BACKGROUND</color>
    <color name="emui_color_badge">H7_ACCENT_COLOR</color>
    <color name="emui_color_bg">H7_BACKGROUND</color>
    <color name="emui_color_bg_floating">#ff4d4d4d</color>
    <color name="emui_color_divider_horizontal">#33ffffff</color>
    <color name="emui_color_fg">#ffffffff</color>
    <color name="emui_color_fg_inverse">#ffe5e5e5</color>
    <color name="emui_color_fg_inverse_disable">#ff616161</color>
    <color name="emui_color_handup">#ffd30003</color>
    <color name="emui_color_progress">#7fffffff</color>
    <color name="emui_color_spinner_icon">#a8ffffff</color>
    <color name="emui_color_subheader_divider">#19ffffff</color>
    <color name="emui_color_tips_bg">#ff404040</color>
    <color name="emui_color_warning">#ffba5500</color>
    <color name="emui_control_highlight">H7_ACCENT_COLOR</color>
    <color name="emui_control_normal">#19ffffff</color>
    <color name="emui_dialog_bg">H7_BACKGROUND</color>
    <color name="emui_edit_text_pressed_color">#1affffff</color>
    <color name="emui_end_color">H7_ACCENT_COLOR</color>
    <color name="emui_fab_bg_normal">H7_ACCENT_COLOR</color>
    <color name="emui_fab_bg_pressed">H7_ACCENT_COLOR_PRESS</color>
    <color name="emui_fastscroll_lable_bg">#ff666666</color>
    <color name="emui_functional_blue_inverse">H7_ACCENT_COLOR</color>
    <color name="emui_list_separator_text">#80ffffff</color>
    <color name="emui_secondary">#80ffffff</color>
    <color name="emui_seekbar_scale_color">#33ffffff</color>
    <color name="emui_seekbar_tip_bg_color">#ff404040</color>
    <color name="emui_spinner_icon">#a9ffffff</color>
    <color name="emui_start_color">H7_ACCENT_COLOR</color>
    <color name="emui_subtab_bg">H7_BACKGROUND</color>
    <color name="emui_subtab_line_on">H7_ACCENT_COLOR</color>
    <color name="emui_subtab_line_on_dark">H7_ACCENT_COLOR</color>
    <color name="emui_subtab_text_off">#7fffffff</color>
    <color name="emui_subtab_text_on">H7_ACCENT_COLOR</color>
    <color name="emui_subtab_text_on_dark">H7_ACCENT_COLOR</color>
    <color name="emui_switch_bg_off">#4d000000</color>
    <color name="emui_switch_bg_on">H7_ACCENT_COLOR</color>
    <color name="emui_text_hint">#7fffffff</color>
    <color name="emui_text_hint_inverse">#4d000000</color>
    <color name="emui_text_primary">#ffffffff</color>
    <color name="emui_text_primary_diable_only">#4d000000</color>
    <color name="emui_toast_bg">#ff404040</color>
    <color name="emui_toggle_off_bg">#33ffffff</color>
    <color name="emui_toggle_on_bg">#7f006cde</color>
    <color name="emui_toolbar_bg">H7_ACTIONBAR</color>
    <color name="emui_toolbar_bg_blur">H7_ACTIONBAR</color>
    <color name="emui_toolbar_icon">#a8ffffff</color>
    <color name="emui_toolbar_icon_actived">H7_ACCENT_COLOR</color>
    <color name="emui_toolbar_icon_actived_dark">H7_ACCENT_COLOR</color>
    <color name="emui_toolbar_icon_pressed">#a9ffffff</color>
    <color name="emui_toolbar_text">#a9ffffff</color>
    <color name="emui_toolbar_text_actived">H7_ACCENT_COLOR</color>
    <color name="emui_toolbar_text_actived_dark">H7_ACCENT_COLOR</color>
    <color name="emui_toolbar_text_pressed">#a9ffffff</color>
    <color name="hwcard_footer_bg_color">#0dffffff</color>
    <color name="hwtoolbar_background">H7_ACTIONBAR</color>
    <color name="hwtoolbar_menu_clicked_emui">H7_ACCENT_COLOR</color>
    <color name="hwtoolbar_splitbackground">H7_ACTIONBAR</color>
    <color name="switch_off_disable_emui">#ff1d1d1d</color>
    <color name="switch_track_off_bg_emui">#ff4d4d4d</color>
    <color name="user_icon_head">#40ffffff</color>
    <color name="user_icon_head_default">#ffa8a8a8</color>
    <color name="emui_accent_dark_inverse">H7_ACCENT_COLOR</color>
    <color name="emui_bright_foreground_light">H7_BACKGROUND</color>
    <color name="emui_bright_foreground_light_inverse_alpha">#8fffffff</color>
    <color name="emui_color_list_divider">#33ffffff</color>
    <color name="emui_detail_text_pressed">H7_ACCENT_COLOR</color>
    <color name="emui_dialog_blue_light">H7_ACCENT_COLOR</color>
    <color name="emui_dialog_title_text_Color">#ffffffff</color>
    <color name="emui_green_dark">#ff669900</color>
    <color name="emui_green_light">#ff99cc00</color>
    <color name="emui_highlighted_text">#803f97e9</color>
    <color name="emui_listitem_text_color">#80ffffff</color>
    <color name="emui_message_text_color">#ffffffff</color>
    <color name="emui_popmenu_text_color">#cc000000</color>
    <color name="emui_spinner_item_default">#d8ffffff</color>
    <color name="emui_spinner_item_pressed">#6bffffff</color>
    <color name="emui_tab_title_off">#99333333</color>
    <color name="emui_tab_title_on">#ffffffff</color>
    <color name="emui_text_inverse_disable_light">#ffb2b2b2</color>
    <color name="emui_white_dialog_bg">H7_BACKGROUND</color>
    <color name="hw_ampm_off">#ff404040</color>
    <color name="hw_ampm_on">#ffffffff</color>
    <color name="hw_black">H7_BACKGROUND</color>
    <color name="hw_black_a">#ffbebebe</color>
    <color name="hw_black_b">#ffffffff</color>
    <color name="hw_button_text">H7_BACKGROUND</color>
    <color name="hw_canvas_color">#a5fe9a31</color>
    <color name="hw_color">#ffffffff</color>
    <color name="hw_color_inverse">H7_BACKGROUND</color>
    <color name="hw_dkgray">#ffe0e0e0</color>
    <color name="hw_emergency_dialer_bg">H7_BACKGROUND</color>
    <color name="hw_gray_a">#ffffffff</color>
    <color name="hw_gray_b">#ffbebebe</color>
    <color name="hw_gray_c">#ffa0a0a0</color>
    <color name="hw_gray_d">#ff505050</color>
    <color name="hw_ltgrey">#ffe0e0e0</color>
    <color name="hw_mainmenu_focused">#ffff8e00</color>
    <color name="hw_mainmenu_pressed">#ffffc300</color>
    <color name="hw_mauve_a">#ffff8a00</color>
    <color name="hw_menu_icon_focused">#ffed6e00</color>
    <color name="hw_menu_icon_pressed">#ffeaa300</color>
    <color name="hw_read_bgcolor">H7_BACKGROUND</color>
    <color name="hw_title_header_background">H7_ACTIONBAR</color>
    <color name="hw_unread_bgcolor">#ff404040</color>
    <color name="primary_edit_text_emui">#ffe6e6e6</color>
    <color name="primary_emui_dark">#00000000</color>
    <color name="sub_tab_title_selected_emui">H7_ACCENT_COLOR</color>
    <color name="sub_tab_title_selected_pressed_emui">H7_ACCENT_COLOR</color>
    <color name="textColor_dialer_highlight">#fff6d705</color>
    <color name="url_background">#00000000</color>
    <color name="url_line_color">#20ffffff</color>
    <color name="url_txt_color">#85ffffff</color>
    <color name="url_txt_color_normal">#30ffffff</color>
    <color name="voicemail_background_theme">H7_BACKGROUND</color>


	
	<color name="emui_color_1">H7_COLOR_SETTINGS</color>
    <color name="emui_color_2">H7_COLOR_SETTINGS</color>
    <color name="emui_color_3">H7_COLOR_SETTINGS</color>
    <color name="emui_color_4">H7_COLOR_SETTINGS</color>
    <color name="emui_color_5">H7_COLOR_SETTINGS</color>
    <color name="emui_color_6">H7_COLOR_SETTINGS</color>
    <color name="emui_color_7">H7_COLOR_SETTINGS</color>
    <color name="emui_color_8">H7_COLOR_SETTINGS</color>
    <color name="emui_color_9">H7_COLOR_SETTINGS</color>
    <color name="emui_color_10">H7_COLOR_SETTINGS</color>
    <color name="emui_color_11">H7_COLOR_SETTINGS</color>
	
	
	<color name="emui_color_1_dark">H7_COLOR_SETTINGS</color>
    <color name="emui_color_1_translucent">H7_COLOR_SETTINGS</color>
    <color name="emui_color_2_dark">H7_COLOR_SETTINGS</color>
    <color name="emui_color_2_translucent">H7_COLOR_SETTINGS</color>
    <color name="emui_color_3_dark">#H7_COLOR_SETTINGS</color>
    <color name="emui_color_3_translucent">H7_COLOR_SETTINGS</color>
    <color name="emui_color_4_dark">H7_COLOR_SETTINGS</color>
    <color name="emui_color_4_translucent">H7_COLOR_SETTINGS</color>
    <color name="emui_color_5_dark">H7_COLOR_SETTINGS</color>
    <color name="emui_color_5_translucent">H7_COLOR_SETTINGS</color>
    <color name="emui_color_6_dark">H7_COLOR_SETTINGS</color>
    <color name="emui_color_6_translucent">H7_COLOR_SETTINGS</color>
    <color name="emui_color_7_dark">H7_COLOR_SETTINGS</color>
    <color name="emui_color_7_translucent">H7_COLOR_SETTINGS</color>
    <color name="emui_color_8_dark">H7_COLOR_SETTINGS</color>
    <color name="emui_color_8_translucent">H7_COLOR_SETTINGS</color>
    <color name="emui_color_9_dark">H7_COLOR_SETTINGS</color>
    <color name="emui_color_9_translucent">H7_COLOR_SETTINGS</color>
	<color name="emui_color_10_dark">H7_COLOR_SETTINGS</color>
    <color name="emui_color_10_translucent">H7_COLOR_SETTINGS</color>
	<color name="emui_color_11_dark">H7_COLOR_SETTINGS</color>
    <color name="emui_color_11_translucent">H7_COLOR_SETTINGS</color>



	<color name="emui_appbar_bg">H7_ACTIONBAR</color>
	<color name="emui_appbar_bg_blur">H7_ACTIONBAR</color>
	<color name="hwtoolbar_background">H7_ACTIONBAR</color>
	<color name="emui_toolbar_bg">H7_ACTIONBAR</color>
	<color name="emui_toolbar_bg_blur">H7_ACTIONBAR</color>
	<color name="emui_navigationbar_bg">H7_ACTIONBAR</color>
	<color name="emui_navigationbar_bg_blur">H7_ACTIONBAR</color>
	<color name="navigationbar_emui_light">H7_ACTIONBAR</color>
	<color name="emui_subtab_bg">H7_ACTIONBAR</color>
	<color name="emui_subtab_bg_blur">H7_ACTIONBAR</color>
	<color name="emui_color_tips_bg">H7_ACTIONBAR</color>
	<color name="emui_color_bg">H7_ACTIONBAR</color>
	<color name="emui_control_normal">H7_ACTIONBAR</color>
	<color name="emui_color_divider_horizontal">#00000000</color>
	<color name="emui_color_connected">H7_ACCENT_COLOR</color>
	<color name="emui_accent">H7_ACCENT_COLOR</color>
	<color name="emui_functional_blue">H7_ACCENT_COLOR</color>
	<color name="emui_switch_bg_on">H7_ACCENT_COLOR</color>
	<color name="emui_functional_red">#FFFA2A2D</color>
	<color name="emui_progress">H7_ACCENT_COLOR</color>
	<color name="hwsubtab_emui_subtab_text_on">H7_ACCENT_COLOR</color>
	<color name="emui_subtab_text_on">H7_ACCENT_COLOR</color>
	<color name="hwsubtab_indicator_color">H7_ACCENT_COLOR</color>
	<color name="emui_subtab_line_on">H7_ACCENT_COLOR</color>
	<color name="emui_bottombar_icon_on">H7_ACCENT_COLOR</color>
	<color name="emui_bottombar_text_on">H7_ACCENT_COLOR</color>
	<color name="emui_primary">#E5ffffff</color>
	<color name="emui_spinner_icon">#FFffffff</color>
	<color name="emui_color_spinner_icon">#FFffffff</color>
	<color name="emui_text_primary">#E5ffffff</color>
	<color name="emui_appbar_icon">#E5ffffff</color>
	<color name="emui_appbar_icon_pressed">#E5ffffff</color>
	<color name="emui_appbar_title">#E5ffffff</color>
	<color name="emui_toolbar_icon">#E5ffffff</color>
	<color name="emui_toolbar_icon_actived">H7_ACCENT_COLOR</color>
	<color name="emui_toolbar_icon_pressed">#E5ffffff</color>
	<color name="emui_toolbar_text">#E5ffffff</color>
	<color name="emui_toolbar_text_actived">H7_ACCENT_COLOR</color>
	<color name="emui_toolbar_text_pressed">#E5ffffff</color>
	<color name="hwsubtab_emui_subtab_text_off">#E5ffffff</color>
	<color name="emui_subtab_text_off">#E5ffffff</color>
	<color name="emui_bottombar_icon_off">#E5ffffff</color>
	<color name="emui_bottombar_text_off">#E5ffffff</color>
	<color name="emui_text_hint">#99ffffff</color>
	<color name="emui_icon_tertiary">#E5ffffff</color>
	<color name="emui_secondary">#E5ffffff</color>
	<color name="emui_appbar_subtitle">#E5ffffff</color>
	<color name="emui_fastscroll_lable_bg">H7_ACTIONBAR</color>
	<color name="switch_track_off_bg_emui">H7_ACTIONBAR</color>
	<color name="switch_off_disable_emui">H7_ACTIONBAR</color>
	<color name="emui_checkbox_boxedge">H7_ACCENT_COLOR</color>
	<color name="emui_switch_outline_off">H7_ACCENT_COLOR</color>
	<color name="emui_switch_bg_off">H7_ACTIONBAR</color>
	<color name="emui_white_bg">H7_ACTIONBAR</color>
	<color name="emui_dialog_bg">H7_ACTIONBAR</color>
	<color name="emui_toast_bg">H7_ACTIONBAR</color>
	<color name="emui_color_subheader_divider">#00000000</color>
	<color name="clickeffic_default_color_emui">H7_ACCENT_COLOR</color>
	<color name="emui_color_fg">#d9000000</color>
	<color name="emui_color_fg_inverse">#ffffffff</color>
	<color name="emui_color_gray_10">#E5ffffff</color>
	<color name="emui_color_gray_7">#E5ffffff</color>
	<color name="emui_text_primary_inverse">#FFffffff</color>



</resources>