﻿<?xml version="1.0" encoding="utf-8"?>
<resources>

	<color name="sns_complain_notice">H7_ACCENT_COLOR</color>

	<color name="sns_stop_visit_url_learn_more_unpress">H7_ACCENT_COLOR</color>
	<color name="sns_stop_visit_url_learn_more_press">H7_ACCENT_COLOR</color>

	<!-- 小助手菜单文字 -->
	<color name="sns_assist_menu_normal_text_color">H7_ACCENT_COLOR</color>
	<color name="sns_assist_menu_pressed_text_color">H7_ACCENT_COLOR</color>

	<!-- 聊天界面发送方背景图 -->
	<color name="sns_chat_right_background_normal_bg">H7_ACCENT_COLOR</color>
	<color name="sns_chat_right_background_pressed_bg">#0C96EE</color>

	<!-- 按钮文字颜色 -->
	<color name="sns_button_text_nomal">H7_ACCENT_COLOR</color>
	<color name="sns_button_text_pressed">H7_ACCENT_COLOR</color>

	<!-- 5.0版本tab的文本颜色 -->
	<color name="sns_tab_color_emui5_selected">H7_ACCENT_COLOR</color>

	<!-- 高亮文字颜色 -->
	<color name="sns_search_word_color">H7_ACCENT_COLOR</color>
	
	<!-- Color of the background of the contact detail and editor pages -->
    <color name="sns_list_black_2_6">#26ffffff</color>
    <!-- 搜索联系人字母高亮显示 -->
    <color name="sns_zimu_color">H7_BACKGROUND</color>
    <color name="sns_zimu_bg_color">H7_ACCENT_COLOR</color>
    <color name="sns_white">H7_ACTIONBAR</color>
	
	<color name="sns_background_90_percent">H7_ACTIONBAR</color>

    <color name="sns_assist_msg_bg_color">H7_ACTIONBAR</color>
    <color name="sns_chat_left_msg_bg_pressed">#1a1a1a</color>

    <!-- 100% white -->
    <color name="sns_white_100">#ffffff</color>
    <!-- 90% white -->
    <color name="sns_white_90">#E5FFFFFF</color>
    <!-- 80% white -->
    <color name="sns_white_80">#C8000000</color>
    <!-- 60% white -->
    <color name="sns_white_60">#99FFFFFF</color>
    <!-- 50% white -->
    <color name="sns_white_50">#89FFFFFF</color>
    <!-- 20% white -->
    <color name="sns_white_20">#33FFFFFF</color>
    <!-- 0% white -->
    <color name="sns_translucent">#00FFFFFF</color>

    <!-- 85% black -->
    <color name="sns_black_85_percent">#daffffff</color>
    <!-- 80% black -->
    <color name="sns_black_80_percent">#ccffffff</color>
    <!-- 75% black -->
    <color name="sns_black_75_percent">#B3ffffff</color>
    <!-- 90% black -->
    <color name="sns_black_90_percent">#e6ffffff</color>
    <!-- 65% black -->
    <color name="sns_black_65_percent">#A5ffffff</color>
    <!-- 50% black -->
    <color name="sns_black_50_percent">#80ffffff</color>
    <!-- 100% black -->
    <color name="sns_black_100_percent">#FFffffff</color>
    <!-- 30% black -->
    <color name="sns_black_30">#4Cffffff</color>
    <!-- 20% black -->
    <color name="sns_black_20_percent">#33ffffff</color>
    <!-- 10% black -->
    <color name="sns_black_10_percent">#19ffffff</color>
    <!-- 60% black -->
    <color name="sns_black_60_percent">#99ffffff</color>
    <color name="sns_group_normal_color">#666666</color>
    <color name="sns_group_manager_color">#ff3320</color>
    <color name="sns_nickname_color">#178af9</color>
    <color name="sns_background">H7_BACKGROUND</color>
    <color name="sns_list_item_normal">H7_BACKGROUND00</color>
    <color name="sns_list_item_pressed">#a8a8a8</color>
    <color name="sns_search_word_color">H7_ACCENT_COLOR</color>
    <!-- 5% black -->
    <color name="sns_black_5_percent">#19ffffff</color>
    <!-- 2% black -->
    <color name="sns_black_2_percent">#05ffffff</color>
    <!-- 3% black -->
    <color name="sns_black_3_percent">#08ffffff</color>
    <!-- 85% -->
    <color name="sns_huaweipay_black_a_D8">#D8ffffff</color>
    <!-- 85% -->
    <color name="sns_huaweipay_white_a_D8">#D8FFFFFF</color>
    <color name="sns_emui4_default_color">H7_BACKGROUND</color>
    <color name="sns_vcard_bg_gray_right">#FFFFFF</color>
    <color name="sns_vcard_bg_gray_left">#FFFFFF</color>
    <!-- 删除的颜色 -->
    <color name="sns_delete_text_color">#FF1400</color>

    <!-- 100% -->
    <color name="sns_huaweipay_black_a_FF">#FFffffff</color>
    <color name="sns_huaweipay_white_a_FF">#FFFFFFFF</color>

    <!-- 图片发送页面发送文字颜色 -->
    <color name="sns_photo_send">H7_ACCENT_COLOR</color>

    <!-- 面板背景颜色 -->
    <color name="sns_panel_bg">H7_BACKGROUND</color>
    <color name="album_list_bg">H7_BACKGROUND</color>

    <!-- 进度框颜色 -->
    <color name="sns_progress_bar_round_color">#30FFFFFF</color>
    <color name="sns_progress_bar_progress_color">#A5FFFFFF</color>

    <!-- M版本tab的文本颜色 -->
    <color name="sns_tab_color_emui4_default">#FF787878</color>
    <color name="sns_tab_color_emui4_selected">H7_ACCENT_COLOR</color>

    <!-- 默认tab的文本颜色 -->
    <color name="sns_tab_color_default">#FFFFFF</color>

    <!--图片预览界面标题文字颜色-->
    <color name="sns_album_pic_title_color">#FFFFFFFF</color>

    <!-- 新的朋友背景色 -->
    <color name="sns_new_friend_background_color">#198891b9</color>

    <!-- 相册列表选中的背景色 -->
    <color name="sns_img_picture_selected_color">#0effffff</color>
    <color name="sns_preview_selected_color">#4cffffff</color>
    <color name="sns_qr_result_bg">#2C9195</color>
    <!-- 好友选择器actionbar数字背景颜色 -->
    <color name="sns_user_selector_actionbar_bg">#33FFFFFF</color>
    <!-- 30% black -->
    <color name="sns_black_30_percent">#afafaf</color>

	<color name="sns_assist_msg_bg_white">#ffffff</color>
    <color name="sns_chat_white">#ffffff</color>
	
    <!-- 选择数字气泡 -->
    <color name="sns_select_num_color">#FFFFFF</color>
    <color name="sns_select_num_bg_color">#33FFFFFF</color>
	
	<color name="sns_sub_title_bg">#14FFFFFF</color>
    <color name="sns_fast_search_pup_num_color">H7_ACCENT_COLOR</color>
    <!--系统通知号消息背景-->
    <color name="sns_assist_chat_text_bg">#33FFFFFF</color>
    <!--系统通知号消息按压背景-->
    <color name="sns_assist_chat_text_press_bg">#4CFFFFFF</color>
    <!--系统通知号消息背景边框-->
    <color name="sns_assist_chat_text_stroke_color">#4CFFFFFF</color>
    <!--系统通知号消息详情背景-->
    <color name="sns_assist_chat_text_detail_bg">#4C000000</color>
    <!--系统通知号消息详情按压背景-->
    <color name="sns_assist_chat_text_detail_press_bg">#3F3F3F</color>
    <color name="sns_assist_sub_menu_text_color">#D8FFFFFF</color>
    <!--底部栏颜色  95%透明度-->
    <color name="sns_bottom_navigation_bg_color">#F3262626</color>

    <!--输入框底色-->
    <color name="sns_chat_input_edittext">#19FFFFFF</color>
	<!--   push  -->
	
	 <!-- HMS push 用户协议文本颜色 -->
    <color name="hmspush_protocal_text_color">#FFFFFF</color>
    <!-- HMS push 华为隐私政策文本颜色 -->
    <color name="hmspush_click_span">H7_ACCENT_COLOR</color>
	<!-- listview背景--> 
	<color name="hwpush_bgcolor_gray">H7_BACKGROUND</color> 
	<!-- list项的标题--> 
	<color name="hwpush_text_color_snapshot_title">#ffffff</color> 
	<!-- list项的内容--> 
	<color name="hwpush_text_color_history_url">#80ffffff</color> 
	<!-- list项下面的下划线--> 
	<color name="hwpush_black_color">#ffffff</color> 
	<!-- 没有通知收藏的颜色--> 
	<color name="hwpush_60_black_color">#80ffffff</color>
	
	<!--   hwid  -->
	<!--   问题反馈   -->
    <color name="feedback_blue">#23a7d9</color>
    <color name="feedback_title_bar_unnormal_color">#0D000000</color>
    <color name="feedback_transparent">H7_BACKGROUND00</color>
    <color name="feedback_white">#FFFFFF</color>
    <color name="feedback_light_white">#55FFFFFF</color>
    <color name="feedback_divideline">#26000000</color>
    <color name="feedback_background">#f7f7f7</color>
    <color name="feedback_text_color1">#FFFFFF</color>
    <color name="feedback_text_color2">#80FFFFFF</color>
    <color name="feedback_text_color_75">#C0FFFFFF</color>

    <!--     30% -->
    <color name="feedback_text_color3">#33FFFFFF</color>

    <color name="feedback_highlight_color_old">#28c0c6</color>
    <color name="feedback_record_listview_title">#14FFFFFF</color>
    <color name="feedback_question_type_color">#f0460e</color>
    <color name="feedback_highlight_color">H7_ACCENT_COLOR</color>
    <!-- 20%透明度 -->
    <color name="feedback_highlight_color_disable">H7_ACCENT_COLOR_DISABLED</color>
    <color name="feedback_highlight_color_disable_old">#3328c0c6</color>
    <color name="feedback_blue_disable">#3323a7d9</color>

    <color name="feedback_smarthelper_textview_bg">#33FFFFFF</color>
    <color name="feedback_black_10">#26FFFFFF</color>

    <color name="feedback_smarthelper_user_textview_bg">H7_ACCENT_COLOR</color>

    <color name="feedback_black_03">#07000000</color>

    <color name="feedback_spannable_click_color">H7_ACCENT_COLOR</color>
    <!-- 多主题适配 -->
    <color name="feedback_text_color_data">#FFFFFF</color>
    <color name="feedback_text_color_customer_service">#FFFFFF</color>
	<!-- 多主题适配 -->
    <color name="CS_security_setting_text_color">#ff00d5ff</color>
    <color name="CS_link_color">#ffffff</color>
    <color name="CS_highlight_color">#ffff6500</color>
    <color name="CS_white">#ffffff</color>
    <color name="CS_black">#ffffff</color>
    <color name="CS_blue">#23a7d7</color>
    <color name="CS_divider_color">#aeaeae</color>
    <color name="CS_gray_text">#7b7b7b</color>
    <color name="CS_background">H7_BACKGROUND</color>
	<color name="CS_background_801_oversea">H7_BACKGROUND</color>
    <color name="CS_hint_color">#26ffffff</color>
    <color name="CS_password_and_welcome_color">#23a7d7</color>
    <color name="CS_upgrade_account_success">#575656</color>
    <color name="CS_item_pressed">#cc23a7d9</color>
    <!-- textview jump color -->
    <color name="CS_textview_jump_color">H7_ACCENT_COLOR</color>
    <!-- 90% black -->
    <color name="CS_black_100_percent">#ffffffff</color>
    <color name="CS_black_90_percent">#e6ffffff</color>
    <!-- 85% black -->
    <color name="CS_black_85_percent">#daffffff</color>
    <!-- use both_black_85 black in oobe and not oobe -->
    <color name="CS_both_black_85_percent">#daffffff</color>
    <!-- 75% black -->
    <color name="CS_black_75_percent">#c0ffffff</color>
    <!-- 70% black -->
    <color name="CS_black_70_percent">#b3ffffff</color>
    <!-- 65% black -->
    <color name="CS_black_65_percent">#a6ffffff</color>
    <!-- 50% black -->
    <color name="CS_black_50_percent">#80ffffff</color>
    <!-- 30% black -->
    <color name="CS_black_30_percent">#4cffffff</color>
    <!-- 15% black -->
    <color name="CS_black_15_percent">#26ffffff</color>
    <!-- 10% black -->
    <color name="CS_black_10_percent">#19ffffff</color>
    <!-- 5% black -->
    <color name="CS_black_5_percent">#0dffffff</color>
    <!-- red delete -->
    <color name="CS_delete_red">#f0460e</color>
    
    <color name="CS_more_detail">H7_ACCENT_COLOR</color>
    
    <!-- 沉浸蓝-->
    <color name="CS_steep_blue">#FF28c0c6</color>
    
    <color name="CS_white_65_percent">#a6ffffff</color>
    <color name="CS_white_50_percent">#80ffffff</color>
    <color name="CS_black_0_percent">H7_BACKGROUND00</color>
    <!-- 字体蓝色 -->
    <color name="CS_blue_color">H7_ACCENT_COLOR</color>
    <color name="social_text_black_100_percent">#ffffff</color>
    <color name="cloudsetting_arrow_right">#33ffffff</color>

    <color name="CS_black_60_percent">#a6ffffff</color>
    <color name="CS_hint_color_emui5">#33ffffff</color>
    <color name="CS_white_80_percent">#80212121</color>
    <color name="CS_gray_color">#26ffffff</color>

    <!-- 显示成8% 白色 -->
    <color name="CS_black_2_percent">#14FFFFFF</color>

    <color name="CS_black_20_percent">#33FFFFFF</color>

    <color name="cloudsetting_slide_color">#20ffffff</color>
    <color name="cloudsetting_black_color">#ffffff</color>
	
    <!-- 90% black -->
    <color name="cloudsetting_black_100_percent">#ffffff</color>
    <color name="cloudsetting_black_90_percent">#e6ffffff</color>
    <!-- 85% black -->
    <color name="cloudsetting_black_85_percent">#daffffff</color>
    <!-- 75% black -->
    <color name="cloudsetting_black_75_percent">#c0ffffff</color>
    <!-- 70% black -->
    <color name="cloudsetting_black_70_percent">#b3ffffff</color>
    <!-- 65% black -->
    <color name="cloudsetting_black_65_percent">#a6ffffff</color>
    <!-- 50% black -->
    <color name="cloudsetting_black_50_percent">#80ffffff</color>
    <!-- 30% black -->
    <color name="cloudsetting_black_30_percent">#4cffffff</color>
    <!-- 10% black -->
    <color name="cloudsetting_black_10_percent">#19ffffff</color>
    <!-- 5% black -->
    <color name="cloudsetting_black_5_percent">#0dffffff</color>

    <color name="cloudsetting_del_quit_but_color">#f0460e</color>

    <color name="cloudsetting_dowanload_progressbar_color">H7_ACCENT_COLOR</color>
    
    <color name="cloudsetting_color_diliver">#26ffffff</color>

    <color name="cloudsetting_background_90_percent">#E5000000</color>

	<!-- 字体蓝色 -->
    <color name="CS_blue_text">H7_ACCENT_COLOR</color>
    <color name="CS_blue_text_pressed">H7_ACCENT_COLOR</color>
    <color name="CS_blue_text_20_percent">H7_ACCENT_COLOR_DISABLED</color>

    <color name="CS_yellow">#FB6522</color>
    <color name="CS_yellow_light">#EED6AD</color>
	
	<!-- 账号中心 5.0主题颜色 -->
    <color name="cloudsetting_color_primary_theme5">H7_BACKGROUND</color>

    <color name="cloudsetting_color_actionbar_themecolor">H7_BACKGROUND</color>

    <!-- 在深色主题下，将要将改颜色值改为黑色 -->
    <color name="cloudsetting_white_needchange">H7_BACKGROUND</color>

    <!-- 登录验证框，在黑色主题下改为10的透明度 -->
    <color name="cloudsetting_white_login_authcode">#19ffffff</color>
    <color name="Cs_emui_white">#FFFFFF</color>
    <color name="Cs_emui_black">#ffffff</color>
    <color name="Cs_emui_gray_2">#80ffffff</color>
    <!-- 字体蓝色 -->
    <color name="ql_blue_text">H7_ACCENT_COLOR</color>

    <color name="ql_black">#ffffff</color>
    <color name="ql_black_50_percent">#80ffffff</color>
    <color name="ql_black_100_percent">#ffffff</color>
    <color name="ql_hint_color_emui5">#51ffffff</color>
	
	<!--   pay  -->
	<color name="iap_common_black_100">#ffffffff</color>
    <!-- 通用黑色  95%透明-->
    <color name="iap_common_black_95">#f2ffffff</color>
    <!-- 通用黑色  90%透明-->
    <color name="iap_common_black_90">#e5ffffff</color>
    <!-- 通用黑色  85%透明-->
    <color name="iap_common_black_85">#d8ffffff</color>
    <!-- 通用黑色  80%透明-->
    <color name="iap_common_black_80">#ccffffff</color>
    <!-- 通用黑色  75%透明-->
    <color name="iap_common_black_75">#bfffffff</color>
    <!-- 通用黑色  70%透明-->
    <color name="iap_common_black_70">#b2ffffff</color>
    <!-- 通用黑色  65%透明-->
    <color name="iap_common_black_65">#a5ffffff</color>
    <!-- 通用黑色  60%透明-->
    <color name="iap_common_black_60">#99ffffff</color>
    <!-- 通用黑色  55%透明-->
    <color name="iap_common_black_55">#8cffffff</color>
    <!-- 通用黑色  50%透明-->
    <color name="iap_common_black_50">#7fffffff</color>
    <!-- 通用黑色  45%透明-->
    <color name="iap_common_black_45">#72ffffff</color>
    <!-- 通用黑色  40%透明-->
    <color name="iap_common_black_40">#66ffffff</color>
    <!-- 通用黑色  35%透明-->
    <color name="iap_common_black_35">#59ffffff</color>
    <!-- 通用黑色  30%透明-->
    <color name="iap_common_black_30">#4cffffff</color>
    <!-- 通用黑色  25%透明-->
    <color name="iap_common_black_25">#3fffffff</color>
    <!-- 通用黑色  20%透明-->
    <color name="iap_common_black_20">#33ffffff</color>
    <!-- 通用黑色  15%透明-->
    <color name="iap_common_black_15">#26ffffff</color>
    <!-- 通用黑色  10%透明-->
    <color name="iap_common_black_10">#19ffffff</color>
    <!-- 通用黑色  5%透明-->
    <color name="iap_common_black_5">#0cffffff</color>

    <!-- 通用白色  100%透明-->
    <color name="iap_common_white_100">H7_BACKGROUND</color>
    <!-- 通用白色  95%透明-->
    <color name="iap_common_white_95">#f2000000</color>
    <!-- 通用白色  90%透明-->
    <color name="iap_common_white_90">#e5000000</color>
    <!-- 通用白色  85%透明-->
    <color name="iap_common_white_85">#d8000000</color>
    <!-- 通用白色  80%透明-->
    <color name="iap_common_white_80">#cc000000</color>
    <!-- 通用白色  75%透明-->
    <color name="iap_common_white_75">#bf000000</color>
    <!-- 通用白色  70%透明-->
    <color name="iap_common_white_70">#b2000000</color>
    <!-- 通用白色  65%透明-->
    <color name="iap_common_white_65">#a5000000</color>
    <!-- 通用白色  60%透明-->
    <color name="iap_common_white_60">#99000000</color>
    <!-- 通用白色  55%透明-->
    <color name="iap_common_white_55">#8c000000</color>
    <!-- 通用白色  50%透明-->
    <color name="iap_common_white_50">#7f000000</color>
    <!-- 通用白色  45%透明-->
    <color name="iap_common_white_45">#72000000</color>
    <!-- 通用白色  40%透明-->
    <color name="iap_common_white_40">#66000000</color>
    <!-- 通用白色  35%透明-->
    <color name="iap_common_white_35">#59000000</color>
    <!-- 通用白色  30%透明-->
    <color name="iap_common_white_30">#4c000000</color>
    <!-- 通用白色  25%透明-->
    <color name="iap_common_white_25">#3f000000</color>
    <!-- 通用白色  20%透明-->
    <color name="iap_common_white_20">#33000000</color>
    <!-- 通用白色  15%透明-->
    <color name="iap_common_white_15">#26000000</color>
    <!-- 通用白色  10%透明-->
    <color name="iap_common_white_10">#19000000</color>
    <!-- 通用白色  5%透明-->
    <color name="iap_common_white_5">#0c000000</color>
    <!-- 0%透明度，纯透明色值-->
    <color name="iap_common_transparent">#00ffffff</color>

    <!--贴卡读号页面背景-->
    <color name="iap_read_card_number_flash_background">H7_BACKGROUND</color>
    <color name="iap_read_card_number_anim_background">H7_BACKGROUND</color>


    <!-- 2% black for pad offset bg -->
    <color name="iap_common_pad_offset_bg_color">H7_BACKGROUND</color>
    <!-- 应用通用默认背景色 -->
    <color name="iap_common_default_bg_color">#f4f4f4</color>

    <color name="iap_selection_devide_backgroud">#14ffffff</color>

    <!-- 协议弹框大小背景色 -->
    <color name="iap_license_background">#99ffffff</color>
    
    <color name="iap_progress_circle_tips_color">#80ffffff</color>

    <!-- 密码键盘锁定数字颜色 -->
    <color name="iap_keyboard_num_locked_color">#26222222</color>
    

    <!-- wrap进度条背景颜色 -->
    <color name="iap_wrap_progress_background_color">H7_BACKGROUND</color>
                         
    <color name="iap_f3_color">H7_BACKGROUND</color>
    <color name="iap_toast_bg_color">#373737</color>
	
	<color name="iap_dialog_title_line_to_message_color">#33ffffff</color>
		<color name="iap_brandcolor">H7_ACCENT_COLOR</color>
    <color name="iap_brandcolor_7_f">H7_ACCENT_COLOR_DISABLED</color>
	
	    <!-- 品牌色（主题色） -->
    <color name="iap_colorPrimary">H7_ACCENT_COLOR</color>
	    <!-- wrap进度条颜色 -->
    <color name="iap_wrap_progress_color">H7_ACCENT_COLOR</color>

    <!--弹框背景色，深色主题下显示灰色-->
    <color name="iap_dialog_bg_color">#333333</color>
	
	<!--JOS-->
	<!-- 5% black -->
    <color name="opendevice_black_5_percent">#0dffffff</color>
    <!-- 10% black -->
    <color name="opendevice_black_10_percent">#19ffffff</color>
    <!-- 50% black -->
    <color name="opendevice_black_50_percent">#80ffffff</color>
    <!-- 0% white -->
    <color name="opendevice_translucent">#00FFFFFF</color>
	
	<!-- FAST APP -->
    <color name="fastapp_blue_text_007dff">H7_ACCENT_COLOR</color>
    <color name="fastapp_black">#ffffff</color>
    <color name="fastapp_half_black">#ffffff</color>
	<!-- hwid start -->
	<color name="Cs_emui_gray_10">#FFFFFF</color>
    <color name="cs_emui_color_gray_2">#E6E6E6</color>
    <color name="cs_emui_color_gray_7">#80ffffff</color>
    <color name="cs_emui_accent">H7_ACCENT_COLOR</color>
	<!-- hwid end -->
	
	
    <!-- Used in Common: default:hw_screen_background_gray H7_BACKGROUND hw_color #ffffffff hw_color_inverse H7_BACKGROUND
                         FROG   :hw_screen_background_gray #fff6f6f6 hw_color H7_BACKGROUND hw_color_inverse #ffffffff -->
    <drawable name="hw_screen_background_gray">H7_BACKGROUND</drawable>
    <color name="hw_color">#ffffffff</color>
    <color name="hw_color_inverse">H7_BACKGROUND</color>
    <!-- ListView Colors -->
    <color name="primary_text_emui">#ffffff</color>	
	<color name="secondary_text_emui">#7fe6e6e6</color>
    <!-- Progress bar -->
    <color name="emui_progressbar_loading_fill_color">H7_ACCENT_COLOR</color>
    <!-- Used in Dialog:Color will not be changed -->
    <color name="hw_black">H7_BACKGROUND</color>
    <color name="hw_white">#ffffffff</color>
	<color name="emui_white_dialog_bg">#333333</color>

    <!-- Floating action button -->
    <color name="emui_fab_pressed">#cccccc</color>


    <!-- Used in SoundRecorder: default:hw_gray_a #ffffffff
                                FROG   :hw_gray_a #ff989898 -->
    <color name="hw_gray_a">#ffffffff</color>

    <!-- Used in FileManager: default:hw_black_a  #ffbebebe hw_black_b #ffffffff
                              FROG   :hw_black_a  #ff1f1f1f hw_black_b #ffffffff
                              TMO    :hw_black_a  #ffbebebe hw_black_b #00ffffff -->
    <color name="hw_black_a">#ffbebebe</color>
    <color name="hw_black_b">#ffffffff</color>

    <!-- Used in Messages: default:hw_unread_bgcolor #ff404040 hw_read_bgcolor  H7_BACKGROUND
                           FROG   :hw_unread_bgcolor #ffbbea80 hw_read_bgcolor  #ffffffff -->
    <color name="hw_unread_bgcolor">#ff404040</color>
    <color name="hw_read_bgcolor">H7_BACKGROUND</color>

    <!-- Used in STK: default:hw_dkgray #ffe0e0e0
                      FROG   :hw_dkgray #ff1f1f1f -->
    <color name="hw_dkgray">#ffe0e0e0</color>

    <!-- Used in BaseApp: default:hw_ampm_off #ff404040 hw_ampm_on #ffffffff hw_ltgrey #ffe0e0e0
                          FROG   :hw_ampm_off #ffb0b0b0 hw_ampm_on #ff404040 hw_ltgrey #ff404040-->
    <color name="hw_ampm_off">#ff404040</color>
    <color name="hw_ampm_on">#ffffffff</color>
    <color name="hw_ltgrey">#ffe0e0e0</color>

   <!-- Used in Settings and FileManager: Use in dialog not be changed
                                 default: hw_gray_b #bebebe hw_gray_c #ffa0a0a0-->
    <color name="hw_gray_b">#bebebe</color>
    <color name="hw_gray_c">#ffa0a0a0</color>

    <!-- Used in Settings: default:hw_gray_d #ff505050
                           FROG   :hw_gray_d #ffa0a0a0 -->
    <color name="hw_gray_d">#ff505050</color>

    <!-- Used in Launcher: default:hw_canvas_color #a5fe9a31 normal
                            FROG  :hw_canvas_color #a51ebe03 green
                            TMO   :hw_canvas_color #a5ff128c pink
                            JOY   :hw_canvas_color #a5eb0000 red   -->
    <color name="hw_canvas_color">#a5fe9a31</color>

    <!-- Used in Gallery.cropImage: default:hw_mauve_a #ffff8a00
                                    FROG   :hw_mauve_a #ffff8a00
                                    TMO    :hw_mauve_a #ffd407b3 -->
    <color name="hw_mauve_a">#ffff8a00</color>

    <!-- Used in Calendar views: default:hw_title_header_background #ff212121 hw_title_header_text #ffbebebe
                                 FROG   :hw_title_header_background #ff88a8d0 hw_title_header_text #ffffffff -->

    <color name="hw_title_header_background">#ff212121</color>
    <color name="hw_title_header_text">#ffbebebe</color>

    <!-- Used in Contacts: default:textColor_dialer_highlight #fff6d705 IVY
                           FROG   :textColor_dialer_highlight #ff5ea800
                           TMO    :textColor_dialer_highlight #fff6d705
                           JOY    :textColor_dialer_highlight #ffdc0331 -->
    <color name="textColor_dialer_highlight">#fff6d705</color>

    <!-- Used in Common for TMO BlackButton: default:hw_button_text H7_BACKGROUND
                                             TMO    :hw_button_text #ffffffff -->
    <color name="hw_button_text">H7_BACKGROUND</color>
    <!-- DTS2011012101400 wuxinrong 20110121 Frog Style transplant to Gingerbread begin -->
    <!-- Used in phone-voicemail background: default:voicemail_background_theme H7_BACKGROUND
                                             FROG    :voicemail_background_theme #ffffffff  -->
    <color name="voicemail_background_theme">H7_BACKGROUND</color>
    <!-- Used in hw-launcher highlight: default:hw_menu_icon_focused #ffed6e00, hw_menu_icon_pressed #ffeaa300
                                             FROG :hw_menu_icon_focused #ff9dec38, hw_menu_icon_pressed #ff7bbe26  -->
    <color name="hw_menu_icon_focused">#ffed6e00</color>
    <color name="hw_menu_icon_pressed">#ffeaa300</color>
    <!-- Used in launcher2 highlight: default:hw_mainmenu_focused #ffff8e00, hw_mainmenu_pressed #ffffc300
                                             FROG :hw_mainmenu_focused #ff9dec38, hw_mainmenu_pressed #ff7bbe26  -->
    <color name="hw_mainmenu_focused">#ffff8e00</color>
    <color name="hw_mainmenu_pressed">#ffffc300</color>
    <!-- DTS2011012101400 wuxinrong 20110121 Frog Style transplant to Gingerbread end -->
    <!-- DTS2011012506439 shifengbing 20110126 begin -->
    <!-- Used in phone-emergency: default:hw_emergency_dialer_bg H7_BACKGROUND
                                             FROG   :hw_emergency_dialer_bg H7_BACKGROUND -->
    <color name="hw_emergency_dialer_bg">H7_BACKGROUND</color>
    <!-- DTS2011012506439 shifengbing 20110126 end -->

    <!-- DTS2013010806052 xuyuan/x00186192 20130123 HWControl porting code to JellyBean_4.2 begin -->
    <!-- DTS2012083103125 xuyuan 20120831 HWControl Begin -->
    <!-- A really Emui switch font of white -->
    <color name="emui_text_light">#ffffff</color>
    <!-- A really Emui text appearance of black-->
    <!-- DTS2014032001940 huangbangbang/00191767 20140320 begin -->
    <!-- RIGO_UI Modification -->
    <!-- DTS2014052205716 liutie/00176215 20140530 begin -->
    <!-- DTS2015101800180 liuyang/281952 2015/10/18 begin -->
    <color name="emui_text_dark">#ffffff</color>
    <!-- DTS2015101800180 liuyang/281952 2015/10/18 end -->
    <!-- DTS2014052205716 liutie/00176215 20140530 end -->
    <!-- DTS2014030408709 huangbangbang/00191767 20140304 begin -->
    <!-- RIGO_UI Modification -->
    <color name="emui_dialog_title_text_Color">#ffffff</color>
    <color name="emui_button_text_color">#ffffff</color>
    <color name="emui_button_text_disabled">#33ffffff</color>
    <!-- DTS2015101800180 liuyang/281952 2015/10/18 begin -->
    <color name="emui_message_text_color">#ffffff</color>
    <!-- DTS2015101800180 liuyang/281952 2015/10/18 end -->
    <!-- DTS2014030408709 huangbangbang/00191767 20140304 end -->
    <!-- DTS2014032001940 huangbangbang/00191767 20140320 end -->
    <!-- DTS2014032003480 huangbangbang/00191767 20140321 begin -->
    <!-- RIGO_UI Modification -->
    <color name="emui_popmenu_text_color">#cc000000</color>
    <!-- DTS2014032003480 huangbangbang/00191767 20140321 end -->
    <!--DTS2012120603518 xuyuan/00186192 20121205 for HwControl modified the disabled text color begin -->
    <!-- DTS2013032609167 xuyuan/00186192 20130327 for HWControl add Emui 2.0 new requirements begin -->
    <!-- A really Emui text appearance of 20% balck -->
    <color name="emui_bright_foreground_dark_disabled">#33ffffff</color>
    <!-- A really Emui text appearance of 20% balck -->
    <color name="emui_text_disabled">#33ffffff</color>
    <!-- DTS2013032609167 xuyuan/00186192 20130327 for HWControl add Emui 2.0 new requirements end -->
    <!--DTS2012120603518 xuyuan/00186192 20121205 for HwControl modified the disabled text color end -->
    <!--DTS2016102009103 zhangchengxin/00377112 20161109 begin -->
    <!--Highlighted text color-->
    <color name="emui_highlighted_text">#808891b9</color>
    <!--DTS2016102009103 zhangchengxin/00377112 20161109 end -->
    <!-- A light Emui shade of blue -->
    <color name="emui_blue_light">#ff0a9dcd</color>
    <!-- DTS2014090403831 xuxuefei/00258670 20140904 begin -->
    <color name="emui_custom_panel_background">H7_BACKGROUND</color>
    <!-- DTS2014090403831 xuxuefei/00258670 20140904 begin -->
    <!-- hint text color-->
    <color name="emui_hint_foreground">#33ffffff</color>
    <!-- text inverse color for disalbed status-->
    <color name="emui_text_inverse_disable_light">#ffb2b2b2</color>
    <!-- DTS2014030409851 yinwenshuai/00211458 20140304 begin -->
    <!-- RIGO_UI Modification -->
    <!-- DTS2015101800180 liuyang/281952 2015/10/18 begin -->
    <color name="emui_secondary_text_dark">#80ffffff</color>
    <!-- DTS2015101800180 liuyang/281952 2015/10/18 end -->
    <!-- secondary text color for the listItem with three lines-->
    <color name="emui_list_secondray_text">#ffffffff</color>
    <color name="emui_detail_text_selected">#ffffffff</color>
    <!-- DTS2016071212214  liya/lwx332630 2016/07/23 begin -->
    <!-- secondary text color for disable 20% dark-->
    <color name="emui_secondary_text_dark_disabled">#33ffffff</color>
    <!-- primary text color for disable 20% dark-->
    <color name="emui_primary_text_dark_disabled">#33ffffff</color>
    <!-- DTS2016071212214  liya/lwx332630 2016/07/23 end -->
    <!-- DTS2014030409851 yinwenshuai/00211458 20140304 end -->
    <!-- the color of TextArrowpreference's detail text when it's pressed-->
    <color name="emui_detail_text_pressed">H7_ACCENT_COLOR</color>
    <!-- A light Emui shade of green -->
    <color name="emui_green_light">#ff99cc00</color>
    <!-- A dark Emui shade of blue -->
    <color name="emui_blue_dark">#ff0099cc</color>
    <!-- A dark Emui shade of green -->
    <color name="emui_green_dark">#ff669900</color>
    <!-- foreground color for windows -->
    <color name="emui_bright_foreground_light">H7_BACKGROUND</color>
    <!-- Inverse foreground color for windows -->
    <color name="emui_bright_foreground_light_inverse">#ffffffff</color>
    <!-- DTS2014030409348 zhangxinming/00181848 20140304 begin -->
    <!-- RIGO_UI Modification -->
    <color name="emui_bright_foreground_light_inverse_alpha">#8fffffff</color>
    <!-- DTS2014030409348 zhangxinming/00181848 20140304 end  -->
    <color name="emui_background_light">#f2333333</color>
    <!-- For ActionBar -->
    <color name="emui_tab_title_off">#99333333</color>
    <color name="emui_tab_title_on">#ffffffff</color>
    <!-- DTS2014032001386 huangbangbang/00191767 20140320 begin -->
    <!-- RIGO_UI Modification -->
    <color name="emui_label_primary_text">#ffffffff</color>
    <!-- DTS2014032001386 huangbangbang/00191767 20140320 end -->
    <color name="emui_dialog_blue_light">#ff0a9dcd</color>
    <!-- DTS2012083103125 xuyuan 20120831 HWControl  -->
    <!-- DTS2013010806052 xuyuan/x00186192 20130123 HWControl porting code to JellyBean_4.2 end -->
    <!-- DTS2013022705985 hanmincheng/00178881 20130228 begin -->
    <color name="transparent">H7_BACKGROUND00</color >
    <!-- DTS2013022705985 hanmincheng/00178881 20130228 end -->
    <!-- DTS2013041207526 tianjing/102012 20130412 begin -->
    <color name="dim_foreground_inverse_emui">#323232</color>
    <color name="bright_foreground_emui">#fff3f3f3</color>
    <color name="dim_foreground_disabled_emui">#80bebebe</color>
    <color name="dim_foreground_emui">#bebebe</color>
    <!-- DTS2013041207526 tianjing/102012 20130412 end -->
    <color name="emui_spinner_item_default">#d8ffffff</color>
    <color name="emui_spinner_item_pressed">#6bffffff</color>
    <color name="emui_spinner_item_disabled">#33ffffff</color>
    <!-- AR0004IP9H zhaomin/00373188 20160820 add hwdark emui spinner textitem color begin -->
    <color name="emui_spinner_item_default_dark">#ffffffff</color>
    <color name="emui_spinner_item_pressed_dark">#ffcccccc</color>
    <color name="emui_spinner_item_disabled_dark">#33ffffff</color>
    <color name="emui_spinner_dropdown_item_default_dark">#d8000000</color>
    <color name="emui_spinner_dropdown_item_pressed_dark">#6b000000</color>
    <color name="emui_spinner_dropdown_item_disabled_dark">#3f000000</color>
    <!-- AR0004IP9H zhaomin/00373188 20160820 add hwdark emui spinner textitem color end -->
    <!--AR0004MCC9 liya/lwx332630 20161108 begin-->
    <color name="emui_spinner_dropdown_item_default_emphasize">#ffffffff</color>
    <color name="emui_spinner_dropdown_item_pressed_emphasize">#ffffffff</color>
    <color name="emui_spinner_dropdown_item_disabled_emphasize">#3fffffff</color>
    <!--AR0004MCC9 liya/lwx332630 20161108 begin-->
    <color name="emui_list_primary_default">#ffffff</color>
    <!-- DTS2015101800180 liuyang/281952 2015/10/18 begin -->
    <color name="emui_list_separator_default">#bfffffff</color>
    <!-- DTS2015101800180 liuyang/281952 2015/10/18 end -->
    <color name="emui_time_axis_info_default">#7f000000</color>

    <!-- DTS2014032001482 zhangxinming/00181848 20140310 begin -->
    <!--RIGO_UI Modification -->
    <color name="emui_numberpicker_select_textcolor">#ff12d4dc</color>
    <!-- DTS2014032001482 zhangxinming/00181848 20140310 end -->
    <!-- DTS2014040804881 tianjing/00102012 20140409 Begin -->
    <!-- DTS2016070504822 c00220231 20160705 begin -->
    <color name="emui_numberpicker_small_textcolor">#80ffffff</color>
    <color name="emui_numberpicker_normal_textcolor">#80ffffff</color>
    <!-- DTS2014040804881 tianjing/00102012 20140409 End -->
    <!--DTS2014052906593 tianjing/102012 20140526 begin -->
    <color name="emui_button_text_disabled_inverse">#41ffffff</color>
    <color name="emui_button_text_pressed_inverse">#D8ffffff</color>
    <color name="emui_button_text_color_inverse">#D8ffffff</color>
    <color name="emui_numberpicker_small_textcolor_dark">#7bffffff</color>
    <!-- DTS2016070504822 c00220231 20160705 end -->
    <color name="emui_numberpicker_normal_textcolor_dark">#d9ffffff</color>
    <!--DTS2014052906593 tianjing/102012 20140526 end -->
    <!-- DTS2014052603372 n00188159 20140529 fix find on page dialog feature begin -->
    <color name="url_background">H7_BACKGROUND00</color>
    <color name="url_txt_color_normal">#30ffffff</color>
    <color name="url_line_color">#20ffffff</color>
    <color name="url_txt_color">#85ffffff</color>
    <!-- DTS2014052603372 n00188159 20140529 fix find on page dialog feature begin -->
    <color name="menuitem_default_checkedcolor">#99ffffff</color>
    <color name="menuitem_default_checkedcolor_pressed">#FFFFFFFF</color>
    <color name="menuitem_default_checkedcolor_disabled">#33FFFFFF</color>
    <color name="menuitem_default_uncheckedcolor">#99FFFFFF</color>
    <color name="menuitem_default_uncheckedcolor_pressed">#80FFFFFF</color>
    <color name="menuitem_default_uncheckedcolor_disabled">#33ffffff</color>
    <color name="menuitem_default_dark_uncheckedcolor">#B2ffffff</color>
    <color name="menuitem_default_dark_uncheckedcolor_disabled">#36ffffff</color>
    <color name="menuitem_default_dark_uncheckedcolor_pressed">#59ffffff</color>
    <color name="menuitem_default_dark_checkedcolor">#B2ffffff</color>
    <color name="menuitem_default_dark_checkedcolor_disabled">#36ffffff</color>
    <color name="menuitem_default_dark_checkedcolor_pressed">#59ffffff</color>
    <!--DTS2014070308902 tianjing/102012 20140704 begin -->
    <color name="emui_listitem_text_color">#80FFFFFF</color>
    <!--DTS2014070308902 tianjing/102012 20140704 end -->
    <!-- DTS2014093003617 xuyuan/00186192 20140930 begin -->
    <!-- colors for disable touch mode -->
    <color name="disable_touch_text_color">#ffffffff</color>
    <color name="disable_touch_translucent">#e0000000</color>
    <!-- DTS2014093003617 xuyuan/00186192 20140930 end -->
    <!-- DTS2014092401436 tiandazhang/00107790 20140925 begin -->
    <color name="volumepanel_text_color">#a6ffffff</color>
    <!-- DTS2014092401436 tiandazhang/00107790 20140925 end -->
    <!-- <DTS2015021304104 zhaomin/zwx215410 20150212 begin -->
     <color name="airplane_color">#ff666666</color>
    <!-- DTS2015021304104 zhaomin/zwx215410 20150212 end> -->
    <!-- <DTS2015041701520 guyue/00295151 20150417 begin -->
    <color name="emui_searchview_text_color">#ffffffff</color>
    <color name="emui_searchview_text_color_dark">#ffffffff</color>
    <color name="emui_searchview_text_hint_color">#33ffffff</color>
    <color name="emui_searchview_text_hint_color_dark">#33ffffff</color>
    <color name="ic_searchview_color_emui">#ffffffff</color>
    <color name="ic_searchview_color_emui_dark">#ffffffff</color>
    <item  name="searchview_nomal_alpha_emui" format="float" type="dimen">0.30</item>
    <item  name="searchview_nomal_alpha_emui_dark" format="float" type="dimen">0.40</item>
    <item  name="searchview_disable_alpha_emui_dark" format="float" type="dimen">0.20</item>
    <item  name="searchview_pressed_alpha_emui_dark" format="float" type="dimen">0.60</item>
    <!-- DTS2015041701520 guyue/00295151 20150417 end> -->

    <color name="primary_emui_light">H7_ACTIONBAR</color>
    <color name="navigationbar_emui_light">H7_BACKGROUND</color>
    <color name="navigationbar_emui_light_line">#33ffffff</color>
    <color name="primary_emui_dark">H7_BACKGROUND00</color>
    <color name="navigationbar_emui_dark">H7_BACKGROUND00</color>
    <color name="action_bar_title_emui">#FFFFFFFF</color>
    <color name="action_bar_title_emui_dark">#FFFFFFFF</color>
    <color name="tab_title_normal_emui">#FFFFFFFF</color>
    <color name="tab_title_normal_pressed_emui">#FFFFFFFF</color>
    <color name="tab_title_selected_emui">H7_ACCENT_COLOR</color>
    <color name="tab_title_selected_pressed_emui">H7_ACCENT_COLOR</color>
    <color name="tab_title_normal_emui_dark">#FFFFFFFF</color>
    <!--AR0004MCC9 liya/lwx332630 20161108 begin-->
    <color name="tab_title_normal_emui_emphasize">#FFFFFFFF</color>
    <color name="tab_title_normal_pressed_emui_dark">#FFFFFFFF</color>
    <color name="tab_title_normal_pressed_emui_emphasize">#80FFFFFF</color>
    <color name="tab_title_selected_emui_dark">H7_ACCENT_COLOR</color>
    <color name="tab_title_selected_emui_emphasize">H7_ACCENT_COLOR</color>
    <color name="tab_title_selected_pressed_emui_dark">#80FFFFFF</color>
    <color name="tab_title_selected_pressed_emui_emphasize">H7_ACCENT_COLOR</color>
    <!--AR0004MCC9 liya/lwx332630 20161108 end-->
    <color name="tab_bg_normal_emui">H7_BACKGROUND</color>
    <!--AR0004MCC9 liya/lwx332630 20161108 begin-->
    <color name="tab_bg_normal_emui_dark">#26FFFFFF</color>
    <color name="tab_bg_normal_emui_emphasize">#FF262626</color>
    <!--AR0004MCC9 liya/lwx332630 20161108 end-->
    <color name="sub_tab_title_selected_pressed_emui">H7_ACCENT_COLOR</color>
    <color name="sub_tab_title_selected_emui">H7_ACCENT_COLOR</color>
    <color name="sub_tab_title_normal_pressed_emui">#80FFFFFF</color>
    <color name="sub_tab_title_normal_emui">#80FFFFFF</color>
    <color name="sub_tab_title_selected_pressed_emui_dark">#80FFFFFF</color>
    <color name="sub_tab_title_selected_emui_dark">#ffffffff</color>
    <color name="sub_tab_title_normal_pressed_emui_dark">#598891b9</color>
    <color name="sub_tab_title_normal_emui_dark">H7_ACCENT_COLOR</color>
    <!--AR0004MCC9 liya/lwx332630 20161108 begin-->
    <color name="sub_tab_title_selected_pressed_emui_emphasize">H7_ACCENT_COLOR</color>
    <color name="sub_tab_title_selected_emui_emphasize">H7_ACCENT_COLOR</color>
    <color name="sub_tab_title_normal_pressed_emui_emphasize">#bfffffff</color>
    <color name="sub_tab_title_normal_emui_emphasize">#bfffffff</color>
    <!--AR0004MCC9 liya/lwx332630 20161108 end-->
    <!-- DTS2015062903611 zhouyuxiang/00208241 20150629 begin -->

    <!-- LanguagePicker & RegionPicker colors -->
    <color name="selected_text_item">#ff28c0c6</color>
    <!-- DTS2015062903611 zhouyuxiang/00208241 20150629 end> -->
    <color name="colorful_emui">H7_BACKGROUND00</color>
    <!-- DTS2015082002420 guyue/00295151 20150820 begin -->
    <color name="hw_handle_color">#ff28c0c6</color>
    <!-- DTS2015082002420 guyue/00295151 20150820 end -->
    <!-- DTS2015081702212 shenjinhua/00171968 20150925 begin -->
    <color name="lock_pattern_view_regular_color_emui">#ffc9c9c9</color>
    <color name="lock_pattern_view_success_color_emui">#ffc9c9c9</color>
    <!-- DTS2015081702212 shenjinhua/00171968 20150925 begin -->
    <!-- DTS2015101800180 liuyang/281952 2015/10/18 begin -->
    <color name="bright_foreground_holo_dark_emui">#ffffffff</color>
    <color name="bright_foreground_disabled_holo_dark_emui">#ff4c4c4c</color>
    <color name="dim_foreground_disabled_holo_dark_emui">#80bebebe</color>
    <color name="dim_foreground_holo_dark_emui">#80ffffff</color>
    <!-- DTS2015101800180 liuyang/281952 2015/10/18 end -->
    <color name="pressure_tip_text_color">#D8ffffff</color>
    <color name="overflow_list_view_divider_color">#33ffffff</color>
    <color name="emui_button_text_emphasize_disabled">#41ffffff</color>
    <color name="emui_button_text_emphasize_color">#D8ffffff</color>
    <color name="toggle_button_on_bg_color_emui_dark">#FFFFFFFF</color>
    <color name="toggle_button_off_bg_color_emui">H7_ACTIONBAR</color>
    <color name="toggle_button_off_bg_color_emui_dark">#FFFFFFFF</color>
    <color name="accent_emui">H7_ACCENT_COLOR</color>
    <color name="accent_emui_pressed">H7_ACCENT_COLOR</color>
    <color name="accent_emui_text_hightlight">#FF0a7fc8</color>
    <!-- DTS2016071600402 y00357396 20160717 add for checkbox in dark theme begin -->
    <color name="accent_emui_dark">H7_ACCENT_COLOR</color>
    <!-- DTS2016071600402 y00357396 20160717 add for checkbox in dark theme end -->
    <!-- AR0004MCC9 liya/lwx332630 20161108 begin -->
    <color name="accent_emui_emphasize">H7_ACCENT_COLOR</color>
    <color name="accent_emui_emphasize_pressed">H7_ACCENT_COLOR</color>
    <color name="accent_emui_dark_color">#FFFFFFFF</color>
    <color name="accent_emui_emphasize_disabled">H7_ACCENT_COLOR_DISABLED</color>
    <!-- AR0004MCC9 liya/lwx332630 20161108 end -->
    <!-- AR0004IP9H zhaomin/00373188 20160820 add hwdark emui spinner icon color begin -->
    <color name="accent_emui_text_hightlight_dark">#FFCCCCCC</color>
<!-- AR0004IP9H zhaomin/00373188 20160820 add hwdark emui spinner icon color end -->
    <item  name="disabled_alpha_emui" format="float" type="dimen">0.20</item>
    <item  name="pressed_alpha_emui" format="float" type="dimen">0.50</item>
    <!-- DTS2016070201556 f00209624 20160702 add for control animation begin -->
    <!-- DTS2016070704172 f00209624 20160707 add for control animation begin -->
    <color name="switch_bg_off_emui">#FF515151</color>
    <color name="switch_bg_off_disable_emui">#1f1f1f</color>
<!-- DTS2016072204950 y00357396 20160722 add for optimize the animation performance and reduce the duration begin -->
    <!--<color name="switch_bg_on_disable_emui">#808891b9</color>-->
    <!--<color name="switch_bg_off_emui_dark">#33FFFFFF</color>-->
    <!--<color name="switch_bg_on_emui_dark">#B2FFFFFF</color>-->
    <!--<color name="switch_bg_off_disable_emui_dark">#19000000</color>-->
    <!--<color name="switch_bg_on_disable_emui_dark">#0CFFFFFF</color>-->
<!-- DTS2016072204950 y00357396 2016072 add for optimize the animation performance and reduce the duration end -->
    <color name="switch_thumb_emui">#FFFFFFFF</color>
    <color name="switch_thumb_emui_dark">#FFFFFFFF</color>
    <color name="switch_thumb_disable_emui">#33FFFFFF</color>
    <!-- DTS2016081200120 y00357396 20160822 fix the color in dark theme begin -->
    <color name="switch_thumb_disable_emui_dark">#33FFFFFF</color>
    <!-- DTS2016081200120 y00357396 20160822 fix the color in dark theme end -->
    <!-- DTS2016071304808 y00357396 20160715 add for checkbox disable color begin -->   
    <color name="accent_on_disable_emui">#808891b9</color>
    <color name="accent_off_disable_emui">#33ffffff</color>
    <color name="accent_off_emui">#33ffffff</color>
    <!-- DTS2016071304808 y00357396 20160715 add for checkbox disable color end -->
    <!-- DTS2016071600402 y00357396 20160717 add for checkbox in dark theme begin -->
    <!-- dark -->
    <!-- DTS2016081200120 y00357396 20160822 fix the color in dark theme begin -->
    <color name="accent_on_disable_dark_emui">H7_ACCENT_COLOR_DISABLED</color>
    <!-- DTS2016081200120 y00357396 20160822 fix the color in dark theme end -->
    <color name="accent_off_disable_dark_emui">#19FFFFFF</color>
    <color name="accent_off_dark_emui">#33FFFFFF</color>
    <!-- DTS2016081200120 y00357396 20160822 fix the color in dark theme begin -->
    <color name="accent_on_dark_emui">H7_ACCENT_COLOR</color>
    <!-- DTS2016081200120 y00357396 20160822 fix the color in dark theme end -->

    <!-- DTS2016081200120 y00357396 20160822 fix the color in dark theme begin -->
    <color name="checkbox_inner_normal_dark">#80ffffff</color>
    <color name="checkbox_inner_disable_dark">#33ffffff</color>
    <color name="radiobutton_inner_normal_dark">#ffffffff</color>
    <color name="radiobutton_inner_disable_dark">#33ffffff</color>
    <!-- DTS2016081200120 y00357396 20160822 fix the color in dark theme end -->
    <!-- DTS2016071600432 y00357396 20160717 add for switch button in dark theme begin -->
    <!-- DTS2016081200120 y00357396 20160822 fix the color in dark theme begin -->
    <color name="switch_on_disable_dark_emui">H7_ACCENT_COLOR_DISABLED</color>
    <!-- DTS2016081200120 y00357396 20160822 fix the color in dark theme end -->
    <color name="switch_off_disable_dark_emui">#19000000</color>
    <!-- DTS2016071600432 y00357396 20160717 add for switch button in dark theme end -->
    <!-- DTS2016071600402 y00357396 20160717 add for checkbox in dark theme end -->
    <!-- DTS2016070704172 f00209624 20160707 add for control animation end -->
    <!-- DTS2016070201556 f00209624 20160702 add for control animation end -->

    <!-- TextInputLayout -->
    <color name="design_textinput_error_color">#ffff3320</color>
    <!--DTS2016060606663 shiyuanchang/00271386 20160606 begin-->
    <color name="clone_app_mark_bg_color">H7_ACCENT_COLOR</color>
    <!--DTS2016060606663 shiyuanchang/00271386 20160606 end-->
    <!--DTS2016070407182 00349481/yexingyuan 20160704 begin-->
    <color name="mw_trans_bg">H7_BACKGROUND00</color>
    <color name="mw_translucent_dark_bg">#7f000000</color>
    <color name="mw_divide_bg">H7_ACCENT_COLOR</color>
    <color name="search_panel_circle_color">#ffffff</color>
    <color name="search_panel_ripple_color">#ffbbbbbb</color>
    <!--DTS2016070407182 00349481/yexingyuan 20160704 end-->
    <color name="divider_horizontal_color_emui">#33ffffff</color>
    <color name="divider_horizontal_color_dark_emui">#33ffffff</color>
    <!-- DTS2016071100220 zhaomin/00373188 20160711, add public color resource, begin -->
    <color name="emui_master_color_0">#FFFFFFFF</color>
    <color name="emui_master_color_1">#FFBDDDFF</color>
    <color name="emui_master_color_2">#FF85C1FF</color>
    <color name="emui_master_color_3">#FF3D9CFF</color>
    <color name="emui_master_color_4">#FF1F8DFF</color>
    <color name="emui_master_color_5">H7_ACCENT_COLOR</color>
    <color name="emui_master_color_6">#FF006EE0</color>
    <color name="emui_master_color_7">#FF005FC2</color>
    <color name="emui_master_color_8">#FF0050A3</color>
    <color name="emui_master_color_9">#FF004185</color>
    <color name="emui_master_color_10">#FF003166</color>
    <color name="emui_master_color_11">H7_BACKGROUND</color>

    <color name="emui_black_color_alpha_3">#0D000000</color>
    <color name="emui_black_color_alpha_5">#0D000000</color>
    <color name="emui_black_color_alpha_10">#19000000</color>
    <color name="emui_black_color_alpha_20">#33000000</color>
    <color name="emui_black_color_alpha_40">#66000000</color>
    <color name="emui_black_color_alpha_50">#80000000</color>
    <color name="emui_black_color_alpha_60">#99000000</color>
    <color name="emui_black_color_alpha_75">#C0000000</color>
    <color name="emui_black_color_alpha_100">H7_BACKGROUND</color>

    <color name="emui_master_color_incoming_call">#FF00D659</color>
    <color name="emui_master_color_alert">#FFFF3320</color>

    <color name="emui_master_color_mark_0">#FF10DDEC</color>
    <color name="emui_master_color_mark_1">#FF01C1F2</color>
    <color name="emui_master_color_mark_2">#FF0D82FB</color>
    <color name="emui_master_color_mark_3">#FFCF21FF</color>
    <color name="emui_master_color_mark_4">#FFFF2294</color>
    <color name="emui_master_color_mark_5">#FFFF3320</color>
    <color name="emui_master_color_mark_6">#FFFB6522</color>
    <color name="emui_master_color_mark_7">#FFFFBA1B</color>
    <color name="emui_master_color_mark_8">#FFFFDC1A</color>
    <color name="emui_master_color_mark_9">#FFD8FA55</color>
    <color name="emui_master_color_mark_10">#FF00D659</color>
    <color name="emui_master_color_mark_11">#FF00D796</color>

    <color name="emui_master_color_mark_0_alpha_70">#B310DDEC</color>
    <color name="emui_master_color_mark_1_alpha_70">#B301C1F2</color>
    <color name="emui_master_color_mark_2_alpha_70">#B30D82FB</color>
    <color name="emui_master_color_mark_3_alpha_70">#B3CF21FF</color>
    <color name="emui_master_color_mark_4_alpha_70">#B3FF2294</color>
    <color name="emui_master_color_mark_5_alpha_70">#B3FF3320</color>
    <color name="emui_master_color_mark_6_alpha_70">#B3FB6522</color>
    <color name="emui_master_color_mark_7_alpha_70">#B3FFBA1B</color>
    <color name="emui_master_color_mark_8_alpha_70">#B3FFDC1A</color>
    <color name="emui_master_color_mark_9_alpha_70">#B3D8FA55</color>
    <color name="emui_master_color_mark_10_alpha_70">#B300D659</color>
    <color name="emui_master_color_mark_11_alpha_70">#B300D796</color>

    <color name="emui_master_color_mark_0_alpha_20">#3310DDEC</color>
    <color name="emui_master_color_mark_1_alpha_20">#3301C1F2</color>
    <color name="emui_master_color_mark_2_alpha_20">#330D82FB</color>
    <color name="emui_master_color_mark_3_alpha_20">#33CF21FF</color>
    <color name="emui_master_color_mark_4_alpha_20">#33FF2294</color>
    <color name="emui_master_color_mark_5_alpha_20">#33FF3320</color>
    <color name="emui_master_color_mark_6_alpha_20">#33FB6522</color>
    <color name="emui_master_color_mark_7_alpha_20">#33FFBA1B</color>
    <color name="emui_master_color_mark_8_alpha_20">#33FFDC1A</color>
    <color name="emui_master_color_mark_9_alpha_20">#33D8FA55</color>
    <color name="emui_master_color_mark_10_alpha_20">#3300D659</color>
    <color name="emui_master_color_mark_11_alpha_20">#3300D796</color>
    <!-- DTS2016071100220 zhaomin/00373188 20160711, add public color resource, end -->
    <!-- AR0004IP9H liya/lwx332630 20160816 begin -->
    <color name="emui_list_dark_default">#ffffffff</color>
    <color name="emui_list_dark_disabled">#33ffffff</color>
    <color name="emui_list_secondary_text_dark">#80ffffff</color>
    <color name="emui_list_separator_dark_default">#c0ffffff</color>
    <color name="emui_edit_text_hint_color">#33ffffff</color>
	<color name="primary_edit_text_emui">#E6E6E6</color>
	<color name="emui_black_color_alpha_30">#4CE6E6E6</color>
    <!-- AR0004IP9H liya/lwx332630 20160816 end -->
    <!-- DTS2016090109869 liya/lwx332630 begin -->
    <color name="emui_svg_icon_light_default">#33ffffff</color>
    <color name="emui_svg_icon_light_disabled">#33ffffff</color>
    <color name="emui_svg_icon_dark_default">#33ffffff</color>
    <color name="emui_svg_icon_dark_disabled">#33ffffff</color>
    <!-- DTS2016090109869 liya/lwx332630 end-->


 <!-- just for test, will be deleted in GP branch-->
    <color name="test_color">#ffff1155</color>
    <!-- EMUI Primary Colors -->
    <color name="emui_primary">#E6E6E6</color>
    <color name="emui_accent">H7_ACCENT_COLOR</color>
    <color name="emui_white">#e6e6e6</color>
	<color name="emui_white_bg">H7_BACKGROUND</color>
    <!-- EMUI Secondary Colors -->
    <color name="emui_color_1">#4d5ceb</color>
    <color name="emui_color_2">#1596d1</color>
    <color name="emui_color_3">#15a5ad</color>
    <color name="emui_color_4">#40ae3f</color>
    <color name="emui_color_5">#77b40f</color>
    <color name="emui_color_6">#923ae4</color>
    <color name="emui_color_7">#e20277</color>
    <color name="emui_color_8">#ed2a2b</color>
    <color name="emui_color_9">#e16808</color>
    <color name="emui_color_10">#da830b</color>
    <color name="emui_color_11">#d49f0f</color>
    <!-- Black and Gray Shades -->
    <color name="emui_black">#E6E6E6</color>
    <color name="emui_color_gray_1">H7_ACTIONBAR</color>
    <color name="emui_color_gray_2">#1A1A1A</color>
    <color name="emui_color_gray_3">H7_ACTIONBAR</color>
    <color name="emui_color_gray_4">#333333</color>
    <color name="emui_color_gray_5">#4CE6E6E6</color>
    <color name="emui_color_gray_6">#666666</color>
    <color name="emui_color_gray_7">#808080</color>
    <color name="emui_color_gray_8">#B3B3B3</color>
    <color name="emui_color_gray_9">#CCCCCC</color>
    <color name="emui_color_gray_10">#E6E6E6</color>
    <!-- Functional Colors -->
    <color name="emui_functional_red">#ed2a2b</color>
    <color name="emui_functional_green">#3db03d</color>
    <color name="emui_functional_blue">#1596d1</color>
    <!-- HwCard -->
    <color name="hwcard_footer_bg_color">#0DFFFFFF</color>
    <!-- HwToolbar menu Colors -->
    <color name="hwtoolbar_menu_clicked_emui">#FF1596D1</color>
    <color name="hwtoolbar_background">H7_ACTIONBAR</color>
    <color name="hwtoolbar_splitbackground">#0D0D0D</color>
    <color name="hwtoolbar_splitbackground_translucent">#00FFFFFF</color>
    <color name="hwtoolbar_background_translucent">#00FFFFFF</color>
    <color name="hwtoolbar_menu_clicked_emui_translucent">#33ffffff</color>
	<color name="hwedit_emui_black_color_alpha_30">#33ffffff</color>

    <!-- translucent -->
    <color name="emui_primary_translucent">#ffffff</color>
    <color name="emui_gray_2_translucent">#80ffffff</color>

    <!-- AlphaIndexerListView Colors -->
    <color name="alphaindexer_unselected_alpha_color">#FF7C7C7C</color>
    <color name="alphaindexer_selected_alpha_color">H7_ACCENT_COLOR</color>
    <color name="alphaindexer_unselected_alpha_color_dark">#4CFFFFFF</color>
    <color name="alphaindexer_selected_alpha_color_dark">#FFFFFFFF</color>
    <color name="alphaindexer_popup_bg_color">#FFCCE5FF</color>


</resources>