<?xml version="1.0" encoding="utf-8"?>
<resources>
    <color name="emui_accent">H7_ACCENT_COLOR</color>
    <color name="emui_accent_pressed">H7_ACCENT_COLOR</color>
    <color name="emui_activated">H7_ACCENT_COLOR</color>
    <color name="emui_activated_end">H7_ACCENT_COLOR</color>
    <color name="emui_activated_start">H7_ACCENT_COLOR</color>
    <color name="emui_appbar_bg">H7_BACKGROUND</color>
    <color name="emui_appbar_icon">#dbffffff</color>
    <color name="emui_appbar_icon_pressed">#dbffffff</color>
    <color name="emui_appbar_subbg">H7_BACKGROUND</color>
    <color name="emui_appbar_subtitle">#99ffffff</color>
    <color name="emui_appbar_title">#dbffffff</color>
    <color name="emui_appbar_title_off">#99ffffff</color>
    <color name="emui_badge_red">#ffd94838</color>
    <color name="emui_black">#ffe6e6e6</color>
    <color name="emui_bottombar_bg">H7_BACKGROUND</color>
    <color name="emui_bottombar_bg_blur">H7_BACKGROUND</color>
    <color name="emui_bottombar_icon_off">#33ffffff</color>
    <color name="emui_bottombar_icon_off_auxcolor_01">#3fffffff</color>
    <color name="emui_bottombar_icon_off_auxcolor_02">#66ffffff</color>
    <color name="emui_bottombar_icon_on">H7_ACCENT_COLOR</color>
    <color name="emui_bottombar_icon_on_auxcolor_02">H7_ACCENT_COLOR_PRESS</color>
    <color name="emui_bottombar_subbg">H7_BACKGROUND</color>
    <color name="emui_bottombar_subbg_blur">H7_BACKGROUND</color>
    <color name="emui_bottombar_text_off">#99ffffff</color>
    <color name="emui_bottombar_text_on">H7_ACCENT_COLOR</color>
    <color name="emui_bottomsheet_bg">H7_ACTIONBAR</color>
    <color name="emui_button_default">#19ffffff</color>
    <color name="emui_button_default_disabled">#0affffff</color>
    <color name="emui_card_bg">H7_ACTIONBAR</color>
    <color name="emui_card_panel_bg">H7_ACTIONBAR</color>
    <color name="emui_center_color">H7_ACCENT_COLOR</color>
    <color name="emui_clickeffic_default_color">#26ffffff</color>
    <color name="emui_color_1">#ff6259de</color>
    <color name="emui_color_10">#ffe08c3a</color>
    <color name="emui_color_11">#ffd1a738</color>
    <color name="emui_color_2">H7_ACCENT_COLOR</color>
    <color name="emui_color_3">H7_ACCENT_COLOR</color>
    <color name="emui_color_4">#ff5ba854</color>
    <color name="emui_color_5">#ff86ad53</color>
    <color name="emui_color_6">#ff8c55c2</color>
    <color name="emui_color_7">#ffd64966</color>
    <color name="emui_color_8">#ffd94838</color>
    <color name="emui_color_9">#ffdb6b42</color>
    <color name="emui_color_badge">H7_ACCENT_COLOR</color>
    <color name="emui_color_bg">H7_BACKGROUND</color>
    <color name="emui_color_connected">#ff5ba854</color>
    <color name="emui_color_divider_horizontal">#33ffffff</color>
    <color name="emui_color_fg">#ffffffff</color>
    <color name="emui_color_fg_1">#ff5550a6</color>
    <color name="emui_color_fg_10">#ff9e7349</color>
    <color name="emui_color_fg_11">#ff997e39</color>
    <color name="emui_color_fg_2">H7_ACCENT_COLOR</color>
    <color name="emui_color_fg_3">H7_ACCENT_COLOR</color>
    <color name="emui_color_fg_4">#ff5c8059</color>
    <color name="emui_color_fg_5">#ff6b8052</color>
    <color name="emui_color_fg_6">#ff634794</color>
    <color name="emui_color_fg_7">#ffa14a5c</color>
    <color name="emui_color_fg_8">#ff9c554b</color>
    <color name="emui_color_fg_9">#ff9e644f</color>
    <color name="emui_color_fg_inverse">#ffe5e5e5</color>
    <color name="emui_color_fg_inverse_disable">#ff666666</color>
    <color name="emui_color_fourth">#33ffffff</color>
    <color name="emui_color_gray_1">H7_ACTIONBAR</color>
    <color name="emui_color_gray_10">#ffe6e6e6</color>
    <color name="emui_color_gray_2">H7_ACTIONBAR</color>
    <color name="emui_color_gray_3">H7_ACTIONBAR</color>
    <color name="emui_color_gray_4">H7_ACTIONBAR</color>
    <color name="emui_color_gray_5">#4ce6e6e6</color>
    <color name="emui_color_gray_6">#ff666666</color>
    <color name="emui_color_gray_8">#ffb3b3b3</color>
    <color name="emui_color_gray_9">#ffcccccc</color>
    <color name="emui_color_handup">#ffd94838</color>
    <color name="emui_color_primary">#dbffffff</color>
    <color name="emui_color_progress">#99ffffff</color>
    <color name="emui_color_secondary">#99ffffff</color>
    <color name="emui_color_spinner_icon">#dbffffff</color>
    <color name="emui_color_subbg">H7_BACKGROUND</color>
    <color name="emui_color_subheader_divider">#19ffffff</color>
    <color name="emui_color_tertiary">#66ffffff</color>
    <color name="emui_color_text_highlight">H7_ACCENT_COLOR_PRESS</color>
    <color name="emui_color_text_primary">#dbffffff</color>
    <color name="emui_color_text_secondary">#99ffffff</color>
    <color name="emui_color_text_tertiary">#66ffffff</color>
    <color name="emui_color_tips_bg">H7_ACTIONBAR</color>
    <color name="emui_color_tooltips_bg">H7_ACTIONBAR</color>
    <color name="emui_color_warning">#ffdb6b42</color>
    <color name="emui_control_focused">H7_ACCENT_COLOR</color>
    <color name="emui_control_focused_outline">H7_ACCENT_COLOR</color>
    <color name="emui_control_highlight">H7_ACCENT_COLOR</color>
    <color name="emui_control_hover">#19ffffff</color>
    <color name="emui_control_normal">#19ffffff</color>
    <color name="emui_control_normal_disabled">#0affffff</color>
    <color name="emui_dialog_bg">H7_ACTIONBAR</color>
    <color name="emui_end_color">H7_ACCENT_COLOR</color>
    <color name="emui_fab_bg_normal">H7_ACCENT_COLOR</color>
    <color name="emui_fab_bg_pressed">H7_ACCENT_COLOR</color>
    <color name="emui_fab_shadow_end">H7_ACCENT_COLOR_DISABLED</color>
    <color name="emui_fab_shadow_start">H7_ACCENT_COLOR_DISABLED</color>
    <color name="emui_focused_color_1">#e5ffffff</color>
    <color name="emui_focused_color_2">#99ffffff</color>
    <color name="emui_focused_color_3">#66ffffff</color>
    <color name="emui_functional_blue">H7_ACCENT_COLOR</color>
    <color name="emui_functional_green">#ff007900</color>
    <color name="emui_functional_red">#ffd94838</color>
    <color name="emui_inputbox_bg">#19ffffff</color>
    <color name="emui_inputbox_subbg">#19ffffff</color>
    <color name="emui_mask_light">#99000000</color>
    <color name="emui_mask_regular">#b2000000</color>
    <color name="emui_mask_thick">#e5000000</color>
    <color name="emui_mask_thin">#66000000</color>
    <color name="emui_navigationbar_bg">#e5000000</color>
    <color name="emui_primary">#ffffffff</color>
    <color name="emui_primary_inverse">#ffe5e5e5</color>
    <color name="emui_special_color_1">#ff392f49</color>
    <color name="emui_special_color_11">#ff4a4333</color>
    <color name="emui_special_color_2">#ff343e4a</color>
    <color name="emui_special_color_4">#ff3c4b34</color>
    <color name="emui_special_color_7">#ff443038</color>
    <color name="emui_special_color_9">#ff463630</color>
    <color name="emui_start_color">H7_ACCENT_COLOR</color>
    <color name="emui_subtab_bg">H7_BACKGROUND</color>
    <color name="emui_subtab_line_on">H7_ACCENT_COLOR</color>
    <color name="emui_subtab_text_off">#99ffffff</color>
    <color name="emui_subtab_text_on">H7_ACCENT_COLOR</color>
    <color name="emui_switch_bg_off">#66000000</color>
    <color name="emui_switch_outline_off">#66ffffff</color>
    <color name="emui_text_disabled">#66ffffff</color>
    <color name="emui_text_hint">#99ffffff</color>
    <color name="emui_text_primary">#ffffffff</color>
    <color name="emui_toast_bg">H7_ACTIONBAR</color>
    <color name="emui_toolbar_bg">H7_BACKGROUND</color>
    <color name="emui_toolbar_icon">#dbffffff</color>
    <color name="emui_toolbar_icon_actived">H7_ACCENT_COLOR</color>
    <color name="emui_toolbar_subbg">H7_ACTIONBAR</color>
    <color name="emui_toolbar_text">#dbffffff</color>
    <color name="emui_toolbar_text_actived">H7_ACCENT_COLOR</color>
    <color name="emui_white">#ffe6e6e6</color>
    <color name="hwbubblelayout_shadow_color_light">H7_BACKGROUND</color>
    <color name="hwbutton_color_emui_accent_disable">H7_ACCENT_COLOR_DISABLED</color>
    <color name="hwbutton_default_pressed_color_layer">#19ffffff</color>
    <color name="hwbutton_emphasize_pressed_color_layer">#19ffffff</color>
    <color name="hwbutton_functional_blue_disable">H7_ACCENT_COLOR_DISABLED</color>
    <color name="hwscrollbarview_thumb">#61ffffff</color>
    <color name="hwsearchview_color_plate_bg">#19ffffff</color>
    <color name="hwsearchview_color_plate_bg_click">#33ffffff</color>


        <color name="black">#ffffffff</color>
    <color name="blank_fill_color">#19ffffff</color>
    <color name="boots_view_background">#e50d0d0d</color>
    <color name="card_item_bg_color">H7_ACTIONBAR</color>
    <color name="colorBackground">H7_BACKGROUND</color>
    <color name="colorDeleteIcon">#7fffffff</color>
    <color name="colorForegroundInverse">#33e5e5e5</color>
    <color name="colorNullIcon">#ffffffff</color>
    <color name="colorSecondary">#99ffffff</color>
    <color name="colorToastBg">#ff616161</color>
    <color name="color_divider_horizontal">#33ffffff</color>
    <color name="color_hot_area">#1affffff</color>
    <color name="color_hot_area_border">H7_ACTIONBAR</color>
    <color name="color_hot_area_split">H7_ACTIONBAR</color>
    <color name="color_sub_background">H7_BACKGROUND</color>
    <color name="dock_background_color">H7_ACTIONBAR</color>
    <color name="dock_background_color_new">H7_ACTIONBAR</color>
    <color name="dock_background_color_new_blur">#cc404040</color>
    <color name="ic_colorPrimary">#ffffffff</color>
    <color name="multi_add_button_color">#ffe5e5e5</color>
    <color name="multi_card_color">#61e5e5e5</color>
    <color name="multi_win_summary_color">#ffffffff</color>
    <color name="textColorPrimary">#a9ffffff</color>
    <color name="textColorSecondary">#80ffffff</color>
    <color name="text_tips_color">#a9ffffff</color>
</resources>
