<?xml version="1.0" encoding="utf-8"?>
<hwthemes>
	<color name="disabled_text_color">#33ffffff</color>
	<color name="emui_text_dark">#ffffffff</color>
	<color name="emui_primary_text">#ffffffff</color>
	<color name="emui_secondary_text">#80ffffff</color>
	<color name="emui_primary_text_dark_disabled">#33ffffff</color>
	<color name="emui_summary_text_dark_disabled">#33FFFFFF</color>
	<color name="emui_list_primary_default">#ffffff</color>
	<color name="emui_list_summary_default">#80ffffff</color>
	<color name="preference_divider_grey">#00000000</color>
	<color name="settings_icon_main_color">H7_ACCENT_COLOR</color>
	<color name="settings_menu_color">#ff000000</color>
	<color name="emui_text_summary_dark">#88ffffff</color>
	<color name="emui_text_nomal_dark">#ffffff</color>
	<color name="emui_text_half_dark">#80ffffff</color>
	<color name="emui_text_full_dark">#ffffffff</color>
	<color name="emui_edit_text_hint_dark">#33ffffff</color>
	<color name="emui_text_half_blue">H7_ACCENT_COLOR_PRESS</color>
	


	<color name="nano_sim_card_normal_default">#80ffffff</color>
	<color name="nano_sim_card_on_default">H7_ACCENT_COLOR</color>
	<color name="nano_sim_card_off_default">#33ffffff</color>
	<color name="arrow_default">#00000000</color>
	<color name="card_background">#000000</color>
	

</hwthemes>
