﻿<?xml version="1.0" encoding="utf-8"?>
<hwthemes>
    <color name="calculator_accent_color">H7_COLOR_CALCULATOR</color>
    <color name="display_formula_text_color">#ffffff</color>
    <color name="pad_button_text_color">#ffffff</color>
    <color name="pad_button_advanced_text_color">#ffffff</color>
    <color name="divider_color">#01ffffff</color>
    <color name="pad_button_memory_text_color">#ffffff</color>
    <color name="pad_operator_equal_text_color">#ffffff</color>
	<!--Number-->
    <color name="pad_button_number_text_color">#ffffff</color>
    <color name="pad_background_color">H7_ACTIONBAR</color>
    <color name="calculater_equality_color">#ffffff</color>
	
    <color name="display_result_text_color">#66ffffff</color>
    <color name="display_result_exponent_text_color">#40ffffff</color>
    <color name="pad_numeric_background_color">H7_COLOR_CALCULATOR</color>
    <color name="pad_advanced_background_color">H7_COLOR_CALCULATOR</color>
    <drawable name="pad_advanced_background_press_color">H7_BACKGROUND</drawable>
    <color name="display_top_text_color">#ffffff</color>
    <color name="pad_button_operator_text_color">#ffffff</color>
    <drawable name="pad_operator_normal_color">H7_BACKGROUND</drawable>
    <drawable name="bg_calculater_number_pressed">H7_BACKGROUND</drawable>
    <drawable name="bg_calculater_portrait_equalitybg_pressed">H7_COLOR_CALCULATOR_PRESS</drawable>
    <drawable name="bg_calculater_portrait_equalitybg_normal">H7_COLOR_CALCULATOR</drawable>
	</hwthemes>