<?xml version="1.0" encoding="UTF-8"?><resources>
     <color name="black_alpha_03">H7_BACKGROUND</color>  
     <color name="black_alpha_8">H7_BACKGROUND</color>
     <color name="detail_comment_list_reply_item_time_color">H7_BACKGROUND_PRESS</color>
     <color name="small_post_item_title_color">H7_BACKGROUND_PRESS</color>
     <color name="tab_background_emui5">H7_BACKGROUND</color>     
    <color name="CS_background">H7_BACKGROUND</color>
    <color name="accent_emui">H7_ACCENT_COLOR</color>
    <color name="accent_emui_dark">H7_ACCENT_COLOR</color>
    <color name="accent_emui_emphasize">H7_ACCENT_COLOR</color>
    <color name="accent_emui_emphasize_disabled">H7_ACCENT_COLOR_DISABLED</color>
    <color name="accent_emui_emphasize_pressed">H7_ACCENT_COLOR</color>
    <color name="accent_emui_pressed">H7_ACCENT_COLOR</color>
    <color name="accent_emui_text_hightlight">H7_ACCENT_COLOR</color>
    <color name="accent_on_dark_emui">H7_ACCENT_COLOR</color>
    <color name="accent_on_disable_dark_emui">H7_ACCENT_COLOR_DISABLED</color>
    <color name="accent_on_disable_emui">H7_ACCENT_COLOR_PRESS</color>
    <color name="alphaindexer_selected_alpha_color">H7_ACCENT_COLOR</color>
    <color name="appcomment_backgound_gray">H7_BACKGROUND</color>
    <color name="appcomment_default_bg">H7_ACTIONBAR</color>
    <color name="appcommon_mine_sub_divider_color">H7_ACTIONBAR</color>
    <color name="approve_text_color">H7_ACCENT_COLOR</color>
    <color name="backgound_0064cc">H7_ACCENT_COLOR</color>
    <color name="backgound_fcfcfc">H7_BACKGROUND</color>
    <color name="backgound_gray">H7_BACKGROUND</color>
    <color name="black_alpha_03">H7_BACKGROUND</color>
    <color name="black_alpha_8">H7_BACKGROUND</color>
    <color name="black_status_bar">H7_BACKGROUND</color>
    <color name="blue_text_007dff">H7_ACCENT_COLOR</color>
    <color name="blue_text_007dff_alpha_20">H7_ACCENT_COLOR_DISABLED</color>
    <color name="blue_text_007dff_subtab">H7_ACCENT_COLOR</color>
    <color name="button_text_color">H7_ACCENT_COLOR</color>
    <color name="category_button_select_unpressed">H7_ACCENT_COLOR</color>
    <color name="clone_app_mark_bg_color">H7_ACCENT_COLOR</color>
    <color name="colorful_emui">H7_BACKGROUND00</color>
    <color name="detail_comment_approve_selected">H7_ACCENT_COLOR</color>
    <color name="detail_dowanload_progressbar_background">H7_ACCENT_COLOR_PRESS</color>
    <color name="detail_dowanload_progressbar_color">H7_ACCENT_COLOR</color>
    <color name="detail_navigator_selected">H7_ACCENT_COLOR</color>
    <color name="edittext_cancel_hint_press_color">H7_ACCENT_COLOR</color>
    <color name="emui_accent">H7_ACCENT_COLOR</color>
    <color name="emui_basetitle_color">H7_ACTIONBAR</color>
    <color name="emui_black_color_alpha_100">H7_BACKGROUND</color>
    <color name="emui_blue_dark">H7_ACCENT_COLOR</color>
    <color name="emui_blue_light">H7_ACCENT_COLOR</color>
    <color name="emui_bottombar_icon_on">H7_ACCENT_COLOR</color>
    <color name="emui_bottombar_text_on">H7_ACCENT_COLOR</color>
    <color name="emui_bright_foreground_light">H7_BACKGROUND</color>
    <color name="emui_color_gray_1">H7_ACTIONBAR</color>
    <color name="emui_color_gray_1">H7_ACTIONBAR</color>
    <color name="emui_color_gray_3">H7_ACTIONBAR</color>
    <color name="emui_color_gray_3">H7_ACTIONBAR</color>
    <color name="emui_color_gray_4">H7_BACKGROUND</color>
    <color name="emui_custom_panel_background">H7_BACKGROUND</color>
    <color name="emui_detail_text_pressed">H7_ACCENT_COLOR</color>
    <color name="emui_dialog_blue_light">H7_ACCENT_COLOR</color>
    <color name="emui_functional_blue">H7_ACCENT_COLOR</color>
    <color name="emui_highlighted_text">H7_ACCENT_COLOR_PRESS</color>
    <color name="emui_master_color_11">H7_BACKGROUND</color>
    <color name="emui_master_color_5">H7_ACCENT_COLOR</color>
    <color name="emui_nodata">H7_BACKGROUND</color>
    <color name="emui_progressbar_loading_fill_color">H7_ACCENT_COLOR</color>
    <color name="emui_subtab_line_on">H7_ACCENT_COLOR</color>
    <color name="emui_subtab_text_on">H7_ACCENT_COLOR</color>
    <color name="emui_time_axis_info_default">H7_BACKGROUND_PRESS</color>
    <color name="emui_toolbar_icon_actived">H7_ACCENT_COLOR</color>
    <color name="emui_toolbar_text_actived">H7_ACCENT_COLOR</color>
    <color name="emui_white">H7_BACKGROUND</color>
    <color name="emui_white_dialog_bg">H7_BACKGROUND</color>
    <color name="fastapp_blue_text_007dff">H7_ACCENT_COLOR</color>
    <color name="forum_section_head_statusbar_second_change_color">H7_BACKGROUND</color>
    <color name="forum_user_head_bg">H7_ACTIONBAR</color>
    <color name="green_text_28c0c6">H7_ACCENT_COLOR</color>
    <color name="hiappbase_navigation_bar">H7_ACTIONBAR</color>
    <color name="hiappbase_status_bar">H7_BACKGROUND</color>
    <color name="huawei_brand_color">H7_ACCENT_COLOR</color>
    <color name="hw_black">H7_BACKGROUND</color>
    <color name="hw_button_text">H7_BACKGROUND</color>
    <color name="hw_color_inverse">H7_BACKGROUND</color>
    <color name="hw_emergency_dialer_bg">H7_BACKGROUND</color>
    <color name="hw_read_bgcolor">H7_BACKGROUND</color>
    <color name="hw_title_header_background">H7_BACKGROUND</color>
    <color name="hwalphaindexerlistview_select_color">H7_ACCENT_COLOR</color>
    <color name="hwbottomnavigationview_bg">H7_ACTIONBAR</color>
    <color name="hwbottomnavigationview_bg">H7_ACTIONBAR</color>
    <color name="hwcheckbox_accent_on_dark_emui">H7_ACCENT_COLOR</color>
    <color name="hwcheckbox_off_mask">H7_BACKGROUND</color>
    <color name="hwdotspageindicator_emui_primary">H7_ACCENT_COLOR</color>
    <color name="hwdownload_color">H7_ACCENT_COLOR</color>
    <color name="hwsearchview_accent_emui_pressed">H7_ACCENT_COLOR</color>
    <color name="hwspinner_accent_emui_dark">H7_ACCENT_COLOR</color>
    <color name="hwspinner_accent_emui_emphasize">H7_ACCENT_COLOR</color>
    <color name="hwspinner_accent_emui_emphasize_disabled">H7_ACCENT_COLOR_DISABLED</color>
    <color name="hwspinner_accent_emui_emphasize_pressed">H7_ACCENT_COLOR</color>
    <color name="hwswitch_accent_emui">H7_ACCENT_COLOR</color>
    <color name="hwswitch_accent_on_dark_emui">H7_ACCENT_COLOR</color>
    <color name="hwswitch_on_disable_dark_emui">H7_ACCENT_COLOR_DISABLED</color>
    <color name="hwtoolbar_background">H7_ACTIONBAR</color>
    <color name="list_background">H7_BACKGROUND</color>
    <color name="list_dialog_unselected">H7_BACKGROUND</color>
    <color name="media_show_image_activity_00000000">H7_BACKGROUND00</color>
    <color name="more_btn_bg_normal">H7_BACKGROUND00</color>
    <color name="mw_divide_bg">H7_ACCENT_COLOR</color>
    <color name="mw_trans_bg">H7_BACKGROUND00</color>
    <color name="mw_translucent_dark_bg">H7_BACKGROUND_PRESS</color>
    <color name="navigationbar_emui_dark">H7_BACKGROUND00</color>
    <color name="navigationbar_emui_light">H7_BACKGROUND</color>
    <color name="normal_protocol_hyperlink">H7_ACCENT_COLOR</color>
    <color name="press_protocol_hyperlink">H7_ACCENT_COLOR</color>
    <color name="primary_emui_dark">H7_BACKGROUND00</color>
    <color name="primary_emui_light">H7_BACKGROUND</color>
    <color name="privacy_text_color">H7_ACCENT_COLOR</color>
    <color name="search_title_background">H7_BACKGROUND</color>
    <color name="setting_bg_color">H7_BACKGROUND</color>
    <color name="share_bg">H7_BACKGROUND</color>
    <color name="sub_tab_title_normal_emui_dark">H7_ACCENT_COLOR</color>
    <color name="sub_tab_title_selected_emui">H7_ACCENT_COLOR</color>
    <color name="sub_tab_title_selected_emui_emphasize">H7_ACCENT_COLOR</color>
    <color name="sub_tab_title_selected_pressed_emui">H7_ACCENT_COLOR</color>
    <color name="sub_tab_title_selected_pressed_emui_emphasize">H7_ACCENT_COLOR</color>
    <color name="switch_on_disable_dark_emui">H7_ACCENT_COLOR_DISABLED</color>
    <color name="tab_background_emui5">H7_BACKGROUND</color>
    <color name="tab_bg_normal_def">H7_BACKGROUND</color>
    <color name="tab_bg_normal_def_sd">H7_BACKGROUND</color>
    <color name="tab_bg_normal_emui">H7_BACKGROUND</color>
    <color name="tab_bg_normal_emui_emphasize">H7_ACTIONBAR</color>
    <color name="tab_line_bg_imm">H7_BACKGROUND00</color>
    <color name="tab_selected_line_def">H7_ACCENT_COLOR</color>
    <color name="tab_text_selected_def">H7_ACCENT_COLOR</color>
    <color name="tab_text_selected_def_honor">H7_ACCENT_COLOR</color>
    <color name="tab_title_selected_emui">H7_ACCENT_COLOR</color>
    <color name="tab_title_selected_emui_dark">H7_ACCENT_COLOR</color>
    <color name="tab_title_selected_emui_emphasize">H7_ACCENT_COLOR</color>
    <color name="tab_title_selected_pressed_emui">H7_ACCENT_COLOR</color>
    <color name="tab_title_selected_pressed_emui_emphasize">H7_ACCENT_COLOR</color>
    <color name="title_green">H7_ACCENT_COLOR</color>
    <color name="transparent">H7_BACKGROUND00</color>
    <color name="transparent">H7_BACKGROUND00</color>
    <color name="updatemanager_blue_text_007dff_alpha_20">H7_ACCENT_COLOR_DISABLED</color>
    <color name="url_background">H7_BACKGROUND00</color>
    <color name="voicemail_background_theme">H7_BACKGROUND</color>
    <color name="wallet_sdk_brandcolor">H7_ACCENT_COLOR</color>
    <color name="wallet_sdk_hwpay_bg_color">H7_BACKGROUND</color>
    <color name="wallet_sdk_white">H7_BACKGROUND</color>
    <color name="white_status_bar">H7_BACKGROUND</color>
    <color name="wisedist_fragment_bg">H7_BACKGROUND</color>
    <color name="wlanzone_transparent">H7_BACKGROUND00</color>
    <drawable name="hw_screen_background_gray">H7_BACKGROUND</drawable>
    <item name="disabled_alpha_emui" format="float" type="dimen">0.20</item>
    <item name="pressed_alpha_emui" format="float" type="dimen">0.50</item>
    <item name="searchview_disable_alpha_emui_dark" format="float" type="dimen">0.20</item>
    <item name="searchview_nomal_alpha_emui" format="float" type="dimen">0.30</item>
    <item name="searchview_nomal_alpha_emui_dark" format="float" type="dimen">0.40</item>
    <item name="searchview_pressed_alpha_emui_dark" format="float" type="dimen">0.60</item>
    <item name="disabled_alpha_emui" format="float" type="dimen">0.20</item>
    <item name="pressed_alpha_emui" format="float" type="dimen">0.50</item>
    <item name="searchview_disable_alpha_emui_dark" format="float" type="dimen">0.20</item>
    <item name="searchview_nomal_alpha_emui" format="float" type="dimen">0.30</item>
    <item name="searchview_nomal_alpha_emui_dark" format="float" type="dimen">0.40</item>
    <item name="searchview_pressed_alpha_emui_dark" format="float" type="dimen">0.60</item>
   <color name="appcomment_backgound_gray">H7_BACKGROUND</color>
   <color name="appcomment_default_bg">H7_ACTIONBAR</color>
   <color name="appcommon_mine_sub_divider_color">H7_ACTIONBAR</color>
   <color name="emui_basetitle_color">H7_ACTIONBAR</color>
   <color name="emui_white_dialog_bg">H7_BACKGROUND</color>
   <color name="forum_section_head_statusbar_second_change_color">H7_BACKGROUND</color>
   <color name="hiappbase_navigation_bar">H7_ACTIONBAR</color>
   <color name="hiappbase_status_bar">H7_BACKGROUND</color>
   <color name="search_title_background">H7_BACKGROUND</color>
   <color name="wisedist_fragment_bg">H7_BACKGROUND</color>
</resources>