<?xml version="1.0" encoding="UTF-8"?><resources>
    <color name="CS_background">H7_BACKGROUND</color>
    
    
    
    
    
    
    
    
    
    
    
    
    
    
    
    
    <color name="CS_blue">H7_ACCENT_COLOR</color>
    <color name="CS_blue_text">H7_ACCENT_COLOR</color>
    
    
    
    
    
    
    
    
    
    
    <color name="CS_item_pressed">H7_ACCENT_COLOR_PRESS</color>
    
    <color name="CS_more_detail">H7_ACCENT_COLOR</color>
    <color name="CS_password_and_welcome_color">H7_ACCENT_COLOR</color>
    <color name="CS_security_setting_text_color">H7_ACCENT_COLOR</color>
    
    <color name="CS_textview_jump_color">H7_ACCENT_COLOR</color>
    
    
    
    
    
    <color name="album_list_bg">H7_BACKGROUND</color>
    
    
    
    <color name="appcomment_backgound_gray">H7_BACKGROUND</color>
    
    <color name="appcomment_default_bg">H7_ACTIONBAR</color>
    
    <color name="appcommon_mine_sub_divider_color">H7_ACTIONBAR</color>
    
    
    
    <color name="appgallery_color_accent">H7_ACCENT_COLOR</color>
    <color name="appgallery_color_appbar_bg">H7_ACTIONBAR</color>
    <color name="appgallery_color_bottomtab_bg">H7_ACTIONBAR</color>
    
    
    <color name="appgallery_color_edit_subtab_background">H7_ACTIONBAR</color>
    
    <color name="appgallery_color_toolbar_bg">H7_ACTIONBAR</color>
    <color name="appgallery_text_color_link">H7_ACCENT_COLOR</color>
    
    
    
    <color name="approve_text_color">H7_ACCENT_COLOR</color>
    <color name="backgound_0064cc">H7_ACTIONBAR</color>
    <color name="backgound_fcfcfc">H7_BACKGROUND</color>
    <color name="backgound_gray">H7_BACKGROUND</color>
    <color name="bigbuoy_backgroud">H7_ACTIONBAR</color>
    
    
    
    
    
    
    
    
    
    <color name="black_status_bar">H7_BACKGROUND</color>
    <color name="blue_text_007dff">H7_ACCENT_COLOR</color>
    <color name="blue_text_007dff_alpha_20">H7_ACCENT_COLOR_DISABLED</color>
    <color name="blue_text_007dff_subtab">H7_ACCENT_COLOR</color>
    
    <color name="button_text_color">H7_ACCENT_COLOR</color>
    
    
    <color name="category_button_select_unpressed">H7_ACCENT_COLOR</color>
    
    
    
    
    
    
    
    
    <color name="detail_dowanload_progressbar_color">H7_ACCENT_COLOR</color>
    
    <color name="detail_downloadbutton_processing">H7_ACCENT_COLOR_PRESS</color>
    
    
    <color name="detail_navigator_selected">H7_ACCENT_COLOR</color>
    
    
    
    
    
    
    <color name="emui_accent">H7_ACCENT_COLOR</color>
    <color name="emui_accent_inverse">H7_ACCENT_COLOR</color>
    <color name="emui_accent_pressed">H7_ACCENT_COLOR</color>
    <color name="emui_appbar_bg">H7_ACTIONBAR</color>
    
    
    
    
    <color name="emui_basetitle_color">H7_ACTIONBAR</color>
    
    
    <color name="emui_bottombar_icon_on">H7_ACCENT_COLOR</color>
    
    <color name="emui_bottombar_text_on">H7_ACCENT_COLOR</color>
    
    
    
    
    
    
    
    
    
    
    
    
    
    
    
    <color name="emui_color_bg">H7_BACKGROUND</color>
    
    
    
    
    
    <color name="emui_color_gray_1">H7_ACTIONBAR</color>
    
    <color name="emui_color_gray_2">H7_ACTIONBAR</color>
    <color name="emui_color_gray_3">H7_ACTIONBAR</color>
    
    
    
    
    
    
    
    
    
    
    
    
    
    
    
    
    
    
    
    
    <color name="emui_control_highlight">H7_ACCENT_COLOR</color>
    
    
    <color name="emui_dialog_bg">H7_ACTIONBAR</color>
    <color name="emui_fab_bg_normal">H7_ACCENT_COLOR</color>
    
    
    <color name="emui_functional_blue">H7_ACCENT_COLOR</color>
    <color name="emui_functional_blue_disable">H7_ACCENT_COLOR_DISABLED</color>
    <color name="emui_functional_blue_inverse">H7_ACCENT_COLOR</color>
    
    
    
    <color name="emui_navigationbar_bg">H7_ACTIONBAR</color>
    <color name="emui_nodata">H7_BACKGROUND</color>
    <color name="emui_pressed">H7_ACCENT_COLOR_PRESS</color>
    
    
    
    <color name="emui_subtab_bg">H7_BACKGROUND</color>
    <color name="emui_subtab_line_on">H7_ACCENT_COLOR</color>
    
    <color name="emui_subtab_text_on">H7_ACCENT_COLOR</color>
    
    
    
    
    
    
    
    
    
    
    <color name="emui_toolbar_bg">H7_ACTIONBAR</color>
    
    <color name="emui_toolbar_icon_actived">H7_ACCENT_COLOR</color>
    
    
    
    <color name="emui_toolbar_text_actived">H7_ACCENT_COLOR</color>
    
    <color name="emui_white">H7_BACKGROUND</color>
    
    
    
    
    
    <color name="forum_section_head_statusbar_second_change_color">H7_BACKGROUND</color>
    
    
    <color name="forum_stamp_moderator_bg">H7_ACCENT_COLOR_PRESS</color>
    
    
    
    <color name="green_text_28c0c6">H7_ACCENT_COLOR</color>
    
    <color name="hiappbase_navigation_bar">H7_ACTIONBAR</color>
    
    <color name="hiappbase_status_bar">H7_BACKGROUND</color>
    
    
    <color name="hwbottomnav_blur_color">H7_ACTIONBAR</color>
    <color name="hwbottomnav_emui_accent">H7_ACCENT_COLOR</color>
    
    
    <color name="hwbottomnavigationview_bg">H7_ACTIONBAR</color>
    
    
    
    
    <color name="hwcheckbox_emui_black">H7_BACKGROUND</color>
    
    
    
    
    
    
    
    
    
    <color name="hwdownload_color">H7_ACCENT_COLOR</color>
    
    
    <color name="hwradiobutton_accent_on_dark_emui">H7_ACCENT_COLOR</color>
    <color name="hwradiobutton_accent_on_disable_dark_emui">H7_ACCENT_COLOR_DISABLED</color>
    
    
    
    
    
    
    
    
    
    
    <color name="hwsubtab_emui_color_bg">H7_BACKGROUND</color>
    
    <color name="hwsubtab_emui_subtab_text_on">H7_ACCENT_COLOR</color>
    <color name="hwsubtab_indicator_color">H7_ACCENT_COLOR</color>
    
    
    
    
    
    
    
    
    
    <color name="list_dialog_unselected">H7_BACKGROUND</color>
    
    
    
    
    
    
    
    
    
    
    <color name="normal_protocol_hyperlink">H7_ACTIONBAR</color>
    
    
    
    <color name="press_protocol_hyperlink">H7_ACCENT_COLOR</color>
    <color name="privacy_text_color">H7_ACCENT_COLOR</color>
    
    
    
    
    
    
    
    
    
    
    
    
    
    <color name="search_title_background">H7_BACKGROUND</color>
    
    
    
    <color name="tab_background_emui5">H7_BACKGROUND</color>
    <color name="tab_bg_normal_def">H7_BACKGROUND</color>
    <color name="tab_bg_normal_def_sd">H7_BACKGROUND</color>
    
    
    
    <color name="tab_selected_line_def">H7_ACCENT_COLOR</color>
    
    
    
    
    <color name="tab_text_selected_def">H7_ACCENT_COLOR</color>
    <color name="tab_text_selected_def_honor">H7_ACCENT_COLOR</color>
    
    
    
    
    
    
    
    
    
    
    
    <color name="updatemanager_blue_text_007dff_alpha_20">H7_ACCENT_COLOR_DISABLED</color>
    
    
    
    <color name="white_status_bar">H7_BACKGROUND</color>
    
    <color name="wisedist_fragment_bg">H7_BACKGROUND</color>
    
    
    
    
    
    
    
    <color name="CS_background_801_oversea">H7_BACKGROUND</color>
    
    <color name="CS_blue_color">H7_ACCENT_COLOR</color>
    <color name="CS_blue_text_20_percent">H7_ACCENT_COLOR_DISABLED</color>
    <color name="CS_blue_text_pressed">H7_ACTIONBAR</color>
    
    
    
    
    
    
    <color name="accent_emui">H7_ACCENT_COLOR</color>
    <color name="accent_emui_dark">H7_ACCENT_COLOR</color>
    
    <color name="accent_emui_emphasize">H7_ACCENT_COLOR</color>
    <color name="accent_emui_emphasize_disabled">H7_ACCENT_COLOR_DISABLED</color>
    <color name="accent_emui_emphasize_pressed">H7_ACTIONBAR</color>
    <color name="accent_emui_pressed">H7_ACTIONBAR</color>
    
    
    
    
    
    
    <color name="accent_on_dark_emui">H7_ACCENT_COLOR</color>
    <color name="accent_on_disable_dark_emui">H7_ACCENT_COLOR_DISABLED</color>
    
    
    
    
    
    <color name="alphaindexer_selected_alpha_color">H7_ACCENT_COLOR</color>
    
    
    
    
    
    
    
    
    
    
    
    
    
    <color name="clone_app_mark_bg_color">H7_ACCENT_COLOR</color>
    
    
    
    
    
    
    
    
    
    
    
    
    
    <color name="cloudsetting_color_actionbar_themecolor">H7_BACKGROUND</color>
    
    <color name="cloudsetting_color_primary_theme5">H7_BACKGROUND</color>
    
    <color name="cloudsetting_dowanload_progressbar_color">H7_ACCENT_COLOR</color>
    
    
    <color name="cloudsetting_white_needchange">H7_BACKGROUND</color>
    
    
    <color name="cs_emui_accent">H7_ACCENT_COLOR</color>
    
    
    <color name="detail_comment_approve_selected">H7_ACCENT_COLOR</color>
    
    
    
    
    
    
    
    
    
    
    <color name="edittext_cancel_hint_press_color">H7_ACCENT_COLOR</color>
    
    
    <color name="emui_black_color_alpha_100">H7_BACKGROUND</color>
    
    
    
    
    
    
    
    
    
    
    
    <color name="emui_bright_foreground_light">H7_BACKGROUND</color>
    
    
    
    
    
    
    
    
    
    <color name="emui_custom_panel_background">H7_BACKGROUND</color>
    <color name="emui_detail_text_pressed">H7_ACCENT_COLOR</color>
    
    
    
    
    
    
    
    
    
    
    
    
    
    
    
    
    
    
    
    
    
    
    <color name="emui_master_color_11">H7_BACKGROUND</color>
    
    
    
    <color name="emui_master_color_5">H7_ACCENT_COLOR</color>
    
    
    
    
    
    
    
    
    
    
    
    
    
    
    
    
    
    
    
    
    
    
    
    
    
    
    
    
    
    
    
    
    
    
    
    
    
    
    
    
    
    
    
    
    
    
    
    
    
    
    <color name="emui_progressbar_loading_fill_color">H7_ACCENT_COLOR</color>
    
    
    
    
    
    
    
    
    
    
    
    
    
    
    
    
    
    
    
    
    
    
    
    
    
    
    
    
    <color name="emui_white_bg">H7_BACKGROUND</color>
    
    
    <color name="fastapp_blue_text_007dff">H7_ACCENT_COLOR</color>
    
    <color name="feedback_actionbar_bg">H7_ACTIONBAR</color>
    
    
    
    
    <color name="feedback_blue">H7_ACCENT_COLOR</color>
    <color name="feedback_blue_disable">H7_ACCENT_COLOR_DISABLED</color>
    
    
    
    <color name="feedback_highlight_color">H7_ACCENT_COLOR</color>
    <color name="feedback_highlight_color_disable">H7_ACCENT_COLOR_DISABLED</color>
    <color name="feedback_highlight_color_disable_old">H7_ACCENT_COLOR_DISABLED</color>
    <color name="feedback_highlight_color_old">H7_ACCENT_COLOR</color>
    
    
    
    
    <color name="feedback_smarthelper_user_textview_bg">H7_ACCENT_COLOR</color>
    <color name="feedback_spannable_click_color">H7_ACTIONBAR</color>
    
    
    
    
    
    
    
    
    
    
    <color name="hmspush_click_span">H7_ACCENT_COLOR</color>
    
    <color name="huawei_brand_color">H7_ACCENT_COLOR</color>
    
    
    <color name="hw_black">H7_BACKGROUND</color>
    
    
    <color name="hw_button_text">H7_BACKGROUND</color>
    
    
    <color name="hw_color_inverse">H7_BACKGROUND</color>
    
    <color name="hw_emergency_dialer_bg">H7_BACKGROUND</color>
    
    
    
    
    <color name="hw_handle_color">H7_ACCENT_COLOR</color>
    
    
    
    
    
    
    <color name="hw_read_bgcolor">H7_BACKGROUND</color>
    
    
    
    
    
    
    
    <color name="hwalphaindexerlistview_select_color">H7_ACCENT_COLOR</color>
    
    <color name="hwbutton_functional_blue_disable">H7_ACCENT_COLOR_PRESS</color>
    
    
    
    
    
    
    <color name="hwcheckbox_off_mask">H7_BACKGROUND</color>
    
    
    
    
    <color name="hwdotspageindicator_emui_primary">H7_ACCENT_COLOR</color>
    
    
    <color name="hwid_check_theme_color">H7_BACKGROUND</color>
    <color name="hwid_check_theme_dark_color">H7_BACKGROUND</color>
    
    
    
    
    <color name="hwpush_bgcolor_gray">H7_BACKGROUND</color>
    
    
    
    
    <color name="hwradiobutton_off_mask">H7_BACKGROUND</color>
    <color name="hwsearchview_accent_emui_pressed">H7_ACCENT_COLOR_PRESS</color>
    
    
    <color name="hwspinner_accent_emui_dark">H7_ACCENT_COLOR</color>
    <color name="hwspinner_accent_emui_emphasize">H7_ACCENT_COLOR</color>
    <color name="hwspinner_accent_emui_emphasize_disabled">H7_ACCENT_COLOR_DISABLED</color>
    <color name="hwspinner_accent_emui_emphasize_pressed">H7_ACCENT_COLOR_PRESS</color>
    
    
    
    
    
    
    
    
    
    
    
    
    
    
    <color name="hwswitch_accent_emui">H7_ACCENT_COLOR</color>
    
    <color name="hwswitch_accent_on_dark_emui">H7_ACCENT_COLOR</color>
    
    
    <color name="hwswitch_on_disable_dark_emui">H7_ACCENT_COLOR_DISABLED</color>
    
    
    
    
    
    <color name="hwtoolbar_background">H7_ACTIONBAR</color>
    
    
    
    
    
    <color name="iap_brandcolor">H7_ACCENT_COLOR</color>
    
    <color name="iap_colorPrimary">H7_ACCENT_COLOR</color>
    
    
    
    
    
    
    
    
    
    
    
    
    
    
    
    
    
    
    
    
    
    <color name="iap_common_pad_offset_bg_color">H7_BACKGROUND</color>
    
    
    <color name="iap_common_white_100">H7_BACKGROUND</color>
    
    
    
    
    
    
    
    
    
    
    
    
    
    
    
    
    
    <color name="iap_common_white_95">H7_ACTIONBAR</color>
    <color name="iap_dialog_bg_color">H7_ACTIONBAR</color>
    
    <color name="iap_f3_color">H7_BACKGROUND</color>
    
    
    
    <color name="iap_read_card_number_anim_background">H7_BACKGROUND</color>
    <color name="iap_read_card_number_flash_background">H7_BACKGROUND</color>
    <color name="iap_selection_devide_background">H7_ACTIONBAR</color>
    
    <color name="iap_wrap_progress_background_color">H7_BACKGROUND</color>
    <color name="iap_wrap_progress_color">H7_ACCENT_COLOR</color>
    
    
    <color name="list_background">H7_BACKGROUND</color>
    
    
    
    
    
    
    
    
    
    
    
    
    
    
    
    <color name="mw_divide_bg">H7_ACCENT_COLOR</color>
    
    <color name="mw_translucent_dark_bg">H7_ACTIONBAR</color>
    
    <color name="navigationbar_emui_light">H7_BACKGROUND</color>
    
    
    
    
    
    
    
    
    
    
    <color name="primary_emui_light">H7_ACTIONBAR</color>
    
    
    
    
    
    <color name="ql_blue_text">H7_ACCENT_COLOR</color>
    
    
    
    
    
    
    
    
    
    
    
    <color name="selected_text_item">H7_ACCENT_COLOR</color>
    <color name="setting_bg_color">H7_BACKGROUND</color>
    
    
    
    
    <color name="sns_assist_chat_text_detail_press_bg">H7_ACTIONBAR</color>
    
    
    <color name="sns_assist_menu_normal_text_color">H7_ACCENT_COLOR</color>
    <color name="sns_assist_menu_pressed_text_color">H7_ACCENT_COLOR_PRESS</color>
    <color name="sns_assist_msg_bg_color">H7_ACTIONBAR</color>
    
    
    <color name="sns_background">H7_BACKGROUND</color>
    <color name="sns_background_90_percent">H7_ACTIONBAR</color>
    
    
    
    
    
    
    
    
    
    
    
    
    
    
    
    <color name="sns_bottom_navigation_bg_color">H7_ACTIONBAR</color>
    <color name="sns_button_text_nomal">H7_ACCENT_COLOR</color>
    <color name="sns_button_text_pressed">H7_ACCENT_COLOR_PRESS</color>
    
    <color name="sns_chat_left_msg_bg_pressed">H7_ACTIONBAR</color>
    <color name="sns_chat_link_background">H7_ACTIONBAR</color>
    <color name="sns_chat_right_background_normal_bg">H7_ACCENT_COLOR</color>
    
    
    
    <color name="sns_check_theme_color">H7_BACKGROUND</color>
    <color name="sns_complain_notice">H7_ACCENT_COLOR</color>
    
    <color name="sns_divider_blod_color">H7_ACTIONBAR</color>
    <color name="sns_dowanload_progressbar_color">H7_ACCENT_COLOR</color>
    <color name="sns_emui4_default_color">H7_BACKGROUND</color>
    <color name="sns_fast_search_pup_num_color">H7_ACCENT_COLOR</color>
    
    
    
    
    
    
    
    <color name="sns_input_bg_color">H7_ACTIONBAR</color>
    
    
    
    
    
    <color name="sns_panel_bg">H7_BACKGROUND</color>
    <color name="sns_photo_send">H7_ACCENT_COLOR</color>
    
    
    
    
    <color name="sns_search_word_color">H7_ACCENT_COLOR</color>
    
    
    <color name="sns_stop_visit_url_learn_more_press">H7_ACCENT_COLOR_PRESS</color>
    <color name="sns_stop_visit_url_learn_more_unpress">H7_ACCENT_COLOR</color>
    
    
    
    <color name="sns_tab_color_emui4_selected">H7_ACCENT_COLOR</color>
    <color name="sns_tab_color_emui5_selected">H7_ACCENT_COLOR</color>
    
    
    
    
    <color name="sns_white">H7_ACTIONBAR</color>
    
    
    
    
    
    
    
    <color name="sns_zimu_color">H7_BACKGROUND</color>
    
    
    <color name="sub_tab_title_normal_emui_dark">H7_ACCENT_COLOR</color>
    
    
    
    
    <color name="sub_tab_title_selected_emui">H7_ACCENT_COLOR</color>
    
    <color name="sub_tab_title_selected_emui_emphasize">H7_ACCENT_COLOR_PRESS</color>
    <color name="sub_tab_title_selected_pressed_emui">H7_ACCENT_COLOR</color>
    
    <color name="sub_tab_title_selected_pressed_emui_emphasize">H7_ACCENT_COLOR_PRESS</color>
    
    
    
    <color name="switch_on_disable_dark_emui">H7_ACCENT_COLOR_DISABLED</color>
    
    
    
    
    <color name="tab_bg_normal_emui">H7_BACKGROUND</color>
    
    <color name="tab_bg_normal_emui_emphasize">H7_ACTIONBAR</color>
    
    
    
    
    
    
    <color name="tab_title_selected_emui">H7_ACCENT_COLOR</color>
    <color name="tab_title_selected_emui_dark">H7_ACCENT_COLOR</color>
    <color name="tab_title_selected_emui_emphasize">H7_ACCENT_COLOR</color>
    <color name="tab_title_selected_pressed_emui">H7_ACCENT_COLOR</color>
    
    <color name="tab_title_selected_pressed_emui_emphasize">H7_ACCENT_COLOR</color>
    
    
    
    <color name="title_green">H7_ACCENT_COLOR</color>
    
    
    
    <color name="toggle_button_off_bg_color_emui">H7_ACTIONBAR</color>
    
    
    <color name="toolbar_bg_color">H7_ACTIONBAR</color>
    
    
    
    
    <color name="voicemail_background_theme">H7_BACKGROUND</color>
    
	
    
    <item type="drawable" name="hw_screen_background_gray">H7_BACKGROUND</item>
	
	
	    
    
    <!--100%透明度的黑色-->
    
    

    

    <!--9.0适配start-->
    <color name="emui_white">H7_BACKGROUND</color>
    <!--无数据的背景色-->
    <color name="emui_nodata">H7_BACKGROUND</color>
    <!--协议字体-->
    
    <!--9.0适配end-->

    <!--app层start-->
    

    

    <color name="setting_bg_color">H7_BACKGROUND</color>

    

    

    

    

    <!-- 等级说明背景色，只用于等级说明 -->
    

    <!--app层end-->


    <!--wisedist层start-->

    

    

    <!-- 10%黑色 -->
    

    <color name="tab_text_selected_def_honor">H7_ACCENT_COLOR</color>

    
    <color name="backgound_gray">H7_BACKGROUND</color>
    <color name="backgound_fcfcfc">H7_BACKGROUND</color>
    <color name="backgound_0064cc">H7_ACCENT_COLOR</color>
    <color name="list_background">H7_BACKGROUND</color>
    
    
    
    <!--<color name="black_alpha_5">#0dffffff</color>-->
    
    
    
    
    
    
    
    
    <color name="green_text_28c0c6">H7_ACCENT_COLOR</color>
    <color name="blue_text_007dff">H7_ACCENT_COLOR</color>
    <color name="blue_text_007dff_alpha_20">H7_ACCENT_COLOR_DISABLED</color>
    <color name="text_search_app">H7_ACCENT_COLOR</color>
    
    <!-- End add -->
    <color name="tab_background_emui5">H7_BACKGROUND</color>

    <color name="white_status_bar">H7_BACKGROUND</color>
    <color name="black_status_bar">H7_BACKGROUND</color>

    <!-- 详情 -->
    <color name="detail_dowanload_progressbar_background">H7_ACCENT_COLOR_PRESS</color>
    <color name="detail_dowanload_progressbar_color">H7_ACCENT_COLOR</color>
    <color name="detail_dowanload_button_background">H7_ACCENT_COLOR_PRESS</color>
    
    
    <color name="detail_navigator_selected">H7_ACCENT_COLOR</color>
    <color name="detail_navigator_selected_split">H7_ACCENT_COLOR_DISABLED</color>
    
    <color name="detail_comment_approve_selected">H7_ACCENT_COLOR</color>
    
    
    

    <!-- 搜索 -->
    
    
    
    
    

    <!-- 分类Tag卡片 -->
    <color name="title_green">H7_ACCENT_COLOR</color>
    
    
    
    <color name="category_button_select_unpressed">H7_ACCENT_COLOR</color>

    <!-- 拼接图标的背景色 -->
    

    <!-- 更多按钮  -->
    
    

    <!-- 更新提示的红色文字颜色，也可用于我的界面中收藏提示 -->
    
    <!-- 弹出框 -->
    
    <color name="button_text_color">H7_ACCENT_COLOR</color>

    

    

    <!--50%透明度的黑色-->
    
    <color name="edittext_cancel_hint_press_color">H7_ACCENT_COLOR</color>

    <color name="list_dialog_unselected">H7_BACKGROUND</color>
    

    <!-- 华为品牌色 -->
    <color name="huawei_brand_color">H7_ACCENT_COLOR</color>
    <!-- 动态中可点击的字体颜色 -->

    
    <!-- 数字内容卡片分数颜色 -->
    
    <!-- Tab 字体颜色 -->
    
    <color name="tab_bg_normal_def_sd">H7_BACKGROUND</color>
    <color name="tab_bg_normal_def">H7_BACKGROUND</color>
    
    <color name="tab_text_selected_def">H7_ACCENT_COLOR</color>
    <color name="tab_selected_line_def">H7_ACCENT_COLOR</color>
    

    
    
    
    
    

    

    
    

    
    
    
    
    
    
    
    

    
    

    
    
    
    
    <color name="black_alpha_8">H7_ACTIONBAR</color>


    <!-- 推荐界面搜索背景色 -->
    
    
    

    <!-- 分类排行界面搜索背景色 -->
    
    
    

    

    <color name="list_selector_F9F9F9">H7_ACTIONBAR</color>

    

    

    

    

    

    <color name="detail_downloadbutton_processing">H7_ACCENT_COLOR_DISABLED</color>

    <!--关于协议和隐私政策文字颜色 换肤使用-->
    <color name="privacy_text_color">H7_ACCENT_COLOR</color>
    <color name="normal_protocol_hyperlink">H7_ACCENT_COLOR</color>
    <color name="press_protocol_hyperlink">H7_ACCENT_COLOR</color>

    <!-- subtab选中颜色 用于换肤 -->
    <color name="blue_text_007dff_subtab">H7_ACCENT_COLOR</color>

    <color name="approve_text_color">H7_ACCENT_COLOR</color>

    <!--wisedist层end-->

    <!--webview 标题-->
    

    
    

    <!--我的 昵称-->
    

    <!-- fast app start-->
    <color name="fastapp_blue_text_007dff">H7_ACCENT_COLOR</color>
    
    
    <!-- fast app end-->

    <!-- emui9.0 分割线颜色 -->
    

    <!-- 卡片描边 -->
    

    <!-- 热门话题背板色 -->
    

    <!-- 判断是否是黑色主题的文件，请不要使用 -->
    

    <!-- 0表示普通颜色，1表示深色，2表示荣耀色,3表示nova色-->
    

    <!-- 详情页标签底色 #FFFFFF 20% -->
    
    <!-- 详情页标签点击时底色 #FFFFFF 30% -->
    

    <color name="share_bg">H7_ACTIONBAR</color>

    <!-- 添加心愿截图描边颜色 #000000 5% ，适配黑色主题，不要换肤-->
    

    <!-- 问题反馈 -->
    

    <color name="bigbuoy_backgroud">H7_ACTIONBAR</color>

    

    
    

    <!-- 评论组件 -->
    
    <color name="appcomment_default_bg">H7_ACTIONBAR</color>
    <color name="appcomment_backgound_gray">H7_BACKGROUND</color>

    <!-- 节假日 start -->
    <!-- 信号栏、导航栏，适配换肤 -->
    <color name="hiappbase_status_bar">H7_BACKGROUND</color>
    <color name="hiappbase_navigation_bar">H7_ACTIONBAR</color>

    <!-- 我的界面 卡片间隔 -->
    <color name="appcommon_mine_sub_divider_color">H7_ACTIONBAR</color>

    <color name="emui_basetitle_color">H7_ACTIONBAR</color>

    <!-- 搜索栏背景色 -->
    <color name="search_title_background">H7_BACKGROUND</color>

    <!-- 整个页面背景 -->
    <color name="wisedist_fragment_bg">H7_BACKGROUND</color>

    <!-- 节假日 end -->

    <!-- 论坛 start -->
    
    <color name="forum_section_head_statusbar_second_change_color">H7_BACKGROUND</color>
    

    
    

    <!-- 论坛个人主页自定义 -->
    <color name="forum_user_head_bg">H7_ACTIONBAR</color>
    

    <!-- 版块actionbar消息数量 -->
    

    <!-- 头像点击按压色 -->
    

    <!-- 版主盖章 背景色 30%的emui_accent 0D9FFB-->
    <color name="forum_stamp_moderator_bg">H7_ACCENT_COLOR_DISABLED</color>

    <!-- hwalphaindexerlistview 字母索引控件-->
    
    <color name="hwalphaindexerlistview_select_color">H7_ACCENT_COLOR</color>
    
    <!-- 论坛 end -->


    <!-- 更新组件begin -->
    <color name="updatemanager_blue_text_007dff_alpha_20">H7_ACCENT_COLOR_DISABLED</color>
    <!-- 更新组件end -->

    <!--无网络界面黑色主题背景颜色替换-->
    

    <!--华为账号 start-->
    
    
    
    
    <color name="CS_background">H7_BACKGROUND</color>
    
    <!--华为账号 end-->

    <!--图片选择 start-->
    
    

    
    
    
    <!--图片选择 end-->

    <!--AppGallery EMUI10 深色模式颜色定义 start-->
    <!-- 一级文本颜色：#ffffff 66%不透明 -->
    
    <!-- 二级文本颜色：#ffffff 50%不透明 -->
    
    <!-- 三级文本颜色：#ffffff 38%不透明 -->
    
    <!-- 卡片默认背景色-用于内容未加载场景 -->
    
    <!-- 卡片描边颜色：20% #FFFFFF -->
    
    <!-- 卡片描边颜色：点击状态 10% #ffffff -->
    
    <!-- 可点击文本\超链接\网址文本色 -->
    <color name="appgallery_text_color_link">H7_ACCENT_COLOR</color>
    <!-- 系统高亮色 -->
    <color name="appgallery_color_accent">H7_ACCENT_COLOR</color>

    <!-- EMUI11 widget aar dark begin -->
    <!-- hwresource -->
    <color name="emui_accent">H7_ACCENT_COLOR</color>
    <color name="emui_accent_inverse">H7_ACCENT_COLOR</color>
    <color name="emui_accent_pressed">H7_ACCENT_COLOR</color>
    <color name="emui_activated">H7_ACCENT_COLOR</color>
    <color name="emui_activated_end">H7_ACCENT_COLOR</color>
    <color name="emui_activated_start">H7_ACCENT_COLOR</color>
    <color name="emui_appbar_bg">H7_BACKGROUND</color>
    
    
    
    
    
    
    
    <color name="emui_bottombar_icon_on">H7_ACCENT_COLOR</color>
    
    <color name="emui_bottombar_text_on">H7_ACCENT_COLOR</color>
    
    
    <color name="emui_card_bg">H7_ACTIONBAR</color>
    <color name="emui_center_color">H7_ACCENT_COLOR</color>
    
    
    
    
    
    
    
    
    
    
    
    
    <color name="emui_color_badge">H7_ACCENT_COLOR</color>
    <color name="emui_color_bg">H7_BACKGROUND</color>
    
    
    
    
    
    
    
    
    
    
    
    
    <color name="emui_color_gray_1">H7_ACTIONBAR</color>
    
    <color name="emui_color_gray_2">H7_ACTIONBAR</color>
    <color name="emui_color_gray_3">H7_ACTIONBAR</color>
    <color name="emui_color_gray_4">H7_ACTIONBAR</color>
    
    
    
    
    
    
    
    
    
    
    
    
    <color name="emui_color_text_highlight">H7_ACCENT_COLOR_DISABLED</color>
    
    
    
    <color name="emui_color_tips_bg">H7_ACTIONBAR</color>
    <color name="emui_color_tooltips_bg">H7_ACTIONBAR</color>
    
    <color name="emui_control_focused">H7_ACCENT_COLOR</color>
    <color name="emui_control_highlight">H7_ACCENT_COLOR</color>
    
    
    <color name="emui_dialog_bg">H7_ACTIONBAR</color>
    <color name="emui_end_color">H7_ACCENT_COLOR</color>
    <color name="emui_fab_bg_normal">H7_ACCENT_COLOR</color>
    <color name="emui_fab_bg_pressed">H7_ACCENT_COLOR</color>
    
    
    
    
    
    
    
    
    <color name="emui_functional_blue">H7_ACCENT_COLOR</color>
    <color name="emui_functional_blue_inverse">H7_ACCENT_COLOR</color>
    
    
    
    
    
    
    <color name="emui_start_color">H7_ACCENT_COLOR</color>
    <color name="emui_subtab_bg">H7_BACKGROUND</color>
    <color name="emui_subtab_line_on">H7_ACCENT_COLOR</color>
    
    <color name="emui_subtab_text_on">H7_ACCENT_COLOR</color>
    
    <color name="emui_text_highlight_inverse">H7_ACCENT_COLOR_DISABLED</color>
    
    
    
    
    
    
    
    <color name="emui_toast_bg">H7_ACTIONBAR</color>
    <color name="emui_toolbar_bg">H7_ACTIONBAR</color>
    
    <color name="emui_toolbar_icon_actived">H7_ACCENT_COLOR</color>
    
    <color name="emui_toolbar_text_actived">H7_ACCENT_COLOR</color>
<!--    <color name="emui_white">#E6E6E6</color>-->
    
    
    
    
    
    
    
    

    <!-- hwalphaindexerlistview -->
    

    <!-- hwbottomnavigationview -->
    
    

    <!-- hwbutton -->
    <color name="hwbutton_color_emui_accent_disable">H7_ACCENT_COLOR_DISABLED</color>
    
    
    <color name="hwbutton_functional_blue_disable">H7_ACCENT_COLOR_DISABLED</color>

    <!-- hwprogressbutton -->
    
    

    <!-- hwsearchview -->
    
    

    <!-- HwSeekBar Colors -->
    
    

    <!--HwSwitch Colors-->
    
    

    <!-- 状态栏背景色 -->
    <color name="appgallery_color_statusbar_bg">H7_BACKGROUND</color>
    <color name="appgallery_color_appbar_bg">H7_BACKGROUND</color>
    <!-- SubTab 背景色 -->
    <color name="appgallery_color_subtab_bg">H7_BACKGROUND</color>
    <color name="appgallery_color_bottomtab_bg">H7_ACTIONBAR</color>
    <color name="appgallery_color_toolbar_bg">H7_ACTIONBAR</color>
    <!-- 导航栏背景色 -->
    <color name="appgallery_color_navigationbar_bg">H7_ACTIONBAR</color>
    <!-- EMUI10 widget aar dark end -->
    <!--AppGallery EMUI10 深色模式颜色定义 end-->

    
    <!-- 更多子项目编辑状态的背景色 -->
    <color name="appgallery_color_edit_subtab_background">H7_ACTIONBAR</color>
    <!-- 更多子项目编辑状态拖拽时的背景色 -->
    <color name="appgallery_color_edit_subtab_drag_background">H7_ACTIONBAR</color>
    <!-- 我的卡片中分割线颜色 -->
    

    <!-- 竖向多subtab背景色 #FFFFFF -->
    

    <!-- 竖向tab栏item背景色#000000 -->
    

    <!-- 系统背景色，9.0上黑色模式方案，引用颜色时有bug, 需要直接使用数值 -->
    <color name="appgallery_color_background">H7_BACKGROUND</color>

    <!-- 游戏福利社子卡片的礼包图标背景色 -->
    

    <!-- 文本高亮色 -->
    <color name="appgallery_text_color_primary_activated">H7_ACCENT_COLOR</color>

    <!--已购项目组件消费记录页面长按弹框背景色-->
    <color name="purchasehistory_popupwindow_bg">H7_ACTIONBAR</color>

    <!--白色 10%不透明度 -->
    

    <!-- 阴影布局：默认颜色 -->
    

    <!-- 带阴影卡片底板背景色 -->
    <color name="appgallery_shadow_card_background_color">H7_ACTIONBAR</color>

    <!-- 个人信息背景色 -->
    <color name="personal_mine_info_bg">H7_ACTIONBAR</color>


    <!-- mygamecard -->
    <color name="appgallery_mygame_card_color">H7_ACTIONBAR</color>

    <!--探索小图卡片一级标题标签底色-->
    
    <!--探索大图卡片背景底色-->
    

    <!--下载管理页面item长按弹框背景色-->
    <color name="permit_app_kit_long_click_popup_bg">H7_ACTIONBAR</color>
    <!--标签文字颜色 80%透明度 黑色主题-->
    
    <!-- 系统辅助背景色 -->
    <color name="appgallery_color_sub_background">H7_BACKGROUND</color>
    <!-- 卡片化背景 -->
    <color name="appgallery_color_card_panel_bg">H7_ACTIONBAR</color>
    <!-- 点击效果默认颜色 -->
    
    <!--莫兰迪颜色1-Dark-->
    
    <!--莫兰迪颜色2-Dark-->
    
    <!--莫兰迪颜色4-Dark-->
    
    <!--莫兰迪颜色7-Dark-->
    
    <!--莫兰迪颜色9-Dark-->
    
    <!--莫兰迪颜色11-Dark-->
    
    <!-- 交互归一：悬停状态颜色 -->
    
    <!-- 交互归一：焦点状态边框颜色 -->
    <color name="appgallery_control_focused_outline">H7_ACCENT_COLOR</color>
    <!-- 交互归一：激活状态颜色 -->
    <color name="appgallery_color_text_highlight">H7_ACCENT_COLOR_DISABLED</color>

    <!-- 论坛热点卡片小圆点适配黑色主题的颜色 -->
    
    <!-- 论坛热点卡片背板色适配黑色主题 -->
    <color name="hotspot_card_bg">H7_ACTIONBAR</color>
    <!-- 图片占位图色值 -->
    <color name="appgallery_placeholder_img_color">H7_ACTIONBAR</color>
	
	
	
	
	    
    <color name="adp0_bg_end_color">H7_ACCENT_COLOR_DISABLED</color>
    <color name="adp0_bg_start_color">H7_ACCENT_COLOR_DISABLED</color>
    
    
    
    
    <color name="appcomment_backgound_gray">H7_BACKGROUND</color>
    
    <color name="appcomment_default_bg">H7_ACTIONBAR</color>
    
    
    <color name="appcommon_mine_sub_divider_color">H7_ACTIONBAR</color>
    
    
    
    
    
    
    <color name="appgallery_color_edit_subtab_background">H7_ACTIONBAR</color>
    <color name="appgallery_color_edit_subtab_drag_background">H7_ACTIONBAR</color>
    
    <color name="appgallery_mygame_card_color">H7_ACTIONBAR</color>
    <color name="appgallery_placeholder_img_color">H7_ACTIONBAR</color>
    <color name="appgallery_shadow_card_background_color">H7_ACTIONBAR</color>
    <color name="approve_text_color">H7_ACCENT_COLOR</color>
    <color name="backgound_0064cc">H7_ACCENT_COLOR</color>
    <color name="backgound_fcfcfc">H7_BACKGROUND</color>
    <color name="backgound_gray">H7_BACKGROUND</color>
    <color name="bigbuoy_backgroud">H7_BACKGROUND</color>
    
    
    
    
    
    
    
    
    <color name="black_alpha_8">H7_ACTIONBAR</color>
    <color name="blue_text_007dff">H7_ACCENT_COLOR</color>
    <color name="blue_text_007dff_alpha_20">H7_ACCENT_COLOR_DISABLED</color>
    <color name="blue_text_007dff_subtab">H7_ACCENT_COLOR</color>
    
    <color name="button_text_color">H7_ACCENT_COLOR</color>
    
    <color name="category_button_select_unpressed">H7_ACCENT_COLOR</color>
    <color name="category_button_unselect">#H7_ACTIONBAR</color>
    
    
    <color name="choose_location_selected_color">H7_ACCENT_COLOR_DISABLED</color>
    
    
    
    <color name="detail_dowanload_progressbar_color">H7_ACCENT_COLOR</color>
    <color name="detail_downloadbutton_processing">H7_ACCENT_COLOR_DISABLED</color>
    
    
    <color name="detail_navigator_selected">H7_ACCENT_COLOR</color>
    <color name="detail_navigator_selected_split">H7_ACCENT_COLOR_DISABLED</color>
    
    
    
    <color name="editor_cursor_light">H7_ACCENT_COLOR</color>
    
    
    <color name="emui_accent">H7_ACCENT_COLOR</color>
    <color name="emui_accent_pressed">H7_ACCENT_COLOR</color>
    <color name="emui_activated">H7_ACCENT_COLOR</color>
    <color name="emui_activated_end">H7_ACCENT_COLOR</color>
    <color name="emui_activated_start">H7_ACCENT_COLOR</color>
    <color name="emui_appbar_bg">H7_BACKGROUND</color>
    
    
    <color name="emui_appbar_subbg">H7_BACKGROUND</color>
    
    
    
    
    <color name="emui_basetitle_color">H7_ACTIONBAR</color>
    
    <color name="emui_bottombar_bg">H7_BACKGROUND</color>
    <color name="emui_bottombar_bg_blur">H7_BACKGROUND</color>
    
    
    
    <color name="emui_bottombar_icon_on">H7_ACCENT_COLOR</color>
    <color name="emui_bottombar_icon_on_auxcolor_02">H7_ACCENT_COLOR_PRESS</color>
    <color name="emui_bottombar_subbg">H7_BACKGROUND</color>
    <color name="emui_bottombar_subbg_blur">H7_BACKGROUND</color>
    
    <color name="emui_bottombar_text_on">H7_ACCENT_COLOR</color>
    <color name="emui_bottomsheet_bg">H7_ACTIONBAR</color>
    
    
    <color name="emui_card_bg">H7_ACTIONBAR</color>
    <color name="emui_card_panel_bg">H7_ACTIONBAR</color>
    <color name="emui_center_color">H7_ACCENT_COLOR</color>
    
    
    
    
    
    
    
    
    
    
    
    
    <color name="emui_color_badge">H7_ACCENT_COLOR</color>
    <color name="emui_color_bg">H7_BACKGROUND</color>
    
    
    
    
    
    
    
    
    
    
    
    
    
    
    
    
    
    <color name="emui_color_gray_1">H7_ACTIONBAR</color>
    
    <color name="emui_color_gray_2">H7_ACTIONBAR</color>
    <color name="emui_color_gray_3">H7_ACTIONBAR</color>
    <color name="emui_color_gray_4">H7_ACTIONBAR</color>
    
    
    
    
    
    
    
    
    
    <color name="emui_color_subbg">H7_BACKGROUND</color>
    
    
    <color name="emui_color_text_highlight">H7_ACCENT_COLOR_DISABLED</color>
    
    
    
    
    
    
    <color name="emui_control_focused">H7_ACCENT_COLOR</color>
    <color name="emui_control_focused_outline">H7_ACCENT_COLOR</color>
    <color name="emui_control_highlight">H7_ACCENT_COLOR</color>
    
    
    
    <color name="emui_dialog_bg">H7_ACTIONBAR</color>
    <color name="emui_end_color">H7_ACCENT_COLOR</color>
    <color name="emui_fab_bg_normal">H7_ACCENT_COLOR</color>
    <color name="emui_fab_bg_pressed">H7_ACCENT_COLOR</color>
    <color name="emui_fab_shadow_end">H7_ACCENT_COLOR_DISABLED</color>
    <color name="emui_fab_shadow_start">H7_ACCENT_COLOR_DISABLED</color>
    
    
    
    <color name="emui_functional_blue">H7_ACCENT_COLOR</color>
    
    
    
    
    
    
    <color name="emui_mask_thick">H7_ACTIONBAR</color>
    
    <color name="emui_navigationbar_bg">H7_ACTIONBAR</color>
    <color name="emui_nodata">H7_BACKGROUND</color>
    
    
    
    
    
    
    
    
    <color name="emui_start_color">H7_ACCENT_COLOR</color>
    <color name="emui_subtab_bg">H7_BACKGROUND</color>
    <color name="emui_subtab_line_on">H7_ACCENT_COLOR</color>
    
    <color name="emui_subtab_text_on">H7_ACCENT_COLOR</color>
    
    
    
    
    
    
    <color name="emui_toolbar_bg">H7_BACKGROUND</color>
    
    <color name="emui_toolbar_icon_actived">H7_ACCENT_COLOR</color>
    <color name="emui_toolbar_subbg">H7_BACKGROUND</color>
    
    <color name="emui_toolbar_text_actived">H7_ACCENT_COLOR</color>
    <color name="emui_white">H7_BACKGROUND</color>
    
    
    
    
    
    
    
    
    <color name="forum_section_head_statusbar_second_change_color">H7_BACKGROUND</color>
    
    
    <color name="forum_stamp_moderator_bg">H7_ACCENT_COLOR_DISABLED</color>
    <color name="forum_user_head_bg">H7_ACTIONBAR</color>
    
    
    <color name="green_text_28c0c6">H7_ACCENT_COLOR</color>
    
    <color name="hiapp_platform_card_icon_default_color">H7_ACTIONBAR</color>
    
    
    <color name="hiappbase_navigation_bar">H7_ACTIONBAR</color>
    
    <color name="hiappbase_status_bar">H7_BACKGROUND</color>
    <color name="hotspot_card_bg">H7_ACTIONBAR</color>
    
    
    <color name="hwalphaindexerlistview_label_shadow_color">H7_BACKGROUND</color>
    
    <color name="hwbottomnavigationview_blur_color">H7_ACTIONBAR</color>
    
    
    
    
    
    
    
    
    
    
    
    
    
    
    
    
    
    
    <color name="hwspinner_list_shadow_color">H7_BACKGROUND</color>
    
    
    
    
    
    <color name="list_dialog_unselected">H7_BACKGROUND</color>
    
    
    
    <color name="normal_protocol_hyperlink">H7_ACCENT_COLOR</color>
    
    
    
    <color name="permit_app_kit_long_click_popup_bg">H7_ACTIONBAR</color>
    
    
    <color name="press_protocol_hyperlink">H7_ACCENT_COLOR</color>
    <color name="privacy_text_color">H7_ACCENT_COLOR</color>
    <color name="purchasehistory_popupwindow_bg">H7_ACTIONBAR</color>
    
    
    
    
    
    
    
    <color name="search_title_background">H7_BACKGROUND</color>
    <color name="share_bg">H7_ACTIONBAR</color>
    
    
    
    <color name="tab_background_emui5">H7_BACKGROUND</color>
    <color name="tab_bg_normal_def">H7_BACKGROUND</color>
    <color name="tab_bg_normal_def_sd">H7_BACKGROUND</color>
    
    <color name="tab_selected_line_def">H7_ACCENT_COLOR</color>
    
    <color name="tab_text_selected_def">H7_ACCENT_COLOR</color>
    <color name="tab_text_selected_def_honor">H7_ACCENT_COLOR</color>
    <color name="theme_style">H7_BACKGROUND</color>
    
    
    
    
    <color name="upsdk_color_gray_1">H7_ACTIONBAR</color>
    
    
    
    
    <color name="white_status_bar">H7_BACKGROUND</color>
    
    
    
    
    
    
    
    <color name="apk_management_cannot_install">H7_ACCENT_COLOR_DISABLED</color>
    
    
    
    
    
    <color name="detail_comment_approve_selected">H7_ACCENT_COLOR</color>
    
    <color name="detail_dowanload_progressbar_background">H7_ACCENT_COLOR_PRESS</color>
    <color name="edittext_cancel_hint_press_color">H7_ACCENT_COLOR</color>
    
    <color name="fastapp_blue_text_007dff">H7_ACCENT_COLOR</color>
    
    
    <color name="huawei_brand_color">H7_ACCENT_COLOR</color>
    
    <color name="list_background">H7_BACKGROUND</color>
    <color name="list_selector_F9F9F9">H7_ACTIONBAR</color>
    
    
    
    
    
    
    
    <color name="setting_bg_color">H7_BACKGROUND</color>
    
    <color name="title_green">H7_ACCENT_COLOR</color>
    <color name="title_green_alfpercent_15">H7_ACCENT_COLOR_DISABLED</color>
    <color name="title_green_alfpercent_5">H7_ACCENT_COLOR_DISABLED</color>
    
    <color name="updatemanager_blue_text_007dff_alpha_20">H7_ACCENT_COLOR_DISABLED</color>
    <color name="wisedist_fragment_bg">H7_BACKGROUND</color>
    
    
    
    
	
	
	
	
	
	
	
	
	
</resources>