<?xml version="1.0" encoding="utf-8"?>
<resources>
    <color name="account_bg_end">H7_ACTIONBAR</color>
    <color name="account_bg_start">H7_ACTIONBAR</color>
    <color name="activity_account">H7_BACKGROUND</color>
    <color name="color_product_list_item">H7_ACTIONBAR</color>
    <color name="color_product_obtain">H7_ACTIONBAR</color>
    <color name="color_shadow_cover_color">#32ffffff</color>
    <color name="color_shadow_gradient_end">#ff666464</color>
    <color name="color_shadow_gradient_start">#ff525253</color>
    <color name="color_shadow_pressed_gradient_end">#ff666464</color>
    <color name="color_shadow_pressed_gradient_start">#ff525253</color>
    <color name="color_shadow_pressed_shadow_color">#66414141</color>
    <color name="color_shadow_pressed_stroke_gradient_end">#b3696868</color>
    <color name="color_shadow_pressed_stroke_gradient_start">#cc696868</color>
    <color name="color_shadow_stroke_gradient_end">#b3696868</color>
    <color name="color_shadow_stroke_gradient_start">#cc696868</color>
    <color name="color_toolbar_bg">H7_ACTIONBAR</color>
    <color name="degree_color_end">#33000000</color>
    <color name="degree_color_start">#1a000000</color>
    <color name="fill_gradient_end">H7_ACTIONBAR</color>
    <color name="fill_gradient_start">H7_ACTIONBAR</color>
    <color name="inner_shadow_color">H7_BACKGROUND</color>
    <color name="product_item_label_bg">H7_ACTIONBAR</color>
    <color name="product_item_original_bg">#20FFFFFF</color>
    <color name="product_item_preferential_bg">#20FFFFFF</color>
    <color name="product_obtain_bg">H7_ACTIONBAR</color>
    <color name="product_obtain_name">#fff4deba</color>
    <color name="product_obtain_summary">#ffecc483</color>
    <color name="recorder_button_bg">H7_ACTIONBAR</color>
    <color name="recorder_button_bg_press">H7_ACTIONBAR</color>
    <color name="search_background">H7_BACKGROUND</color>
    <color name="shadow_color_end">#00000000</color>
    <color name="shadow_color_start">#30000000</color>
    <color name="text_color">#66ffffff</color>

    <color name="emui_accent">H7_ACCENT_COLOR</color>
    <color name="emui_accent_pressed">H7_ACCENT_COLOR</color>
    <color name="emui_activated">H7_ACCENT_COLOR</color>
    <color name="emui_activated_end">H7_ACCENT_COLOR</color>
    <color name="emui_activated_start">H7_ACCENT_COLOR</color>
    <color name="emui_appbar_bg">H7_BACKGROUND</color>
    <color name="emui_appbar_icon">#dbffffff</color>
    <color name="emui_appbar_icon_pressed">#dbffffff</color>
    <color name="emui_appbar_subbg">H7_BACKGROUND</color>
    <color name="emui_appbar_subtitle">#99ffffff</color>
    <color name="emui_appbar_title">#dbffffff</color>
    <color name="emui_appbar_title_off">#99ffffff</color>
    <color name="emui_badge_red">#ffd94838</color>
    <color name="emui_black">#ffe6e6e6</color>
    <color name="emui_bottombar_bg">H7_BACKGROUND</color>
    <color name="emui_bottombar_bg_blur">H7_BACKGROUND</color>
    <color name="emui_bottombar_icon_off">#33ffffff</color>
    <color name="emui_bottombar_icon_off_auxcolor_01">#3fffffff</color>
    <color name="emui_bottombar_icon_off_auxcolor_02">#66ffffff</color>
    <color name="emui_bottombar_icon_on">H7_ACCENT_COLOR</color>
    <color name="emui_bottombar_icon_on_auxcolor_02">H7_ACCENT_COLOR_PRESS</color>
    <color name="emui_bottombar_subbg">H7_BACKGROUND</color>
    <color name="emui_bottombar_subbg_blur">H7_BACKGROUND</color>
    <color name="emui_bottombar_text_off">#99ffffff</color>
    <color name="emui_bottombar_text_on">H7_ACCENT_COLOR</color>
    <color name="emui_bottomsheet_bg">H7_ACTIONBAR</color>
    <color name="emui_button_default">#19ffffff</color>
    <color name="emui_button_default_disabled">#0affffff</color>
    <color name="emui_card_bg">H7_ACTIONBAR</color>
    <color name="emui_card_panel_bg">H7_ACTIONBAR</color>
    <color name="emui_center_color">H7_ACCENT_COLOR</color>
    <color name="emui_clickeffic_default_color">#26ffffff</color>
    <color name="emui_color_1">#ff5f58c7</color>
    <color name="emui_color_10">#ffe08c3a</color>
    <color name="emui_color_11">#ffd1a738</color>
    <color name="emui_color_2">H7_ACCENT_COLOR</color>
    <color name="emui_color_3">H7_ACCENT_COLOR</color>
    <color name="emui_color_4">#ff5ba854</color>
    <color name="emui_color_5">#ff86ad53</color>
    <color name="emui_color_6">#ff8c55c2</color>
    <color name="emui_color_7">#ffd64966</color>
    <color name="emui_color_8">#ffd94838</color>
    <color name="emui_color_9">#ffdb6b42</color>
    <color name="emui_color_badge">H7_ACCENT_COLOR</color>
    <color name="emui_color_bg">H7_BACKGROUND</color>
    <color name="emui_color_connected">#ff5ba854</color>
    <color name="emui_color_divider_horizontal">#33ffffff</color>
    <color name="emui_color_fg">#ffffffff</color>
    <color name="emui_color_fg_1">#ff5550a6</color>
    <color name="emui_color_fg_10">#ff9e7349</color>
    <color name="emui_color_fg_11">#ff997e39</color>
    <color name="emui_color_fg_2">H7_ACCENT_COLOR</color>
    <color name="emui_color_fg_3">H7_ACCENT_COLOR</color>
    <color name="emui_color_fg_4">#ff5c8059</color>
    <color name="emui_color_fg_5">#ff6b8052</color>
    <color name="emui_color_fg_6">#ff634794</color>
    <color name="emui_color_fg_7">#ffa14a5c</color>
    <color name="emui_color_fg_8">#ff9c554b</color>
    <color name="emui_color_fg_9">#ff9e644f</color>
    <color name="emui_color_fg_inverse">#ffe5e5e5</color>
    <color name="emui_color_fg_inverse_disable">#ff666666</color>
    <color name="emui_color_fourth">#33ffffff</color>
    <color name="emui_color_gray_1">H7_ACTIONBAR</color>
    <color name="emui_color_gray_10">#ffe6e6e6</color>
    <color name="emui_color_gray_2">H7_ACTIONBAR</color>
    <color name="emui_color_gray_3">H7_ACTIONBAR</color>
    <color name="emui_color_gray_4">H7_ACTIONBAR</color>
    <color name="emui_color_gray_5">#4ce6e6e6</color>
    <color name="emui_color_gray_6">#ff666666</color>
    <color name="emui_color_gray_8">#ffb3b3b3</color>
    <color name="emui_color_gray_9">#ffcccccc</color>
    <color name="emui_color_handup">#ffd94838</color>
    <color name="emui_color_primary">#dbffffff</color>
    <color name="emui_color_progress">#99ffffff</color>
    <color name="emui_color_secondary">#99ffffff</color>
    <color name="emui_color_spinner_icon">#dbffffff</color>
    <color name="emui_color_subbg">H7_BACKGROUND</color>
    <color name="emui_color_subheader_divider">#19ffffff</color>
    <color name="emui_color_tertiary">#66ffffff</color>
    <color name="emui_color_text_highlight">H7_ACCENT_COLOR_PRESS</color>
    <color name="emui_color_text_primary">#dbffffff</color>
    <color name="emui_color_text_secondary">#99ffffff</color>
    <color name="emui_color_text_tertiary">#66ffffff</color>
    <color name="emui_color_tips_bg">H7_ACTIONBAR</color>
    <color name="emui_color_tooltips_bg">H7_ACTIONBAR</color>
    <color name="emui_color_warning">#ffdb6b42</color>
    <color name="emui_control_focused">H7_ACCENT_COLOR</color>
    <color name="emui_control_focused_outline">H7_ACCENT_COLOR</color>
    <color name="emui_control_highlight">H7_ACCENT_COLOR</color>
    <color name="emui_control_hover">#19ffffff</color>
    <color name="emui_control_normal">#19ffffff</color>
    <color name="emui_control_normal_disabled">#0affffff</color>
    <color name="emui_dialog_bg">H7_ACTIONBAR</color>
    <color name="emui_end_color">H7_ACCENT_COLOR</color>
    <color name="emui_fab_bg_normal">H7_ACCENT_COLOR</color>
    <color name="emui_fab_bg_pressed">H7_ACCENT_COLOR</color>
    <color name="emui_fab_shadow_end">H7_ACCENT_COLOR_DISABLED</color>
    <color name="emui_fab_shadow_start">H7_ACCENT_COLOR_DISABLED</color>
    <color name="emui_focused_color_1">#e5ffffff</color>
    <color name="emui_focused_color_2">#99ffffff</color>
    <color name="emui_focused_color_3">#66ffffff</color>
    <color name="emui_functional_blue">H7_ACCENT_COLOR</color>
    <color name="emui_functional_green">#ff007900</color>
    <color name="emui_functional_red">#ffd94838</color>
    <color name="emui_inputbox_bg">#19ffffff</color>
    <color name="emui_inputbox_subbg">#19ffffff</color>
    <color name="emui_mask_light">#99000000</color>
    <color name="emui_mask_regular">#b2000000</color>
    <color name="emui_mask_thick">#e5000000</color>
    <color name="emui_mask_thin">#66000000</color>
    <color name="emui_navigationbar_bg">#e5000000</color>
    <color name="emui_primary">#ffffffff</color>
    <color name="emui_primary_inverse">#ffe5e5e5</color>
    <color name="emui_special_color_1">#ff392f49</color>
    <color name="emui_special_color_11">#ff4a4333</color>
    <color name="emui_special_color_2">#ff343e4a</color>
    <color name="emui_special_color_4">#ff3c4b34</color>
    <color name="emui_special_color_7">#ff443038</color>
    <color name="emui_special_color_9">#ff463630</color>
    <color name="emui_start_color">H7_ACCENT_COLOR</color>
    <color name="emui_subtab_bg">H7_BACKGROUND</color>
    <color name="emui_subtab_line_on">H7_ACCENT_COLOR</color>
    <color name="emui_subtab_text_off">#99ffffff</color>
    <color name="emui_subtab_text_on">H7_ACCENT_COLOR</color>
    <color name="emui_switch_bg_off">#33000000</color>
    <color name="emui_switch_outline_off">#66ffffff</color>
    <color name="emui_text_disabled">#66ffffff</color>
    <color name="emui_text_hint">#99ffffff</color>
    <color name="emui_text_primary">#ffffffff</color>
    <color name="emui_text_primary_inverse">#ffe5e5e5</color>
    <color name="emui_textedit_cursor">H7_ACCENT_COLOR</color>
    <color name="emui_toolbar_bg">H7_BACKGROUND</color>
    <color name="emui_toolbar_icon">#dbffffff</color>
    <color name="emui_toolbar_icon_actived">H7_ACCENT_COLOR</color>
    <color name="emui_toolbar_subbg">H7_BACKGROUND</color>
    <color name="emui_toolbar_text">#dbffffff</color>
    <color name="emui_toolbar_text_actived">H7_ACCENT_COLOR</color>
    <color name="emui_white">#ffe6e6e6</color>
    <color name="hiad_activie_app_desc_color">#80ffffff</color>
    <color name="hiad_open_btn_normal_bg">#1affffff</color>
    <color name="hiad_open_btn_pressed_bg">H7_ACTIONBAR</color>
    <color name="hiad_whythisad_root_bg">#ffffffff</color>
    <color name="hwadvancedcardview_Shadow_Color_light">H7_BACKGROUND</color>
    <color name="hwbutton_color_emui_accent_disable">H7_ACCENT_COLOR_DISABLED</color>
    <color name="hwbutton_default_pressed_color_layer">#19ffffff</color>
    <color name="hwbutton_emphasize_pressed_color_layer">#19ffffff</color>
    <color name="hwbutton_functional_blue_disable">H7_ACCENT_COLOR_DISABLED</color>
    <color name="hwscrollbarview_thumb">#66ffffff</color>
    <color name="hwsearchview_color_plate_bg">#19ffffff</color>
    <color name="hwsearchview_color_plate_bg_click">#33ffffff</color>
    <color name="hwspinner_item_disabled">#66ffffff</color>
    <color name="hwspinner_list_shadow_color">H7_BACKGROUND</color>
    <color name="hwspinner_list_selector_bg_focused_emui">#191f69ff</color>
	
	    <color name="color_toolbar_bg">H7_ACTIONBAR</color>
    <color name="recorder_button_bg_press">H7_ACCENT_COLOR</color>
    <color name="recorder_button_bg">H7_ACCENT_COLOR</color>
    <color name="recorder_button_cover">#33FFFFFF</color>
    <color name="emui_accent_inverse">H7_ACCENT_COLOR</color>
    <color name="emui_appbar_icon">#DBFFFFFF</color>
    <color name="emui_appbar_icon_pressed">#DBFFFFFF</color>
    <color name="emui_appbar_subtitle">#99FFFFFF</color>
    <color name="emui_appbar_title">#DBFFFFFF</color>
    <color name="emui_appbar_title_off">#99FFFFFF</color>
    <color name="emui_badge_red">#D94838</color>
    <color name="emui_black">#E6E6E6</color>
    <color name="emui_bottombar_icon_off">#33FFFFFF</color>
    <color name="emui_bottombar_icon_off_auxcolor_01">#3FFFFFFF</color>
    <color name="emui_bottombar_icon_off_auxcolor_02">#66FFFFFF</color>
    <color name="emui_bottombar_icon_on_auxcolor_01">#CCFFFFFF</color>
    <color name="emui_bottombar_text_off">#99FFFFFF</color>
    <color name="emui_button_default">#19FFFFFF</color>
    <color name="emui_button_default_disabled">#0AFFFFFF</color>
    <color name="emui_clickeffic_default_color">#26FFFFFF</color>
    <color name="emui_color_1">#5F58C7</color>
    <color name="emui_color_10">#E08C3A</color>
    <color name="emui_color_11">#D1A738</color>
    <color name="emui_color_2">#4796C4</color>
    <color name="emui_color_3">#5AADA0</color>
    <color name="emui_color_4">#5BA854</color>
    <color name="emui_color_5">#86AD53</color>
    <color name="emui_color_6">#8C55C2</color>
    <color name="emui_color_7">#D64966</color>
    <color name="emui_color_8">#D94838</color>
    <color name="emui_color_9">#DB6B42</color>
    <color name="emui_color_bg_floating">#FFFFFFFF</color>
    <color name="emui_color_connected">#5BA854</color>
    <color name="emui_color_divider_horizontal">#33FFFFFF</color>
    <color name="emui_color_fg">#FFFFFF</color>
    <color name="emui_color_fg_1">#5550A6</color>
    <color name="emui_color_fg_10">#9E7349</color>
    <color name="emui_color_fg_11">#997E39</color>
    <color name="emui_color_fg_2">#467794</color>
    <color name="emui_color_fg_3">#4C7A73</color>
    <color name="emui_color_fg_4">#5C8059</color>
    <color name="emui_color_fg_5">#6B8052</color>
    <color name="emui_color_fg_6">#634794</color>
    <color name="emui_color_fg_7">#A14A5C</color>
    <color name="emui_color_fg_8">#9C554B</color>
    <color name="emui_color_fg_9">#9E644F</color>
    <color name="emui_color_fg_inverse">#E5E5E5</color>
    <color name="emui_color_fg_inverse_disable">#666666</color>
    <color name="emui_color_fourth">#33FFFFFF</color>
    <color name="emui_color_gray_10">#E6E6E6</color>
    <color name="emui_color_gray_5">#4CE6E6E6</color>
    <color name="emui_color_gray_6">#666666</color>
    <color name="emui_color_gray_7">#808080</color>
    <color name="emui_color_gray_8">#B3B3B3</color>
    <color name="emui_color_gray_9">#CCCCCC</color>
    <color name="emui_color_handup">#D94838</color>
    <color name="emui_color_primary">#DBFFFFFF</color>
    <color name="emui_color_progress">#99FFFFFF</color>
    <color name="emui_color_secondary">#99FFFFFF</color>
    <color name="emui_color_spinner_icon">#DBFFFFFF</color>
    <color name="emui_color_subheader_divider">#19FFFFFF</color>
    <color name="emui_color_tertiary">#66FFFFFF</color>
    <color name="emui_color_text_primary">#DBFFFFFF</color>
    <color name="emui_color_text_secondary">#99FFFFFF</color>
    <color name="emui_color_text_tertiary">#66FFFFFF</color>
    <color name="emui_color_warning">#DB6B42</color>
    <color name="emui_control_hover">#19FFFFFF</color>
    <color name="emui_control_normal">#19FFFFFF</color>
    <color name="emui_control_normal_disabled">#0AFFFFFF</color>
    <color name="emui_fab_icon">#FFFFFF</color>
    <color name="emui_fab_icon_end">#FFFFFF</color>
    <color name="emui_fab_icon_start">#FFFFFF</color>
    <color name="emui_focused_color_1">#E5FFFFFF</color>
    <color name="emui_focused_color_2">#99FFFFFF</color>
    <color name="emui_focused_color_3">#66FFFFFF</color>
    <color name="emui_functional_blue_inverse">H7_ACCENT_COLOR</color>
    <color name="emui_functional_green">#007900</color>
    <color name="emui_functional_red">#D94838</color>
    <color name="emui_inputbox_bg">#19FFFFFF</color>
    <color name="emui_inputbox_subbg">#19FFFFFF</color>
    <color name="emui_list_separator_text">#7F000000</color>
    <color name="emui_mask_regular">#B2000000</color>
    <color name="emui_mask_thick">#E5000000</color>
    <color name="emui_navigationbar_bg">#E5000000</color>
    <color name="emui_primary">#FFFFFF</color>
    <color name="emui_primary_inverse">#E5E5E5</color>
    <color name="emui_special_color_1">#392F49</color>
    <color name="emui_special_color_11">#4A4333</color>
    <color name="emui_special_color_2">#343E4A</color>
    <color name="emui_special_color_4">#3C4B34</color>
    <color name="emui_special_color_7">#443038</color>
    <color name="emui_special_color_9">#463630</color>
    <color name="emui_subtab_text_off">#99FFFFFF</color>
    <color name="emui_switch_outline_off">#66FFFFFF</color>
    <color name="emui_text_disabled">#66FFFFFF</color>
    <color name="emui_text_highlight_inverse">H7_ACCENT_COLOR_PRESS</color>
    <color name="emui_text_hint">#99FFFFFF</color>
    <color name="emui_text_hint_inverse">#99FFFFFF</color>
    <color name="emui_text_inverse_disable">#66FFFFFF</color>
    <color name="emui_text_primary">#FFFFFF</color>
    <color name="emui_text_primary_inverse">#E5E5E5</color>
    <color name="emui_text_secondary_inverse">#99FFFFFF</color>
    <color name="emui_text_tertiary_inverse">#66FFFFFF</color>
    <color name="emui_toast_bg">H7_ACTIONBAR</color>
    <color name="emui_toolbar_icon">#DBFFFFFF</color>
    <color name="emui_toolbar_text">#DBFFFFFF</color>
    <color name="emui_white">#E6E6E6</color>
    <item format="float" name="emui_disabled_alpha" type="dimen">0.4</item>
    <item format="float" name="emui_divider_alpha" type="dimen">0.1</item>
    <item format="float" name="emui_fourth_content_alpha" type="dimen">0.2</item>
    <item format="float" name="emui_highlight_bg_alpha" type="dimen">0.4</item>
    <item format="float" name="emui_normal_bg_alpha" type="dimen">0.1</item>
    <item format="float" name="emui_primary_content_alpha" type="dimen">0.86</item>
    <item format="float" name="emui_secondary_content_alpha" type="dimen">0.6</item>
    <item format="float" name="emui_tertiary_content_alpha" type="dimen">0.4</item>
    <item format="float" name="emui_tips_bg_alpha" type="dimen">0.1</item>
    <color name="product_item_original_bg">H7_ACTIONBAR</color>
    <color name="product_item_preferential_bg">H7_ACTIONBAR</color>
    <color name="product_obtain_name">#F4DEBA</color>
    <color name="product_obtain_summary">#ECC483</color>
    <color name="color_shadow_shadow_color">#ff0000</color>
    <color name="color_shadow_gradient_start">H7_ACTIONBAR</color>
    <color name="color_shadow_gradient_end">H7_BACKGROUND</color>
    <color name="color_shadow_pressed_gradient_start">H7_ACTIONBAR</color>
    <color name="color_shadow_pressed_gradient_end">H7_BACKGROUND</color>
    <color name="color_shadow_cover_color">#32FFFFFF</color>
    <color name="notification_status">#99FFFFFF</color>
</resources>