<?xml version="1.0" encoding="utf-8"?>
<resources>
    <!--<color name="record_button_normal_color">H7_ACCENT_COLOR</color>-->
    <color name="record_button_normal_actionbar_color">H7_ACCENT_COLOR</color>
    <color name="record_title_text_color">#FFFFFF</color>
    <color name="record_file_text_title_color">#80ffffff</color>
    <color name="record_listitem_title_background">#FFFFFF</color>
    <!--<color name="guide_blue_color">H7_ACCENT_COLOR</color>-->
    <!--<color name="guide_gray_color">#33ffffff</color>-->
    <color name="recorder_background_color">#707070</color>
    <!--<color name="select_line_color">H7_ACCENT_COLOR</color>-->
    <!--<color name="unselect_line_color">#33ffffff</color>-->
    <!--<color name="wave_view_tag_color">#009FFB</color>-->
    <!--<color name="record_file_text_color">#80ffffff</color>-->
    <!--<color name="record_listitem_background">#FFFFFF</color>-->
    <color name="seek_bar_background">#80ffffff</color>
    <color name="speech_circle_small_color">#FF707070</color>
    <color name="speech_circle_big_color">#707070</color>
    <color name="white_color">#707070</color>
    <color name="speech_round_circle_gray">#707070</color>
    <!--<color name="lrc_tag_highlight_color">H7_ACCENT_COLOR</color>-->
    <!--<color name="lrc_text_color">#FFFFFF</color>-->
    <color name="lrc_text_normal_color">#FFFFFF</color>
    <color name="lrc_item_time_text_color">#80FFFFFF</color>
    <color name="black_29">#80FFFFFF</color>
    <color name="black_27">#80FFFFFF</color>
    <color name="record_duration_text_color">#80FFFFFF</color>
    <color name="main_scren_progress_circle_color">#80FFFFFF</color>
    <color name="main_scren_circle_degree_background">#80FFFFFF</color>
    <color name="main_scren_circle_first_color">#80FFFFFF</color>
    <!--<color name="no_record_file_color">#80FFFFFF</color>-->
    <color name="mode_type_color">#80FFFFFF</color><!-- 50% -->
    <color name="record_tag_time_text_color">H7_ACCENT_COLOR</color>
    <!--<color name="wave_view_tag_color">H7_ACCENT_COLOR</color>-->
    <!--<color name="text_view_drawable_color">#4DFFFFFF</color>&lt;!&ndash; 30% &ndash;&gt;-->
    <color name="lrc_list_divider_color">#26FFFFFF</color>
    <color name="circle_radius_color">#707070</color>
    <color name="main_scren_circle_first_shader_color0">#33FFFFFF</color>
    <color name="main_scren_circle_first_shader_color1">#33FFFFFF</color>
    <color name="dot_shape_dark_grey_color">#80FFFFFF</color>
    <color name="dot_shape_grey_color">#4DFFFFFF</color>
    <color name="playback_speech_mask_tips_color">#80FFFFFF</color>
    <color name="tip_check_color">#80FFFFFF</color>
    <color name="gray_reveal_paint">#80FFFFFF</color>
    <!--<color name="text_highlight_color">H7_ACCENT_COLOR</color>-->
    <color name="tag_edit_background_color">#707070</color>
    <color name="edittext_background">#0dffffff</color>
    <color name="playing_cicle_unselect_color">#66FFFFFF</color>
    <color name="direction_ball_background_unselect_color">#707070</color>
	
	
    <color name="record_button_normal_color">H7_ACCENT_COLOR</color>
    <color name="record_button_normal_actionbar_color">H7_ACCENT_COLOR</color>
    <color name="record_title_text_color">#FFFFFF</color>
    <color name="record_file_text_title_color">#80ffffff</color>
    <color name="record_listitem_title_background">#FFFFFF</color>
    <color name="guide_blue_color">H7_ACCENT_COLOR</color>
    <color name="guide_gray_color">#33ffffff</color>
    <color name="recorder_background_color">H7_BACKGROUND</color>
    <color name="select_line_color">H7_ACCENT_COLOR</color>
    <color name="unselect_line_color">#33ffffff</color>
    <color name="wave_view_tag_color">H7_ACCENT_COLOR</color>
    <color name="record_file_text_color">#80ffffff</color>
    <color name="record_listitem_background">#FFFFFF</color>
    <color name="seek_bar_background">#80ffffff</color>
    <color name="speech_circle_small_color">H7_BACKGROUND</color>
    <color name="speech_circle_big_color">H7_BACKGROUND</color>
    <color name="white_color">H7_BACKGROUND</color>
    <color name="speech_round_circle_gray">H7_ACTIONBAR</color>
    <color name="lrc_tag_highlight_color">H7_ACCENT_COLOR</color>
    <color name="lrc_text_color">#FFFFFF</color>
    <color name="lrc_text_normal_color">#FFFFFF</color>
    <color name="lrc_item_time_text_color">#80FFFFFF</color>
    <color name="black_29">#80FFFFFF</color>
    <color name="black_27">#80FFFFFF</color>
    <color name="record_duration_text_color">#80FFFFFF</color>
    <color name="main_scren_progress_circle_color">#80FFFFFF</color>
    <color name="main_scren_circle_degree_background">#80FFFFFF</color>
    <color name="main_scren_circle_first_color">#80FFFFFF</color>
    <color name="no_record_file_color">#80FFFFFF</color>
    <color name="mode_type_color">#80FFFFFF</color>
    <color name="record_tag_time_text_color">H7_ACCENT_COLOR</color>
    <color name="wave_view_tag_color">H7_ACCENT_COLOR</color>
    <color name="text_view_drawable_color">#4DFFFFFF</color>
    <color name="lrc_list_divider_color">#26FFFFFF</color>
    <color name="circle_radius_color">H7_BACKGROUND</color>
    <color name="main_scren_circle_first_shader_color0">#33FFFFFF</color>
    <color name="main_scren_circle_first_shader_color1">#33FFFFFF</color>
    <color name="dot_shape_dark_grey_color">#80FFFFFF</color>
    <color name="dot_shape_grey_color">#4DFFFFFF</color>
    <color name="playback_speech_mask_tips_color">#80FFFFFF</color>
    <color name="tip_check_color">#80FFFFFF</color>
    <color name="gray_reveal_paint">#80FFFFFF</color>
    <color name="text_highlight_color">H7_ACCENT_COLOR</color>
    <color name="tag_edit_background_color">H7_BACKGROUND</color>
    <color name="edittext_background">#0dffffff</color>
    <color name="playing_cicle_unselect_color">#66FFFFFF</color>
    <color name="direction_ball_background_unselect_color">H7_BACKGROUND</color>
    <color name="recorder_button_bg_press">H7_ACTIONBAR</color>
    <color name="recorder_button_bg">#4D4D4D</color>
	
	
	
	
	
	
	
	
	
	
	
	
	<color name="emui_accent">H7_ACCENT_COLOR</color>
    <color name="emui_accent_inverse">H7_ACCENT_COLOR</color>
    <color name="emui_accent_pressed">H7_ACCENT_COLOR</color>
    <color name="emui_black">#ffe6e6e6</color>
    <color name="emui_button_default">#1affffff</color>
    <color name="emui_button_default_disabled">#0affffff</color>
    <color name="emui_card_bg">H7_ACTIONBAR</color>
    <color name="emui_clickeffic_default_color">#19ffffff</color>
    <color name="emui_color_1">#ff3f56ea</color>
    <color name="emui_color_10">#ffa56200</color>
    <color name="emui_color_11">#ff8c6800</color>
    <color name="emui_color_2">#ff007aac</color>
    <color name="emui_color_3">#ff00777e</color>
    <color name="emui_color_4">#ff007900</color>
    <color name="emui_color_5">#ff4e7800</color>
    <color name="emui_color_6">#ff8a2be2</color>
    <color name="emui_color_7">#ffe40078</color>
    <color name="emui_color_8">#ffd30003</color>
    <color name="emui_color_9">#ffba5500</color>
    <color name="emui_color_bg">H7_BACKGROUND</color>
    <color name="emui_color_connected">#ff007900</color>
    <color name="emui_color_divider_horizontal">#00ffffff</color>
    <color name="emui_color_fg">#ffffffff</color>
    <color name="emui_color_fg_inverse">#ffe5e5e5</color>
    <color name="emui_color_fg_inverse_disable">#ff616161</color>
    <color name="emui_color_gray_1">H7_ACTIONBAR</color>
    <color name="emui_color_gray_10">#ffe6e6e6</color>
    <color name="emui_color_gray_2">H7_ACTIONBAR</color>
    <color name="emui_color_gray_3">H7_ACTIONBAR</color>
    <color name="emui_color_gray_4">#ff333333</color>
    <color name="emui_color_gray_5">#4ce6e6e6</color>
    <color name="emui_color_gray_6">#ff666666</color>
    <color name="emui_color_gray_7">#ff808080</color>
    <color name="emui_color_gray_8">#ffb3b3b3</color>
    <color name="emui_color_gray_9">#ffcccccc</color>
    <color name="emui_color_handup">#ffd30003</color>
    <color name="emui_color_list_divider">#33ffffff</color>
    <color name="emui_color_primary">#a9ffffff</color>
    <color name="emui_color_secondary">#80ffffff</color>
    <color name="emui_color_subheader_divider">#19ffffff</color>
    <color name="emui_color_tertiary">#61ffffff</color>
    <color name="emui_color_text_highlight">H7_ACCENT_COLOR_PRESS</color>
    <color name="emui_color_text_primary">#a9ffffff</color>
    <color name="emui_color_text_secondary">#80ffffff</color>
    <color name="emui_color_text_tertiary">#61ffffff</color>
    <color name="emui_color_warning">#ffba5500</color>
    <color name="emui_control_highlight">H7_ACCENT_COLOR</color>
    <color name="emui_control_normal">#19ffffff</color>
    <color name="emui_control_normal_disabled">#0affffff</color>
    <color name="emui_fab_bg_normal">H7_ACCENT_COLOR</color>
    <color name="emui_fab_bg_pressed">#ff1a7be1</color>
    <color name="emui_fab_icon">#ffffffff</color>
    <color name="emui_functional_blue">H7_ACCENT_COLOR</color>
    <color name="emui_functional_blue_inverse">H7_ACCENT_COLOR</color>
    <color name="emui_functional_green">#ff007900</color>
    <color name="emui_functional_red">#ffd30003</color>
    <color name="emui_list_separator_text">#80000000</color>
    <color name="emui_primary">#ffffffff</color>
    <color name="emui_primary_inverse">#ffe5e5e5</color>
    <color name="emui_text_disabled">#61ffffff</color>
    <color name="emui_text_highlight_inverse">H7_ACCENT_COLOR_PRESS</color>
    <color name="emui_text_hint">#7fffffff</color>
    <color name="emui_text_hint_inverse">#99ffffff</color>
    <color name="emui_text_inverse_disable">#61ffffff</color>
    <color name="emui_text_primary">#ffffffff</color>
    <color name="emui_text_primary_inverse">#ffffffff</color>
    <color name="emui_text_secondary_inverse">#99ffffff</color>
    <color name="emui_text_tertiary_inverse">#61ffffff</color>
    <color name="emui_white">#ffe6e6e6</color>
	
	
	<color name="color_toolbar_bg">H7_ACTIONBAR</color>
    <color name="hwdotspageindicator_emui_gray_2">#80ffffff</color>
    <color name="hwdotspageindicator_emui_gray_3">#4dffffff</color>
    <color name="hwfab_bg">H7_ACCENT_COLOR</color>
    <color name="hwfab_icon">#ffffffff</color>
    <color name="hwfab_pressed">H7_ACCENT_COLOR</color>
    <color name="recorder_button_bg">#ff4d4d4d</color>
    <color name="recorder_button_bg_press">#ff333333</color>
	
	
	
	
	
	
	
</resources>