<?xml version="1.0" encoding="UTF-8"?><resources>
    
    
    
    
    
    
    
    
    
    <color name="text_color_now">H7_ACCENT_COLOR</color>
    
    
    <!-- dialog text mesaage color -->
    <color name="dialog_text_message_color">H7_BACKGROUND</color>
    
    
    
    
    
    
    
    
    
    
    <color name="epg_bg">H7_BACKGROUND_PRESS</color>
    <color name="white01">H7_BACKGROUND</color>
    
    <color name="tab_grey">H7_ACTIONBAR</color>
    
    
    
    
	
	
	<color name="tab_grey_remote">H7_ACTIONBAR</color>

</resources>