<?xml version="1.0" encoding="UTF-8"?><resources>
	<item type="drawable" name="notification_action_background_seletor">H7_BACKGROUND</item>
	<item type="drawable" name="notification_bg">H7_BACKGROUND</item>
	<item type="drawable" name="notification_bg_low">H7_BACKGROUND</item>
	<item type="drawable" name="notification_material_action_background">H7_BACKGROUND</item>
	<item type="drawable" name="notification_material_media_action_background">H7_BACKGROUND</item>
	<item type="drawable" name="notification_template_icon_low_bg">H7_BACKGROUND</item>
	<item type="drawable" name="screen_background_holo_dark">H7_BACKGROUND</item>
	<item type="drawable" name="screen_background_holo_light">H7_BACKGROUND</item>
	
	<color name="background_dark">H7_BACKGROUND</color>
	<color name="background_material_dark">H7_BACKGROUND</color>
	<color name="background_floating_material_dark">H7_BACKGROUND</color>
	<color name="notification_material_background_color">H7_BACKGROUND</color>


	
	
	
	
	
	
	
	
	

	
	

		
		

	
	
	

	
	
			 
	

	
	
		

	
		 
	

	
	
	 
	 
	
	
	
	
	
	 
	
	
	
	
	
	  


    <color name="accent_device_default">H7_ACCENT_COLOR</color>
    <color name="chooser_gradient_background">H7_BACKGROUND</color>
    <color name="chooser_gradient_highlight">H7_BACKGROUND</color>
    <color name="chooser_row_divider">H7_BACKGROUND</color>
    
    
    
    
    
    
    
    
    
    
    
    



	
	

	
	
	
	
	
	
	
</resources>