<?xml version="1.0" encoding="utf-8"?>

<resources>
	<color name="emui_accent">H7_ACCENT_COLOR</color>
	<color name="upsdk_category_button_select_pressed">H7_ACCENT_COLOR</color>
	<color name="upsdk_category_button_select_stroke">H7_ACCENT_COLOR_DISABLED</color>
	<color name="hwbutton_pressed">H7_ACCENT_COLOR</color>
	<color name="hwbutton_text_color_disabled_normal_emui_dark">H7_ACCENT_COLOR_DISABLED</color>
	<color name="hwbutton_text_color_normal_emui_dark">H7_ACCENT_COLOR</color>
	<color name="hwsearchview_accent_emui_pressed">H7_ACCENT_COLOR</color>
	<color name="hwbottomnav_emui_accent_dark">H7_ACCENT_COLOR</color>
	<color name="progress_color">H7_ACCENT_COLOR</color>
	<color name="private_policy_normal">H7_ACCENT_COLOR</color>
	<color name="private_policy_press">H7_ACCENT_COLOR</color>
	<color name="icon_white_bg_pressed_color">H7_ACCENT_COLOR</color>
	<color name="icon_grey_bg_defaul_color">H7_ACCENT_COLOR</color>
	<color name="icon_grey_bg_pressed_color">H7_ACCENT_COLOR</color>
	<color name="progress_button_line">H7_ACCENT_COLOR_DISABLED</color>
	<color name="progress_button_content_normal">H7_ACCENT_COLOR_DISABLED</color>
	<color name="progress_button_textcolor">H7_ACCENT_COLOR</color>
	<color name="svg_progressbar_progress_start_color">H7_ACCENT_COLOR</color>
	<color name="svg_progressbar_progress_end_color">H7_ACCENT_COLOR</color>
	<color name="shortcut_center">H7_ACCENT_COLOR</color>
	<color name="search_hot_key_change_color">H7_ACCENT_COLOR</color>
	<color name="search_hot_key_change_press_color">H7_ACCENT_COLOR_PRESS</color>
	<color name="tab_bottow_color_select">H7_ACCENT_COLOR</color>
	<color name="CS_security_setting_text_color">H7_ACCENT_COLOR</color>
	<color name="CS_blue">H7_ACCENT_COLOR</color>
	<color name="CS_password_and_welcome_color">H7_ACCENT_COLOR</color>
	<color name="CS_item_pressed">#cc8891b9</color>
	<color name="CS_textview_jump_color">H7_ACCENT_COLOR</color>
	<color name="CS_more_detail">H7_ACCENT_COLOR</color>
	<color name="CS_blue_text">H7_ACCENT_COLOR</color>
	<color name="current_text_color">H7_ACCENT_COLOR</color>
    <color name="icon_white_bg_default_color">H7_ACCENT_COLOR</color>
    <color name="progress_button_content_pressed">H7_ACCENT_COLOR_DISABLED</color>
    <color name="progress_button_content">#4d8891b9</color>
    <color name="progressbar_progress">H7_ACCENT_COLOR</color>
    <color name="svg_progressbar_progress_center_color">H7_ACCENT_COLOR</color>
    <color name="CS_steep_blue">H7_ACCENT_COLOR</color>

    <color name="toolbar_bg_color">H7_BACKGROUND_TWO</color>
    <color name="scrollbar_bg_color">H7_BACKGROUND_TWO</color>
    <color name="scrollbar_color">#33ffffff</color>
    <color name="progressbar_background">#33ffffff</color>
    <color name="progressbar_progress">#33ffffff</color>
    <color name="theme_title_color">#ffffffff</color>
    <color name="search_view_hint_color">#33ffffff</color>
    <color name="progress_bg_color">H7_ACTIONBAR</color>
    <color name="blank_view_color">H7_ACTIONBAR</color>
    <color name="theme_preview_info_title_color">#80ffffff</color>
    <color name="mask_color">#33ffffff</color>
    <color name="no_resource_svg_color">#80ffffff</color>
    <color name="more_title_press">#ffffff</color>
    <color name="search_color">#ffffff</color>
    <color name="emui_color_gray_10">#E6E6E6</color>
    <color name="list_shortcut_tab_color">#E6E6E6</color>
    <color name="tab_toolbar_color">H7_BACKGROUND_TWO</color>
    <color name="status_bar_color">H7_BACKGROUND_TWO</color>
    <color name="emui_color_gray_1">H7_BACKGROUND_TWO</color>
    <color name="line_view_bg">#33ffffff</color>
    <color name="emui_color_gray_4">#33ffffff</color>
    <color name="expandable_text_view_body_default">#E6E6E6</color>
    <color name="emui_black">#ffffff</color>
    <color name="color_ok_icon">H7_ACTIONBAR</color>
	
	
	
	
	
	
	
	
	
	
	
	
    <!--新增非换肤颜色值请加在下方，保持换肤颜色值在最顶-->
    <!--换肤暂时适配所用，后续将不再支持省电皮肤模式-->
    <color name="skin_loading_text_color">#808080</color>
    <color name="skin_tab_bg_color">H7_ACTIONBAR</color>
    <color name="skin_white_color">H7_BACKGROUND</color>
    <color name="skin_overlay_blur_color">#e6262626</color>

    <color name="toolbar_bg_color">H7_BACKGROUND</color>
    <color name="scrollbar_bg_color">#00000000</color>
    <color name="scrollbar_color">#33ffffff</color>
    <color name="progressbar_background">#33ffffff</color>
    <color name="progressbar_progress">#33ffffff</color>
    <color name="current_text_color">H7_ACCENT_COLOR</color>
    <color name="theme_title_color">#ffffffff</color>
    <color name="search_view_hint_color">#33ffffff</color>
    <color name="progress_button_line">H7_ACCENT_COLOR</color>
    <color name="progress_button_content">#4d0d9ffb</color>
    <color name="progress_bg_color">H7_ACTIONBAR</color>
    <color name="blank_view_color">H7_ACTIONBAR</color>
    <color name="theme_preview_info_title_color">#80ffffff</color>
    <color name="mask_color">#33ffffff</color>
    <color name="no_resource_svg_color">#80ffffff</color>
    <color name="more_title_press">#ffffff</color>
    <color name="search_color">#ffffff</color>
    <color name="progress_button_content_pressed">H7_ACCENT_COLOR_DISABLED</color>
    <color name="private_policy_normal">H7_ACCENT_COLOR</color>
    <color name="icon_white_bg_default_color">H7_ACCENT_COLOR</color>
    <color name="emui_color_gray_10">#E6E6E6</color>
    <color name="list_shortcut_tab_color">#E6E6E6</color>
    <color name="tab_toolbar_color">H7_BACKGROUND</color>
    <color name="status_bar_color">H7_BACKGROUND</color>
    <color name="emui_color_gray_1">H7_ACTIONBAR</color>
    <color name="emui_color_gray_7">#808080</color>
    <color name="line_view_bg">#33ffffff</color>
    <color name="emui_color_gray_4">#33ffffff</color>
    <color name="expandable_text_view_body_default">#E6E6E6</color>
    <color name="emui_black">#ffffff</color>
    <color name="emui_white">H7_BACKGROUND</color>
    <color name="more_wallpaper_textcolor">#e6e6e6</color>
    <color name="more_wallpaper_devidecolor">H7_ACTIONBAR</color>
    <color name="count_bag_color">H7_BACKGROUND</color>
    <color name="color_bottom_end_diver">#33ffffff</color>
    <color name="color_e6000000">#ffffff</color>
    <color name="color_pic_bash">#0fffffff</color>
    <color name="toolbar_progress_color">#999999</color>
    <color name="emui_color_gray_2">H7_ACTIONBAR</color>
    <color name="share_preview_bg_color">#00000000</color>
    <color name="emui_white_dialog">H7_ACTIONBAR</color>
    <color name="emui_ratingbar_black">#272727</color>
    <color name="emui_color_11">#FFBF00</color>
    <color name="emui_rating_bar_color">#ffffff</color>
    <color name="search_view_bg">#4DFFFFFF</color>
    <color name="searchview_editview_bg">#4DFFFFFF</color>
    <color name="live_font_loding_bg">#808080</color>
    <color name="color_favorites_rect">H7_ACTIONBAR</color>
    <!--账号sdk-->
    <color name="CS_emui_color_gray_10">#E6E6E6</color>
    <color name="CS_black_20_percent">#33FFFFFF</color>
    <color name="CS_black_100_percent">#ffFFFFFF</color>
    <color name="CS_black">#FFFFFF</color>
    <color name="CS_background">H7_BACKGROUND</color>
    <color name="CS_black_50_percent">#80ffffff</color>
    <color name="engine_install_state_bg">#F21A1A1A</color>
    <color name="wallpaper_detail_engine_install_state_bg">H7_ACTIONBAR</color>
    <color name="wallpaper_detail_engine_install_text_color">#989898</color>

    <color name="boutique_zone_tab_background">H7_BACKGROUND</color>
    <color name="ring_background_color">#696969</color>
    <color name="CS_panel_bg">H7_ACTIONBAR</color>
    <color name="CS_black_0_percent">#969696</color>
    <color name="hwtoolbar_status_color">H7_ACTIONBAR</color>

    <color name="home_default">H7_ACTIONBAR</color>
    <color name="home_default_brush">#4D4D4D</color>
    <color name="tab_bottow_color_navigationin_sink">H7_BACKGROUND</color>
    <color name="new_topic_back_color">H7_ACTIONBAR</color>
    <color name="title_gray">#F8F8FF</color>
    <color name="recommend_title_color">#99ffffff</color>
    <color name="recommend_subtitle_color">#ffffff</color>
    <color name="recommend_card_bg_color">H7_ACTIONBAR</color>
    <color name="hwedit_emui_black_color_alpha_30">#4CE6E6E6</color>
    <color name="hwedit_emui_edit_text_hint_color">#33ffffff</color>

    <color name="emui_functional_blue">H7_ACCENT_COLOR</color>
    <color name="hwbutton_text_emphasize_disabled">#41ffffff</color>
    <color name="hwbutton_text_emphasize_color">#D8ffffff</color>
    <color name="hwbutton_text_color">#D8ffffff</color>
    <color name="hwbutton_text_disabled">#41ffffff</color>

    <!--light theme-->
    <!--on 填充-->
    <color name="emui_accent">H7_ACCENT_COLOR</color>
    <!--对勾-->
    <color name="hwcheckbox_inner_checked_mark">#e6e6e6</color>

    <!--off 线框-->
    <color name="emui_color_gray_5">#4CE6E6E6</color>
    <!--off 填充-->
    <color name="hwcheckbox_off_mask">H7_BACKGROUND</color>

    <!--dark theme-->
    <!--dark on disable填充-->
    <color name="accent_on_disable_dark_emui">H7_ACCENT_COLOR_DISABLED</color>
    <!--dark disable对勾-->
    <color name="hwcheckbox_inner_disable_dark">#33ffffff</color>
    <!--dark off disable线框-->
    <color name="hwcheckbox_accent_off_disable_dark_emui">#19FFFFFF</color>
    <!--dark off 填充-->
    <!--<color name="emui_black">#E6E6E6</color>-->
    <!--dark on enable填充-->
    <color name="hwcheckbox_accent_on_dark_emui">H7_ACCENT_COLOR</color>
    <!--dark off线框-->
    <color name="hwcheckbox_accent_off_dark_emui">#33FFFFFF</color>
    <!--dark 对勾-->
    <color name="hwcheckbox_inner_normal_dark">#80ffffff</color>
    <!--dark 分割线-->
    <color name="divider_color">#00e6e6e6</color>
    <!--dark 评论详情页展示资源-资源描述颜色-->
    <color name="resource_description_color">#80e6e6e6</color>
    <!--dark 评论-被回复评论用户名颜色-->
    <color name="mention_user_name">#80e6e6e6</color>

    <!--问题反馈页面兼容深色皮肤-->
    <color name="feedback_text_color1">#F0F0F0</color>
    <color name="feedback_text_color2">#ADADAD</color>
    <color name="feedback_text_color3">#ADADAD</color>

    <!--云服务问题反馈SDK深色皮肤颜色-->
    <color name="feedback_sdk_problem_submit_normol_bg">#04324C</color>
    <color name="feedback_sdk_problem_submit_select_bg">#0E9FFC</color>
    <color name="feedback_sdk_problem_common_type_info_phone">#747474</color>
    <color name="feedback_sdk_problem_select_question_type">#E6E6E6</color>
    <color name="feedback_sdk_problem_question_info_bg">H7_ACTIONBAR</color>
    <color name="feedback_sdk_problem_question_info_or_phone_text">#FFFFFF</color>
    <color name="feedback_sdk_problem_question_info_or_phone_hint">#606060</color>
    <color name="feedback_sdk_problem_question_number">#676767</color>
    <color name="feedback_sdk_problem_question_max_number">#ff0000</color>
    <color name="feedback_sdk_problem_submit_text">#4F7083</color>
    <color name="feedback_sdk_problem_submit_select_text">#FFFFFF</color>
    <color name="feedback_sdk_problem_recycle_select_question_type">#E6E6E6</color>
    <color name="feedback_sdk_problem_recycle_normol_question_type_bg">#33ffffff</color>
    <color name="feedback_sdk_problem_recycle_select_question_type_bg">#07507D</color>
    <color name="feedback_sdk_problem_photo_bg">H7_ACTIONBAR</color>
    <color name="feedback_sdk_text_normal_black">#99ffffff</color>
    <color name="feedback_sdk_label_text_color_normal">#E6E6E6</color>
    <color name="feedback_sdk_text_normal_black_50">#66ffffff</color>
    <color name="feedback_sdk_common_btn_blue">H7_ACCENT_COLOR</color>
    <color name="feedback_sdk_common_black_20">#33ffffff</color>
    <color name="feedback_sdk_moreservice_text_color">#E6E6E6</color>
    <color name="feedback_sdk_moreservice_choose_text_color">#80E6E6E6</color>
    <color name="feedback_sdk_common_black_40">#66ffffff</color>
    <color name="feedback_sdk_tab_slider_bg_color_selected">H7_ACCENT_COLOR</color>
    <color name="feedback_sdk_action_bar_grey">H7_ACTIONBAR</color>
    <color name="feedback_sdk_notice_view_default_text_color">#80E6E6E6</color>
    <color name="feedback_sdk_notice_view_pad_background">H7_BACKGROUND</color>
    <color name="feedback_sdk_notice_view_background">H7_BACKGROUND</color>
    <color name="feedback_sdk_list_item_hint_text_color_normal">#4DE6E6E6</color>
    <color name="feedback_sdk_label_assist_text_color_normal">#80E6E6E6</color>
    <color name="feedback_sdk_grid_divider_color">#33E6E6E6</color>
    <color name="feedback_sdk_common_black_30">#4DE6E6E6</color>
    <color name="feedback_sdk_tab_slider_bg_color_selected_50">#800D9FFB</color>
    <color name="feedback_toggle_item_bg_color">#19FFFFFF</color>
    <color name="feedback_tab_text_color_selected_20">H7_ACCENT_COLOR_DISABLED</color>
    <!--问题反馈SDK EMUI9.0 深色主题需要添加的色值-->
    <color name="emui_clickeffic_default_color">#19FFFFFF</color>



    <!--云服务问题反馈SDK深色皮肤颜色-->
    <!--通用异常错误页面pad下的背景色-->
    <color name="faq_sdk_notice_view_pad_background">H7_BACKGROUND</color>
    <!--通用异常错误页面的背景色-->
    <color name="faq_sdk_notice_view_background">H7_BACKGROUND</color>
    <!--通用异常页面的文字颜色-->
    <color name="faq_sdk_notice_view_default_text_color">#80E6E6E6</color>
    <!--section的背景色-->
    <color name="faq_sdk_section_background_color_normal">#14ffffff</color>
    <!--section的标题文字颜色-->
    <color name="faq_sdk_section_sub_title_text_color_normal">#80E6E6E6</color>
    <!--grid 分割线颜色-->
    <color name="faq_sdk_grid_divider_color">#33E6E6E6</color>
    <!--list 分割线颜色-->
    <color name="faq_sdk_list_divider_color">#33E6E6E6</color>
    <!--list 选中状态背景色-->
    <color name="faq_sdk_list_item_selector_color">#19FFFFFF</color>
    <!--list 每个item文字颜色-->
    <color name="faq_sdk_list_item_title_text_color_normal">#E6E6E6</color>
    <!--正常文本文字颜色-->
    <color name="faq_sdk_label_text_color_normal">#E6E6E6</color>
    <!--次级文本文字颜色-->
    <color name="faq_sdk_label_assist_text_color_normal">#80E6E6E6</color>
    <!--高亮文本文字颜色-->
    <color name="faq_sdk_label_highlight_text_color_normal">H7_ACCENT_COLOR</color>
    <!--list提示文本的颜色-->
    <color name="faq_sdk_list_item_hint_text_color_normal">#4DE6E6E6</color>
    <!--主题颜色-->
    <color name="faq_sdk_action_bar_grey">H7_ACTIONBAR</color>

    <color name="faq_sdk_search_bg">#19ffffff</color>
    <color name="faq_sdk_btn_blue">H7_ACCENT_COLOR</color>
    <!--自定义分享框背景色-->
    <color name="faq_sdk_share_bg">H7_ACTIONBAR</color>
    <color name="module_base_label_text_color_normal">#E6E6E6</color>
    <color name="btn_blue">H7_ACCENT_COLOR</color>
    <color name="image_view_cover_color_normal">#0Dffffff</color>
    <color name="toggle_item_bg_color">#33FFFFFF</color>
    <color name="list_item_selector_color">#19FFFFFF</color>
    <color name="module_base_list_divider_color">#33FFFFFF</color>
    <color name="faq_sdk_category_menu_bg">H7_ACTIONBAR</color>
    <color name="faq_sdk_online_them">H7_BACKGROUND</color>

    <color name="cover_translucence_color">#99000000</color>
    <color name="color_white_alpha_20">#33000000</color>

    <!--方图背景色填充色-->
    <color name="background_fit_color_1">#E8EDF7</color>
    <color name="background_fit_color_2">#E8F5F7</color>
    <color name="background_fit_color_3">#F7EBE8</color>
    <color name="background_fit_color_4">#F3E8F7</color>
    <color name="background_fit_color_5">#F2F2F2</color>

    <!--shortcut图标颜色-->
    <color name="shortcut_main_color">#99FFFFFF</color>
    <!--shortcut背景颜色-->
    <color name="shortcut_bg_color">#4D4D4D</color>
    <!--ring图标背景颜色-->
    <color name="ring_bg_color">#FFFFFF</color>
    <!--省电皮肤 热门排行组件字体颜色-->
    <color name="emui_text_primary_inverse">#ffffff</color>
    <color name="emui_text_secondary_inverse">#99FFFFFF</color>
    <color name="emui_color_text_primary">#A9ffffff</color>
    <color name="emui_color_text_secondary">#80FFFFFF</color>
    <!--ring列表文字省电皮肤-->
    <color name="ring_text_color_primary">#E6E6E6</color>
    <color name="ring_text_color_secondary">#99ffffff</color>
    <!--排行榜文字省电皮肤-->
    <color name="ranking_text_color_primary">#E6E6E6</color>
    <color name="ranking_text_color_secondary">#96ffffff</color>
    <color name="ranking_bg_color">H7_BACKGROUND</color>
    <!--省电皮肤 更多-换一换边框颜色-->
    <color name="more_and_refresh_color">#4Dffffff</color>
    <!--社区消息背景颜色-->
    <color name="community_notice_bg_color">H7_BACKGROUND</color>

    <!--10.0.1.2 hwresources-support aar-->
    <color name="emui_accent_inverse">H7_ACCENT_COLOR</color>
    <color name="emui_accent_pressed">H7_ACCENT_COLOR</color>
    <color name="emui_button_default">#1AFFFFFF</color>
    <color name="emui_button_default_disabled">#0AFFFFFF</color>
    <color name="emui_card_bg">#404040</color>
    <color name="emui_color_1">#4d5ceb</color>
    <color name="emui_color_10">#da830b</color>
    <color name="emui_color_11">#d49f0f</color>
    <color name="emui_color_2">H7_ACCENT_COLOR</color>
    <color name="emui_color_3">#15a5ad</color>
    <color name="emui_color_4">#40ae3f</color>
    <color name="emui_color_5">#77b40f</color>
    <color name="emui_color_6">#923ae4</color>
    <color name="emui_color_7">#e20277</color>
    <color name="emui_color_8">#ed2a2b</color>
    <color name="emui_color_9">#e16808</color>
    <color name="emui_color_bg">H7_BACKGROUND</color>
    <color name="emui_color_connected">#41ba41</color>
    <color name="emui_color_divider_horizontal">#33FFFFFF</color>
    <color name="emui_color_fg">#FFFFFFFF</color>
    <color name="emui_color_fg_inverse">#E5E5E5</color>
    <color name="emui_color_gray_3">H7_ACTIONBAR</color>
    <color name="emui_color_gray_4">H7_ACTIONBAR</color>
    <color name="emui_color_gray_6">#666666</color>
    <color name="emui_color_gray_7">#808080</color>
    <color name="emui_color_gray_8">#B3B3B3</color>
    <color name="emui_color_gray_9">#CCCCCC</color>
    <color name="emui_color_handup">#FA2A2D</color>
    <color name="emui_color_list_divider">#33FFFFFF</color>
    <color name="emui_color_primary">#A9FFFFFF</color>
    <color name="emui_color_secondary">#80FFFFFF</color>
    <color name="emui_color_subheader_divider">#19FFFFFF</color>
    <color name="emui_color_tertiary">#61ffffff</color>
    <color name="emui_color_text_highlight">H7_ACCENT_COLOR_PRESS</color>
    <color name="emui_color_text_primary">#A9ffffff</color>
    <color name="emui_color_text_secondary">#80FFFFFF</color>
    <color name="emui_color_text_tertiary">#61ffffff</color>
    <color name="emui_color_warning">#FF7500</color>
    <color name="emui_control_highlight">H7_ACCENT_COLOR</color>
    <color name="emui_control_normal">#19FFFFFF</color>
    <color name="emui_control_normal_disabled">#0AFFFFFF</color>
    <color name="emui_fab_bg_normal">H7_ACCENT_COLOR</color>
    <color name="emui_fab_bg_pressed">H7_ACCENT_COLOR</color>
    <color name="emui_fab_icon">#FFFFFF</color>
    <color name="emui_functional_blue">H7_ACCENT_COLOR</color>
    <color name="emui_functional_blue_inverse">H7_ACCENT_COLOR</color>
    <color name="emui_functional_green">#3db03d</color>
    <color name="emui_functional_red">#FFFA2A2D</color>
    <color name="emui_list_separator_text">#80000000</color>
    <color name="emui_primary">#FFFFFF</color>
    <color name="emui_primary_inverse">#FFFFFF</color>
    <color name="emui_text_disabled">#61FFFFFF</color>
    <color name="emui_text_hint">#7Fffffff</color>
    <color name="emui_text_hint_inverse">#99FFFFFF</color>
    <color name="emui_text_inverse_disable">#61FFFFFF</color>
    <color name="emui_text_primary">#FFFFFF</color>
    <color name="emui_text_primary_inverse">#ffffff</color>
    <color name="emui_text_secondary_inverse">#99FFFFFF</color>
    <color name="emui_text_tertiary_inverse">#61FFFFFF</color>
    <item format="float" name="emui_disabled_alpha" type="dimen">.38</item>
    <item format="float" name="emui_divider_alpha" type="dimen">.1</item>
    <item format="float" name="emui_highlight_bg_alpha" type="dimen">.38</item>
    <item format="float" name="emui_normal_bg_alpha" type="dimen">.1</item>
    <item format="float" name="emui_primary_content_alpha" type="dimen">.66</item>
    <item format="float" name="emui_secondary_content_alpha" type="dimen">.5</item>
    <item format="float" name="emui_tertiary_content_alpha" type="dimen">.38</item>
    <item format="float" name="emui_tips_bg_alpha" type="dimen">.1</item>

    <!--hwspinner-support 10.0.0.1.2-->
    <color name="hwspinner_icon_emui">#A9FFFFFF</color>
    <color name="hwspinner_item_disabled">#40FFFFFF</color>

    <color name="designer_bg">H7_BACKGROUND</color>
    <!--发布页面Item的加号图标的背景颜色-->
    <color name="add_icon_background">#0DFFFFFF</color>
    <!-- 38% 不透明度黑色-->
    <color name="grey_color_38">#61ffffff</color>

    <!--社区感兴趣的人背景填充色-->
    <color name="community_interested_color_bg">H7_ACTIONBAR</color>

    <!-- 分类组件边框的颜色-->
    <color name="sort_bord">H7_ACTIONBAR</color>
    <!--优秀设计师推荐背景颜色-->
    <color name="professional_designer_recommend">H7_ACTIONBAR</color>
    <color name="professional_designer_cover">#4dffffff</color>
    <color name="emui_white_bg">H7_BACKGROUND</color>
    <color name="emui_black">#ffffff</color>

    <!--webview分享按钮的颜色-->
    <color name="webview_share_white_color">H7_ACTIONBAR</color>
    <!--造字首页-->
    <color name="font_make_home_page">H7_BACKGROUND</color>
    <!--20%透明度蓝色-->
    <color name="emui_accent_20_percent">H7_ACCENT_COLOR_DISABLED</color>
    <!--社区瀑布流 背景色-->
    <color name="hiad_emui_color_gray_1">#19ffffff</color>
    <!--60%黑深色皮肤下颜色-->
    <color name="hiad_60_percent_black">#99ffffff</color>
    <!--80%黑深色皮肤下颜色-->
    <color name="hiad_80_percent_black">#ccffffff</color>
    <!--我的页面 会员中心标题颜色-->
    <color name="mine_regist_title_color">#99ffffff</color>
    <!--我的页面 下方滚动视图背景色-->
    <color name="mine_scroll_bg_color">H7_BACKGROUND</color>
    <!--我的页面 会员中心副标题颜色-->
    <color name="mine_regist_subtitle_color">#61ffffff</color>
    <!--我的页面 会员中心分割线颜色-->
    <color name="mine_regist_divider_color">#33ffffff</color>
    <!--全屏隐私协议小盾牌图标颜色-->
    <color name="privacy_icon_color">H7_ACCENT_COLOR</color>
    <!--滤镜页面底部tab颜色-->
    <color name="tab_photo_filter">H7_ACTIONBAR</color>
    <color name="tab_photo_filter_press">#3b3b3b</color>

    <!--信息流帖子话题背景色-->
    <color name="topic_item_bg">H7_BACKGROUND</color>
    <!--购买会员套餐界面选中后item背景色-->
    <color name="vip_buy_package_item_bg_selected_color">#1AFFFFFF</color>
    <!--底部Tab图标+文本默认颜色，有换肤效果，请勿更名-->
    <color name="skin_tab_bottom_icon_default_color">#80ffffff</color>

    <!-- subtab 选中的颜色-->
    <color name="subtab_active_color">#E5ffffff</color>
    <!-- subtab 未选中的颜色-->
    <color name="subtab_normal_color">#99ffffff</color>
    <color name="icon_channel_color">#DBFFFFFF</color>
    <color name="hwsearchview_color_plate_bg">#19ffffff</color>
    <!--电影模板列表页卡片背景色-->
    <color name="movie_list_card_bg">H7_ACTIONBAR</color>
    <!-- 电影模板shotColor-->
    <color name="movie_shot_color">#66FFFFFF</color>
    <!--电子刊下载进度数字-->
    <color name="magazine_dialog_progress">#99ffffff</color>
    <!--排行榜图片底色-->
    <color name="category_ranking_bg_color">H7_ACTIONBAR</color>
    <!--排行榜logo底色-->
    <color name="category_ranking_theme_color">#4D4D4D</color>
    <!--贴纸更多背景色-->
    <color name="sticker_left_unselected">#1E1E1E</color>
    <!--“我的”的界面推送弹框 省点模式背景色-->
    <color name="notice_push_bg_color">#3b3b3b</color>
    <!--我的页面 社区管理背景色-->
    <color name="mine_community_management">#1AFFFFFF</color>
    <!--我的页面 社区管理title颜色-->
    <color name="mine_community_management_title">#ffffff</color>
    <!--我的页面 社区管理desc颜色-->
    <color name="mine_community_management_desc">#ffffff</color>

    <!--热门搜索结果颜色-->
    <color name="top_search_first_index">#FF787A</color>
    <color name="top_search_second_index">#FFD79D</color>
    <color name="top_search_third_index">#64C8EC</color>
    <color name="top_search_normal_index">#FFFFFF</color>
    <color name="top_search_content">#FFFCFC</color>
    <color name="top_search_desc">#E3E3E3</color>

    <!--  会员满赠记录  -->
    <color name="vip_record_full_minus">H7_ACTIONBAR</color>

</resources>
