<?xml version="1.0" encoding="UTF-8"?><resources>

    <color name="hidisk_white">H7_BACKGROUND_TWO</color>
    <color name="hidisk_white_pick_path">H7_ACTIONBAR</color>
    
    <color name="select">H7_ACCENT_COLOR</color>
    <color name="list_item_black">H7_ACTIONBAR</color>
    <!-- 下载管理 -->
    <!-- 应用管理 -->
    
    <!-- 通讯录 -->
    <color name="contact_text_black">H7_ACTIONBAR</color>
    

    <!--搜索结果分割线  add by zys 20150717 end-->
    
    
    <!-- HAP5.2 默认背景   2011-12-16 -->
    <color name="hidisk_default_background">H7_BACKGROUND_TWO</color>
    

    <!--  20120109 end -->
    
    <!-- 
    <color name="list_item_bg_selected">#3323a7d9</color>
     -->

    <color name="hidisk_list_item_bg_activiated">H7_ACCENT_COLOR</color>
    <color name="hidisk_list_item_group_bg_selected">H7_ACCENT_COLOR</color>

    <!-- DTS2011092601365  begin -->

    
    <color name="hidisk_btn_lock_bgcolor">H7_BACKGROUND_TWO</color>
    <color name="hidisk_help_paper_background">H7_ACTIONBAR</color>
    <!--UX检视使用FF3320 <color name="hidisk_control_warn_red">#ffd43e25</color> -->
    
    
    <!-- A light Holo shade of blue -->
    <color name="hidisk_progressbar_bgcolor">H7_ACCENT_COLOR</color>
    <color name="hidisk_progressbar_frontcolor">H7_ACCENT_COLOR</color>

    
    
    
    
    
    
    
    
    
    
    
    
    
    <!--超链接的颜色 -->
    <!--<color name="hidisk_autolink_color">H7_ACCENT_COLOR</color>-->
    <color name="hidisk_color_about_backgroud">H7_BACKGROUND_TWO</color>
    <color name="hidisk_color_about_backgroud_pick_path">H7_ACTIONBAR</color>
    

    <color name="hicloud_activity_bg">H7_BACKGROUND_TWO</color>
    
    <color name="hicloud_section_color">H7_ACTIONBAR</color>
    <color name="bg_color_light">H7_BACKGROUND_TWO</color>
    
    
    
    

    
    
    

    <color name="hicloud_bg_color_border">H7_ACTIONBAR</color>
    <color name="hicloud_bg_color_dark">H7_ACTIONBAR</color>
    
    

    <color name="color_loading_bottom_view_bg">H7_BACKGROUND_TWO</color>

    <color name="hidisk_color_storage_detail_background">H7_ACTIONBAR</color>

    
    

    <color name="hidisk_policy_textview_normal">H7_ACCENT_COLOR</color>
    
    <color name="hidisk_color_search_online">H7_ACCENT_COLOR</color>

    

    

    

    

    

    

    

    

    

    

    
    <!-- 搜索框输入框色值 -->
    
    
    
    

    <!-- 删除红色字体 -->

    

    <!-- 列表item按下去颜色值 -->

    

    <drawable name="list_item_bg">H7_BACKGROUND_TWO</drawable>

    <drawable name="list_header_bg">H7_BACKGROUND_TWO</drawable>

    <drawable name="activity_bg">H7_BACKGROUND_TWO</drawable>

    <!--列表item选中状态的颜色值  -->

    

    <!--蓝色title文字颜色 -->

    <color name="title_text_color">H7_ACCENT_COLOR</color>

    <!--title文字下方分割线颜色 -->

    <color name="title_divider_line">H7_ACCENT_COLOR</color>

    

    <color name="top_bar_bg_white">H7_BACKGROUND_TWO</color>

    

    

    

    

    

    

    

    <!--超链接的颜色 -->
    <color name="hidisk_autolink_color">H7_ACCENT_COLOR</color>
    <color name="blue_emui5_text">H7_ACCENT_COLOR</color>
    
    

    <!-- clone -->

    <!-- 列表item按下去和选中状态的颜色值 -->

    

    <!-- 网格点击色 -->

    

    <!-- 蓝色title文字颜色 -->

    

    <!-- 以下为手机克隆添加的 -->

    

    

    

    <color name="dialog_title_color">H7_ACCENT_COLOR</color>

    <drawable name="clone_blue_bg">H7_ACCENT_COLOR</drawable>

    

    

    

    

    

    

    <color name="black_3">H7_ACTIONBAR</color>

    

    

    <color name="blue_53">H7_ACCENT_COLOR</color>

    

    

    

    <!-- 超链接的颜色 -->

    

    <!-- 功能介绍界面详情介绍字体颜色 -->

    

    <color name="blue_color">H7_ACCENT_COLOR</color>

    <color name="blue_color_50">H7_ACCENT_COLOR_PRESS</color>

    

    

    

    

    

    <color name="blue_text_color">H7_ACCENT_COLOR</color>

    

    

    

    <!-- 备份管理界面介质选择颜色 -->

    <color name="medium_row_default_bg">H7_BACKGROUND_TWO</color>

    

    

    

    <!-- EMUI 4.0 小面积雅兰色 -->

    

    

    <!-- qrcode -->

    

    

    

    

    

    

    

    <!-- <color name="viewfinder_frame">#ff00c0ff</color> -->

    

    <color name="clone_choose_type">H7_ACTIONBAR</color>

    <color name="text_color">H7_ACCENT_COLOR</color>

    <color name="text_color_press">H7_ACCENT_COLOR</color>

    

    

    <color name="all_background_color">H7_BACKGROUND_TWO</color>

    

    

    

    

    

    

    

    

    

    <color name="hidisk_color_category_storage_layout_bg">H7_ACTIONBAR</color>
    

    
    <color name="attention_color">H7_ACCENT_COLOR</color>
    <color name="oobe_btn_pressed">H7_ACCENT_COLOR</color>
    <color name="tab_unselected_text_color">H7_ACCENT_COLOR</color>
    <color name="tab_selected_text_color2">H7_ACCENT_COLOR</color>

    <color name="attention_color_30">H7_ACCENT_COLOR_PRESS</color>

    

    <!-- 下载进度文字颜色 -->
    
    
    
    <color name="hidisk_color_download_progress_widget_background">H7_ACCENT_COLOR</color>
    <color name="hidisk_color_download_progress_widget_background_stroke">H7_ACCENT_COLOR</color>
    <color name="hidisk_color_download_progress_solid">H7_BACKGROUND_TWO</color>
    <color name="hidisk_color_download_progress_widget_secondaryprogress_stroke">H7_ACCENT_COLOR</color>
    
    <color name="hidisk_color_download_prograss">H7_ACCENT_COLOR</color>

    <!-- ffffff 20% -->
    

    <!-- ffffff 20% -->
    
    <!-- 升级SDK -->
    

    <!-- emui9.0深色主题适配 -->
    
    
    
    <color name="emui_white_bg">H7_BACKGROUND_TWO</color>
    
    
    
    
    
    
    <color name="emui_color_gray_4">H7_ACTIONBAR</color>
    <color name="emui_color_gray_3">H7_ACTIONBAR</color>
    <color name="emui_color_gray_2">H7_ACTIONBAR</color>
    <color name="emui_color_gray_1">H7_ACTIONBAR</color>
    
    
    
    
    <!--9.0分割线色值-->
    
    <!--9.0列表条目点击色值-->
    

    <!--actionbar背景色-->
    <color name="hidisk_action_bar_bg_white">H7_BACKGROUND_TWO</color>
    <color name="hidisk_action_bar_bg_gray">H7_ACTIONBAR</color>
    <!--navigationbar背景色-->
    <color name="hidisk_navigation_bar_bg_white">H7_BACKGROUND_TWO</color>
    <color name="hidisk_navigation_bar_bg_gray">H7_ACTIONBAR</color>
    <!--8.0actionbar背景色-->
    <color name="hidisk_action_bar_bg_white_8_0">H7_BACKGROUND_TWO</color>
    <color name="hidisk_action_bar_bg_gray_8_0">H7_ACTIONBAR</color>
    <!-- subtab背景 -->
    <color name="hidisk_sub_tab_bg">H7_ACTIONBAR</color>
    <!-- HwEdittext hint字体颜色 -->
    
    <!-- 压缩dialog 还原压缩文件中默认字体颜色 -->
    
    <!-- 饼图的按压 -->
    
    
    
    <!--最近更多的按压效果 -->
    
    <!--最近分隔条效果 -->
    
    <!--饼图正常状态颜色效果 -->
    <color name="hidisk_color_windowtitle_text">H7_BACKGROUND_TWO</color>

    <!--分类饼状图的颜色-->
    
    
    <!-- 云空间正常的颜色 -->
    
    
    <!-- 云空间将满，已满的颜色 -->
    
    

    <!--搜索出字体高亮颜色效果 -->
    <color name="hidisk_search_hight_light_color">H7_ACCENT_COLOR</color>
    <!-- 搜索光标的颜色-->
    <color name="hidisk_search_cursor_color">H7_ACCENT_COLOR</color>
    <color name="hidisk_search_cursor_color_8">H7_ACCENT_COLOR</color>
    <!--外部程序跳转文件管理器选择文件的actionbar title的颜色-->
    
    <!-- 文件管理8.X首页tab 大标题字体颜色 -->
    
    <color name="hidisk_color_about_stongbox">H7_ACTIONBAR</color>

    <!--HwSwitch Colors-->
    
    
    
    
    
    
    <color name="hwswitch_on_disable_dark_emui">H7_ACCENT_COLOR_DISABLED</color>
    
    
    
    <color name="hwswitch_accent_emui">H7_ACCENT_COLOR</color>
    <color name="hwswitch_accent_on_dark_emui">H7_ACCENT_COLOR</color>
    
    
    <!--HwEdittext的颜色适配-->
    
    
    <!-- 9.0异常背景色 -->
    
    <!-- 升级云存储空间点击效果颜色-->
    
    <!-- 文件管理navigation颜色-->
    <color name="hwbottomnavigationview_bg">H7_ACTIONBAR</color>
    
    <color name="hwbottomnav_blue_color">H7_ACTIONBAR</color>
    
    
    <!-- 升级云存储空间描边颜色-->
    
    <!-- hwdownloadbar颜色适配-->
    <color name="hwdownload_color">H7_ACCENT_COLOR</color>//使用了HwDownLoadWidget的需要
    
    //使用了HwDownLoadWidget的需要
    //使用了HwDownLoadWidget的t需要
    
    
    <!--hwcheckbox-->
    
    <color name="hwcheckbox_off_mask">H7_BACKGROUND_TWO</color>
    <color name="accent_on_disable_dark_emui">H7_ACCENT_COLOR_DISABLED</color>
    
    
    <color name="hwcheckbox_accent_on_dark_emui">H7_ACCENT_COLOR</color>
    
    
    <!-- EMUI Secondary Colors hwresource-->
    
    
    
    
    
    
    
    
    
    
    
    <!--HwSpinner Colors-->
    
    
    
    
    
    
    
    
    
    
    
    <color name="hwspinner_accent_emui_dark">H7_ACCENT_COLOR</color>
    
    
    <color name="hwspinner_accent_emui_emphasize_disabled">H7_ACCENT_COLOR_DISABLED</color>
    
    <color name="hwspinner_accent_emui_emphasize">H7_ACCENT_COLOR</color>
    
    
    
    
    
    <!--深色主题是30%透明度-->
    

    <!--账号sdk-->
    
    
    
    
    <color name="CS_background">H7_BACKGROUND_TWO</color>
    
    <!--本地空间进度条颜色-->
    
    <!--文件管理图片描边背景色-->
    

    <!--文件管理器我的tab卡片信息-->
    

    <!--light theme-->
    <!--on 外圈填充-->
    <color name="emui_accent">H7_ACCENT_COLOR</color>
    <!--on 内圈填充-->
    
    <!--on 内圈填充阴影-->
    
    <!--off 外框-->
    
    <!--off 内部填充-->
    <color name="hwradiobutton_off_mask">H7_BACKGROUND_TWO</color>
    
    
    <!--animation end color-->
    
    

    <!--emui10.0 ux适配-->
    <color name="emui10_colorForeground_20">H7_ACTIONBAR</color>
    
    <color name="emui10_colorAccent">H7_ACCENT_COLOR</color>
    
    
    
    <color name="emui10_textColorPrimaryActivated">H7_ACCENT_COLOR</color>
    <color name="emui10_textColorLink">H7_ACCENT_COLOR</color>
    
    

    
    <color name="emui10_colorBackground">H7_BACKGROUND_TWO</color>
    
    
    
    
    
    
    <!--emui10.0 ux适配-->

    
    
    <!-- 沉浸式效果 statusbar 黑色透明底色 -->
    
    <!-- 试试深度搜索高亮字体颜色 -->
    <color name="emui10_tabTextActive">H7_ACCENT_COLOR</color>
    
    <!--HwSubTab深色主题适配-->
    <color name="hwsubtab_emui_color_bg">H7_BACKGROUND_TWO</color>
    <color name="hwsubtab_emui_subtab_text_on">H7_ACCENT_COLOR</color>
    
    <color name="hwsubtab_indicator_color">H7_ACCENT_COLOR</color>
    

    <color name="emui_accent_inverse">H7_ACCENT_COLOR</color>
    <color name="emui_accent_pressed">H7_ACCENT_COLOR</color>
    
    
    <color name="emui_color_bg">H7_BACKGROUND_TWO</color>
    
    
    
    
    
    
    
    
    
    <color name="emui_color_text_highlight">H7_ACCENT_COLOR_DISABLED</color>
    
    
    
    
    <color name="emui_control_highlight">H7_ACCENT_COLOR</color>
    
    
    <color name="emui_functional_blue_inverse">H7_ACCENT_COLOR</color>
    
    
    
    
    
    
    
    
    
    

    <!--花币卡 end-->

    <!-- hwbutton-10.0.0.5 -->
    <color name="emui_functional_blue_disable">H7_ACCENT_COLOR_DISABLED</color>
    
    <!-- hwbutton-10.0.0.5 -->

    
    

    <!-- hwresources-10.0.0.5 -->
    <!-- System Color -->
    
    
    <color name="emui_color_bg">H7_BACKGROUND_TWO</color>
    <color name="emui_accent_inverse">H7_ACCENT_COLOR</color>
    
    
    
    <!-- Widget Color -->
    
    
    
    
    <color name="emui_fab_bg_normal">H7_ACCENT_COLOR</color>
    <color name="emui_fab_bg_pressed">H7_ACCENT_COLOR</color>
    <color name="emui_card_bg">H7_ACTIONBAR</color>
    
    <!-- Other Color -->
    
    
    <color name="emui_functional_blue_inverse">H7_ACCENT_COLOR</color>
    <color name="emui_control_highlight">H7_ACCENT_COLOR</color>
    <color name="emui_accent_pressed">H7_ACCENT_COLOR</color>
    
    
    
    
    <!-- Icon Color -->
    
    
    
    
    <!-- Text Color -->
    
    
    
    
    
    
    
    <color name="emui_color_text_highlight">H7_ACCENT_COLOR_DISABLED</color>
    
    
    <!-- alpha define dark -->
    
    
    
    
    
    
    
    
    <!-- hwresources-10.0.0.5 -->

    <!--文件管理我的卡片颜色-->
    
    
    
    

    <!--文件管理器面包屑字体颜色-->
    
    
    
    
    

    <!-- 保密柜忘记密码页面背景色 -->
    <color name="hidisk_settingBackcolor">H7_BACKGROUND_TWO</color>

    
    
    

    <color name="hidisk_popupwindow_background">H7_ACTIONBAR</color>
    <!--UX要求黑色主题下，弹窗没有阴影效果-->
    
    
    
    
    
    

    <color name="hicloud_main_back_start">H7_BACKGROUND_TWO</color>
    <color name="hicloud_main_back_end">H7_BACKGROUND_TWO</color>

    <color name="storage_manage_bg">H7_ACTIONBAR</color>
    <color name="storage_manage_bar_bd">H7_BACKGROUND_TWO</color>

    <!--问题与反馈服务sdk黑色主题-->
    
    

    
    
    <color name="feedback_sdk_problem_question_info_bg">H7_ACTIONBAR</color>
    
    
    
    
    
    

    
    
    
    <color name="feedback_sdk_problem_photo_bg">H7_ACTIONBAR</color>
    
    
    
    <color name="feedback_sdk_common_btn_blue">H7_ACCENT_COLOR</color>
    
    
    
    
    <color name="feedback_sdk_tab_slider_bg_color_selected">H7_ACCENT_COLOR</color>
    <color name="feedback_sdk_action_bar_grey">H7_ACTIONBAR</color>
    
    <color name="feedback_sdk_notice_view_pad_background">H7_BACKGROUND_TWO</color>
    <color name="feedback_sdk_notice_view_background">H7_BACKGROUND_TWO</color>
    
    
    
    
    <color name="feedback_sdk_tab_slider_bg_color_selected_50">H7_ACCENT_COLOR_PRESS</color>

    
    <color name="feedback_tab_text_color_selected_20">H7_ACCENT_COLOR_DISABLED</color>

    
    
    
    

    <color name="hicloud_main_actionbar_background_color_scroll_5_0">H7_BACKGROUND_TWO</color>
    <color name="hicloud_main_actionbar_background_color_scroll_9_0">H7_BACKGROUND_TWO</color>
    <color name="hicloud_main_actionbar_background_color_scroll_10_0">H7_BACKGROUND_TWO</color>

    

    
    <!--下拉刷新结果提示信息颜色-->
    

    
    <!-- 9.x深色适配   查找手机顶部圆形背景颜色-->
    <color name="ph_blue_bg_circle">H7_ACCENT_COLOR</color>
    
    
    <!--云备份默认初始状态颜色-->
    
    <!--云备份默认关闭状态颜色-->
    
    <!--云备份失败状态颜色-->
    
    <!--黑色背景下 备份记录提示颜色-->
    

    

    <color name="hidisk_browser_grid_item_bg">H7_ACTIONBAR</color>
    
    

    <!--黑色背景下蒙层颜色-->
    

    
    
    

    <!--云备份三个按钮弹框非强调按钮的深色模式点击效果-->
    
    

    <color name="mine_card_background_color_default">H7_ACTIONBAR</color>
    
    
    
    
    
    

    
    <!--升级云空间会员卡片-->
    
    
    

    <color name="search_content_normal_color">H7_ACCENT_COLOR</color>
    <color name="search_content_pressed_color">H7_ACCENT_COLOR_PRESS</color>
    
    
    <color name="hidisk_quick_access_guide_background">H7_BACKGROUND_TWO</color>
    <!-- 刷新结果Tip颜色 -->
    
    <color name="refresh_tip_bg_color">H7_ACTIONBAR</color>
    <!-- 会员权益颜色 -->
    
    <color name="grade_card_bg_color_F6F6F6">H7_BACKGROUND_TWO</color>
    <color name="actionbar_bg_gold_start">H7_BACKGROUND_TWO</color>
    <color name="actionbar_bg_gold_end">H7_BACKGROUND_TWO</color>
    <color name="actionbar_bg_silver_start">H7_BACKGROUND_TWO</color>
    <color name="actionbar_bg_silver_end">H7_BACKGROUND_TWO</color>
    <color name="actionbar_bg_normal_start">H7_BACKGROUND_TWO</color>
    <color name="actionbar_bg_normal_end">H7_BACKGROUND_TWO</color>
    <color name="actionbar_bg_try_start">H7_BACKGROUND_TWO</color>
    <color name="actionbar_bg_try_end">H7_BACKGROUND_TWO</color>
    <color name="actionbar_bg_default_start">H7_BACKGROUND_TWO</color>
    <color name="actionbar_bg_default_end">H7_BACKGROUND_TWO</color>
    
    
    
    
    
    
    
    
    
    <color name="diamond_right_item_select_color">H7_ACTIONBAR</color>
    <color name="diamond_right_background_color">H7_BACKGROUND_TWO</color>

    <!-- 存储部分进度条颜色 -->
    <color name="hidisk_storage_progress_normal">H7_ACCENT_COLOR</color>
    
    
    
    
    

    <color name="voucher_dialog_bg_color">H7_ACTIONBAR</color>
    
    
    
    
    
    
    
	
    

    <color name="hidisk_emui_fab_bg">H7_ACCENT_COLOR</color>
    <color name="hidisk_emui_fab_pressed">H7_ACCENT_COLOR</color>

    <item type="drawable" name="activity_bg">H7_BACKGROUND_TWO</item>
    <item type="drawable" name="hw_screen_background_gray">H7_BACKGROUND_TWO</item>
    <item type="drawable" name="list_header_bg">H7_BACKGROUND_TWO</item>
    <item type="drawable" name="list_item_bg">H7_BACKGROUND_TWO</item>
    
    <item type="drawable" name="clone_blue_bg">H7_ACCENT_COLOR</item>
    <item type="drawable" name="grid_item_press">H7_ACCENT_COLOR_PRESS</item>
    <item type="drawable" name="item_press_bg">H7_ACCENT_COLOR_PRESS</item>
    
    <item type="drawable" name="top_bar_bg">H7_ACCENT_COLOR</item>

    <color name="hw_black">H7_BACKGROUND_TWO</color>
    
    
    
    <color name="CS_background">H7_BACKGROUND_TWO</color>
    
    
    
    
    
    
    
    
    
    
    
    
    
    
    
    
    <color name="CS_blue">H7_ACCENT_COLOR</color>
    <color name="CS_blue_text">H7_ACCENT_COLOR</color>
    
    
    
    
    
    
    
    
    
    
    
    
    <color name="CS_more_detail">H7_ACCENT_COLOR</color>
    <color name="CS_password_and_welcome_color">H7_ACCENT_COLOR</color>
    
    
    <color name="CS_textview_jump_color">H7_ACCENT_COLOR</color>
    
    
    
    
    
    <color name="album_list_bg">H7_BACKGROUND_TWO</color>
    
    <color name="attention_color_30">H7_ACCENT_COLOR_PRESS</color>
    <color name="bg_color_light">H7_BACKGROUND_TWO</color>
    
    
    
    
    
    
    
    
    
    
    
    
    
    
    
    
    
    
    
    
    
    
    
    
    
    <color name="emui_accent">H7_ACCENT_COLOR</color>
    <color name="emui_accent_inverse">H7_ACCENT_COLOR</color>
    <color name="emui_accent_pressed">H7_ACCENT_COLOR</color>
    <color name="emui_background_light">H7_ACTIONBAR</color>
    
    <color name="emui_blue_dark">H7_ACCENT_COLOR</color>
    <color name="emui_blue_light">H7_ACCENT_COLOR</color>
    
    <color name="emui_bright_foreground_light">H7_BACKGROUND_TWO</color>
    
    
    
    
    
    
    
    
    
    
    
    
    
    
    
    
    
    
    
    
    
    
    <color name="emui_color_bg">H7_BACKGROUND_TWO</color>
    
    
    
    
    
    
    <color name="emui_color_gray_1">H7_ACTIONBAR</color>
    
    <color name="emui_color_gray_2">H7_ACTIONBAR</color>
    <color name="emui_color_gray_3">H7_ACTIONBAR</color>
    
    
    
    
    
    
    
    
    
    
    
    
    
    <color name="emui_color_text_highlight">H7_ACCENT_COLOR_PRESS</color>
    
    
    
    
    <color name="emui_control_highlight">H7_ACCENT_COLOR</color>
    
    
    <color name="emui_dialog_blue_light">H7_ACCENT_COLOR</color>
    
    
    <color name="emui_fab_bg_normal">H7_ACCENT_COLOR</color>
    <color name="emui_fab_bg_pressed">H7_ACCENT_COLOR</color>
    
    <color name="emui_functional_blue">H7_ACCENT_COLOR</color>
    <color name="emui_functional_blue_inverse">H7_ACCENT_COLOR</color>
    
    
    
    
    <color name="emui_highlighted_text">H7_ACCENT_COLOR_PRESS</color>
    
    
    
    
    
    
    
    
    
    
    
    
    
    
    
    
    
    
    
    
    
    
    
    
    
    
    <color name="emui_text_highlight_inverse">H7_ACCENT_COLOR_PRESS</color>
    
    
    
    
    
    
    
    
    
    <color name="emui_time_axis_info_default">H7_ACTIONBAR</color>
    
    <color name="emui_white_bg">H7_BACKGROUND_TWO</color>
    <color name="feedback_actionbar_bg">H7_ACTIONBAR</color>
    <color name="feedback_actionbar_color_bg">H7_ACTIONBAR</color>
    
    
    
    
    
    
    
    
    <color name="feedback_detail_edit_color">H7_ACTIONBAR</color>
    
    
    
    <color name="feedback_highlight_color">H7_ACCENT_COLOR</color>
    <color name="feedback_highlight_color_disable">H7_ACCENT_COLOR_DISABLED</color>
    
    
    
    
    
    
    <color name="feedback_smarthelper_user_textview_bg">H7_ACCENT_COLOR</color>
    <color name="feedback_spannable_click_color">H7_ACCENT_COLOR_PRESS</color>
    
    
    
    
    
    
    
    
    
    
    
    <color name="hicloud_activity_bg">H7_BACKGROUND_TWO</color>
    
    
    
    
    
    <color name="hidisk_action_bar_bg_gray">H7_ACTIONBAR</color>
    <color name="hidisk_action_bar_bg_gray_8_0">H7_ACTIONBAR</color>
    <color name="hidisk_action_bar_bg_white">H7_BACKGROUND_TWO</color>
    <color name="hidisk_action_bar_bg_white_8_0">H7_BACKGROUND_TWO</color>
    
    <color name="hidisk_autolink_color">H7_ACCENT_COLOR</color>
    
    
    
    <color name="hidisk_btn_lock_bgcolor">H7_BACKGROUND_TWO</color>
    <color name="hidisk_color_about_backgroud">H7_BACKGROUND_TWO</color>
    
    
    
    
    
    
    
    
    
    
    
    
    
    
    <color name="hidisk_color_download_progress_solid">H7_BACKGROUND_TWO</color>
    <color name="hidisk_color_download_progress_widget_background">H7_ACCENT_COLOR</color>
    <color name="hidisk_color_download_progress_widget_background_solid">H7_ACCENT_COLOR_DISABLED</color>
    <color name="hidisk_color_download_progress_widget_background_stroke">H7_ACCENT_COLOR</color>
    <color name="hidisk_color_download_progress_widget_progress_solid">H7_ACCENT_COLOR_DISABLED</color>
    <color name="hidisk_color_download_progress_widget_secondaryprogress_stroke">H7_ACCENT_COLOR</color>
    
    
    
    <color name="hidisk_color_search_online">H7_ACCENT_COLOR</color>
    
    
    
    <color name="hidisk_color_windowtitle_text">H7_BACKGROUND_TWO</color>
    
    <color name="hidisk_default_background">H7_BACKGROUND_TWO</color>
    
    
    
    
    
    
    
    
    
    
    
    
    
    
    <color name="hidisk_navigation_bar_bg_gray">H7_ACTIONBAR_BLUR</color>
    <color name="hidisk_navigation_bar_bg_white">H7_ACTIONBAR_BLUR</color>
    
    
    
    
    
    
    <color name="hidisk_policy_textview_normal">H7_ACCENT_COLOR</color>
    
    
    
    
    
    <color name="hidisk_search_cursor_color">H7_ACCENT_COLOR</color>
    <color name="hidisk_search_cursor_color_8">H7_ACCENT_COLOR</color>
    <color name="hidisk_search_hight_light_color">H7_ACCENT_COLOR</color>
    
    
    
    
    
    
    <color name="hidisk_settingBackcolor">H7_BACKGROUND_TWO</color>
    <color name="hidisk_sub_tab_bg">H7_ACTIONBAR</color>
    
    
    <color name="hidisk_white">H7_BACKGROUND_TWO</color>
    
    
    
    
    <color name="hw_button_text">H7_BACKGROUND_TWO</color>
    
    
    <color name="hw_color_inverse">H7_BACKGROUND_TWO</color>
    
    
    <color name="hw_emergency_dialer_bg">H7_BACKGROUND_TWO</color>
    
    
    
    
    
    
    
    
    <color name="hw_read_bgcolor">H7_BACKGROUND_TWO</color>
    
    
    
    
    <color name="hwbottomnav_blur_color">H7_ACTIONBAR_BLUR</color>
    <color name="hwbottomnav_emui_accent">H7_ACCENT_COLOR</color>
    
    
    <color name="hwbottomnavigationview_bg">H7_ACTIONBAR_BLUR</color>
    
    
    
    
    <color name="hwcheckbox_accent_on_dark_emui">H7_ACCENT_COLOR</color>
    
    <color name="hwcheckbox_emui_black">H7_BACKGROUND_TWO</color>
    
    
    
    
    <color name="hwcheckbox_off_mask">H7_BACKGROUND_TWO</color>
    
    
    
    
    
    
    
    <color name="hwdownload_color">H7_ACCENT_COLOR</color>
    
    
    <color name="hwradiobutton_accent_on_dark_emui">H7_ACCENT_COLOR</color>
    <color name="hwradiobutton_accent_on_disable_dark_emui">H7_ACCENT_COLOR_DISABLED</color>
    
    
    
    
    
    
    
    
    
    <color name="hwsubtab_emui_color_bg">H7_BACKGROUND_TWO</color>
    
    <color name="hwsubtab_emui_subtab_text_on">H7_ACCENT_COLOR</color>
    <color name="hwsubtab_indicator_color">H7_ACCENT_COLOR</color>
    
    
    
    
    
    
    
    
    
    
    
    
    
    
    
    
    <color name="oobe_btn_pressed">H7_ACCENT_COLOR_PRESS</color>
    
    
    
    
    
    <color name="select">H7_ACCENT_COLOR</color>
    <color name="sub_tab_title_selected_emui">H7_ACCENT_COLOR</color>
    <color name="sub_tab_title_selected_pressed_emui">H7_ACCENT_COLOR</color>
    <color name="tab_selected_text_color2">H7_ACCENT_COLOR_PRESS</color>
    <color name="tab_unselected_text_color">H7_ACCENT_COLOR</color>
    
    
    
    
    
    
    
    <color name="voicemail_background_theme">H7_BACKGROUND_TWO</color>
    <color name="CS_background_801_oversea">H7_BACKGROUND_TWO</color>
    
    <color name="CS_blue_color">H7_ACCENT_COLOR</color>
    <color name="CS_blue_text_20_percent">H7_ACCENT_COLOR_DISABLED</color>
    <color name="CS_blue_text_pressed">H7_ACCENT_COLOR_PRESS</color>
    
    
    
    
    
    
    <color name="accent_emui">H7_ACCENT_COLOR</color>
    <color name="accent_emui_dark">H7_ACCENT_COLOR</color>
    
    <color name="accent_emui_emphasize">H7_ACCENT_COLOR</color>
    <color name="accent_emui_emphasize_disabled">H7_ACCENT_COLOR_DISABLED</color>
    <color name="accent_emui_emphasize_pressed">H7_ACCENT_COLOR_PRESS</color>
    <color name="accent_emui_pressed">H7_ACCENT_COLOR_PRESS</color>
    
    
    
    
    
    
    <color name="accent_on_dark_emui">H7_ACCENT_COLOR</color>
    <color name="accent_on_disable_dark_emui">H7_ACCENT_COLOR_DISABLED</color>
    <color name="accent_on_disable_emui">H7_ACCENT_COLOR_PRESS</color>
    
    
    
    <color name="all_background_color">H7_BACKGROUND_TWO</color>
    
    <color name="alphaindexer_selected_alpha_color">H7_ACCENT_COLOR</color>
    
    
    
    
    
    
    
    
    
    
    
    
    
    
    
    
    
    
    
    
    <color name="blue_emui5_text">H7_ACCENT_COLOR</color>
    <color name="blue_text_color">H7_ACCENT_COLOR</color>
    
    
    
    
    
    
    <color name="clone_app_mark_bg_color">H7_ACCENT_COLOR</color>
    
    
    <color name="cloudsetting_background_90_percent">H7_ACTIONBAR</color>
    
    
    
    
    
    
    
    
    
    
    
    <color name="cloudsetting_color_actionbar_themecolor">H7_BACKGROUND_TWO</color>
    
    <color name="cloudsetting_color_primary_theme5">H7_BACKGROUND_TWO</color>
    
    <color name="cloudsetting_dowanload_progressbar_color">H7_ACCENT_COLOR</color>
    
    
    <color name="cloudsetting_white_needchange">H7_BACKGROUND_TWO</color>
    
    
    <color name="color_loading_bottom_view_bg">H7_ACTIONBAR_BLUR</color>
    
    <color name="cs_emui_accent">H7_ACCENT_COLOR</color>
    
    
    
    
    
    
    <color name="dialog_title_color">H7_ACCENT_COLOR</color>
    
    
    
    
    
    
    
    
    
    <color name="emui_black_color_alpha_100">H7_BACKGROUND_TWO</color>
    
    
    
    
    
    
    
    
    
    
    <color name="emui_custom_panel_background">H7_BACKGROUND_TWO</color>
    <color name="emui_detail_text_pressed">H7_ACCENT_COLOR</color>
    
    
    
    <color name="emui_functional_blue_disable">H7_ACCENT_COLOR_PRESS</color>
    
    
    
    
    
    
    
    
    
    <color name="emui_master_color_11">H7_BACKGROUND_TWO</color>
    
    
    
    <color name="emui_master_color_5">H7_ACCENT_COLOR</color>
    
    
    
    
    
    
    
    
    
    
    
    
    
    
    
    
    
    
    
    
    
    
    
    
    
    
    
    
    
    
    
    
    
    
    
    
    
    
    
    
    
    
    <color name="emui_progressbar_loading_fill_color">H7_ACCENT_COLOR</color>
    
    
    
    
    
    
    
    
    
    
    
    
    
    
    
    
    
    
    
    
    
    
    <color name="fastapp_blue_text_007dff">H7_ACCENT_COLOR</color>
    
    
    
    
    
    <color name="hmspush_click_span">H7_ACCENT_COLOR</color>
    
    
    
    <color name="hwbottomnav_blue_color">H7_ACTIONBAR_BLUR</color>
    
    
    
    
    
    
    
    
    <color name="hwdotspageindicator_emui_primary">H7_ACCENT_COLOR</color>
    
    
    
    <color name="hwid_check_theme_color">H7_BACKGROUND_TWO</color>
    <color name="hwid_check_theme_dark_color">H7_BACKGROUND_TWO</color>
    
    
    
    
    <color name="hwpush_bgcolor_gray">H7_BACKGROUND_TWO</color>
    
    
    
    
    <color name="hwradiobutton_off_mask">H7_BACKGROUND_TWO</color>
    <color name="hwsearchview_accent_emui_pressed">H7_ACCENT_COLOR_PRESS</color>
    
    
    <color name="hwspinner_accent_emui_dark">H7_ACCENT_COLOR</color>
    <color name="hwspinner_accent_emui_emphasize">H7_ACCENT_COLOR</color>
    <color name="hwspinner_accent_emui_emphasize_disabled">H7_ACCENT_COLOR_DISABLED</color>
    <color name="hwspinner_accent_emui_emphasize_pressed">H7_ACCENT_COLOR_PRESS</color>
    
    
    
    
    
    
    
    
    
    
    
    
    
    
    <color name="hwswitch_accent_emui">H7_ACCENT_COLOR</color>
    
    <color name="hwswitch_accent_on_dark_emui">H7_ACCENT_COLOR</color>
    
    
    <color name="hwswitch_on_disable_dark_emui">H7_ACCENT_COLOR_DISABLED</color>
    
    
    
    
    
    <color name="hwtoolbar_background">H7_ACTIONBAR</color>
    
    
    
    
    
    <color name="iap_brandcolor">H7_ACCENT_COLOR</color>
    <color name="iap_brandcolor_7_f">H7_ACCENT_COLOR_PRESS</color>
    <color name="iap_colorPrimary">H7_ACCENT_COLOR</color>
    
    
    
    
    
    
    
    
    
    
    
    
    
    
    
    
    
    
    
    
    
    <color name="iap_common_pad_offset_bg_color">H7_BACKGROUND_TWO</color>
    
    
    <color name="iap_common_white_100">H7_BACKGROUND_TWO</color>
    
    
    
    
    
    
    
    
    <color name="iap_common_white_50">H7_ACTIONBAR</color>
    
    
    
    
    
    
    
    <color name="iap_common_white_90">H7_ACTIONBAR</color>
    
    
    
    <color name="iap_f3_color">H7_BACKGROUND_TWO</color>
    
    
    
    <color name="iap_read_card_number_anim_background">H7_BACKGROUND_TWO</color>
    <color name="iap_read_card_number_flash_background">H7_BACKGROUND_TWO</color>
    <color name="iap_selection_devide_background">H7_ACTIONBAR</color>
    
    <color name="iap_wrap_progress_background_color">H7_BACKGROUND_TWO</color>
    <color name="iap_wrap_progress_color">H7_ACCENT_COLOR</color>
    
    
    
    
    
    
    
    
    
    
    <color name="medium_row_default_bg">H7_BACKGROUND_TWO</color>
    
    
    
    
    <color name="mw_divide_bg">H7_ACCENT_COLOR</color>
    
    <color name="mw_translucent_dark_bg">H7_ACTIONBAR</color>
    <color name="navigationbar_emui_dark">H7_ACTIONBAR_BLUR</color>
    <color name="navigationbar_emui_light">H7_ACTIONBAR_BLUR</color>
    
    
    
    
    
    
    
    
    
    
    
    <color name="primary_emui_light">H7_ACTIONBAR</color>
    
    
    
    
    <color name="ql_blue_text">H7_ACCENT_COLOR</color>
    
    
    
    
    
    
    
    
    
    
    
    
    
    
    
    
    <color name="small_area_jalam">H7_ACCENT_COLOR</color>
    <color name="small_area_jalam_disable">H7_ACCENT_COLOR_PRESS</color>
    
    
    
    
    
    
    
    <color name="sns_assist_menu_normal_text_color">H7_ACCENT_COLOR</color>
    <color name="sns_assist_menu_pressed_text_color">H7_ACCENT_COLOR_PRESS</color>
    
    
    
    <color name="sns_background">H7_BACKGROUND_TWO</color>
    
    
    
    
    
    
    
    
    
    
    
    
    
    
    
    
    <color name="sns_bottom_navigation_bg_color">H7_ACTIONBAR_BLUR</color>
    <color name="sns_button_text_nomal">H7_ACCENT_COLOR</color>
    <color name="sns_button_text_pressed">H7_ACCENT_COLOR_PRESS</color>
    
    <color name="sns_chat_left_msg_bg_pressed">H7_ACTIONBAR</color>
    <color name="sns_chat_link_background">H7_ACTIONBAR</color>
    <color name="sns_chat_right_background_normal_bg">H7_ACCENT_COLOR</color>
    
    
    
    <color name="sns_check_theme_color">H7_BACKGROUND_TWO</color>
    <color name="sns_complain_notice">H7_ACCENT_COLOR</color>
    
    <color name="sns_divider_blod_color">H7_ACTIONBAR</color>
    <color name="sns_dowanload_progressbar_color">H7_ACCENT_COLOR</color>
    <color name="sns_emui4_default_color">H7_BACKGROUND_TWO</color>
    <color name="sns_fast_search_pup_num_color">H7_ACCENT_COLOR</color>
    
    
    
    
    
    
    
    <color name="sns_input_bg_color">H7_ACTIONBAR</color>
    
    
    
    <color name="sns_new_friend_background_color">H7_ACCENT_COLOR_DISABLED</color>
    <color name="sns_nickname_color">H7_ACCENT_COLOR</color>
    <color name="sns_panel_bg">H7_BACKGROUND_TWO</color>
    <color name="sns_photo_send">H7_ACCENT_COLOR</color>
    
    
    
    
    <color name="sns_search_word_color">H7_ACCENT_COLOR</color>
    
    
    <color name="sns_stop_visit_url_learn_more_press">H7_ACCENT_COLOR_PRESS</color>
    <color name="sns_stop_visit_url_learn_more_unpress">H7_ACCENT_COLOR</color>
    
    
    
    <color name="sns_tab_color_emui4_selected">H7_ACCENT_COLOR</color>
    <color name="sns_tab_color_emui5_selected">H7_ACCENT_COLOR</color>
    
    
    
    
    
    
    
    
    
    
    
    <color name="sns_zimu_bg_color">H7_ACCENT_COLOR</color>
    <color name="sns_zimu_color">H7_BACKGROUND_TWO</color>
    
    
    
    <color name="sub_tab_title_normal_emui_dark">H7_ACCENT_COLOR</color>
    
    
    <color name="sub_tab_title_normal_pressed_emui_dark">H7_ACCENT_COLOR_PRESS</color>
    
    
    <color name="sub_tab_title_selected_emui_emphasize">H7_ACCENT_COLOR_PRESS</color>
    
    <color name="sub_tab_title_selected_pressed_emui_emphasize">H7_ACCENT_COLOR_PRESS</color>
    
    
    
    
    
    <color name="switch_on_disable_dark_emui">H7_ACCENT_COLOR_DISABLED</color>
    
    
    
    
    <color name="tab_bg_normal_emui">H7_BACKGROUND_TWO</color>
    
    <color name="tab_bg_normal_emui_emphasize">H7_ACTIONBAR</color>
    
    
    
    
    
    
    <color name="tab_title_selected_emui">H7_ACCENT_COLOR</color>
    <color name="tab_title_selected_emui_dark">H7_ACCENT_COLOR</color>
    <color name="tab_title_selected_emui_emphasize">H7_ACCENT_COLOR</color>
    <color name="tab_title_selected_pressed_emui">H7_ACCENT_COLOR</color>
    
    <color name="tab_title_selected_pressed_emui_emphasize">H7_ACCENT_COLOR</color>
    
    <color name="text_color">H7_ACCENT_COLOR</color>
    <color name="text_color_press">H7_ACCENT_COLOR_PRESS</color>
    
    
    <color name="title_divider_line">H7_ACCENT_COLOR</color>
    <color name="title_text_color">H7_ACCENT_COLOR</color>
    
    
    
    
    <color name="toolbar_bg_color">H7_ACTIONBAR</color>
    <color name="top_bar_bg_white">H7_BACKGROUND_TWO</color>
    
    <color name="viewfinder_laser">H7_ACCENT_COLOR</color>
    
    
    
    
    
    
    
    
    
    
    
	
	    <color name="CS_background">H7_BACKGROUND_TWO</color>
    
    
    
    
    
    
    
    
    
    
    
    
    
    
    
    <color name="CS_blue_text">H7_ACCENT_COLOR</color>
    
    
    
    
    
    
    
    <color name="CS_more_detail">H7_ACCENT_COLOR</color>
    <color name="CS_textview_jump_color">H7_ACCENT_COLOR</color>
    
    <color name="actionbar_bg_default_end">H7_BACKGROUND_TWO</color>
    <color name="actionbar_bg_default_start">H7_BACKGROUND_TWO</color>
    <color name="actionbar_bg_gold_end">H7_BACKGROUND_TWO</color>
    <color name="actionbar_bg_gold_start">H7_BACKGROUND_TWO</color>
    <color name="actionbar_bg_normal_end">H7_BACKGROUND_TWO</color>
    <color name="actionbar_bg_normal_start">H7_BACKGROUND_TWO</color>
    <color name="actionbar_bg_silver_end">H7_BACKGROUND_TWO</color>
    <color name="actionbar_bg_silver_start">H7_BACKGROUND_TWO</color>
    <color name="actionbar_bg_try_end">H7_BACKGROUND_TWO</color>
    <color name="actionbar_bg_try_start">H7_BACKGROUND_TWO</color>
    <color name="album_list_bg">H7_BACKGROUND_TWO</color>
    <color name="attention_color">H7_ACCENT_COLOR</color>
    
    
    
    
    <color name="bg_color_light">H7_BACKGROUND_TWO</color>
    
    
    
    
    
    
    
    
    
    
    <color name="circular_progress_pro">H7_ACCENT_COLOR</color>
    
    
    
    
    
    
    
    <color name="diamond_right_background_color">H7_BACKGROUND_TWO</color>
    <color name="diamond_right_item_select_color">H7_ACTIONBAR</color>
    
    
    
    
    
    
    <color name="emui10_textColorPrimaryActivated">H7_ACCENT_COLOR</color>
    
    
    
    
    
    <color name="emui_accent">H7_ACCENT_COLOR</color>
    <color name="emui_accent_pressed">H7_ACCENT_COLOR</color>
    
    
    
    
    
    
    
    
    
    
    
    
    
    
    
    
    
    <color name="emui_color_bg">H7_BACKGROUND_TWO</color>
    
    
    
    
    <color name="emui_color_gray_1">H7_ACTIONBAR</color>
    
    <color name="emui_color_gray_2">H7_ACTIONBAR</color>
    <color name="emui_color_gray_3">H7_ACTIONBAR</color>
    <color name="emui_color_gray_4">H7_ACTIONBAR</color>
    
    
    
    
    
    
    
    
    
    
    
    
    
    
    <color name="emui_control_highlight">H7_ACCENT_COLOR</color>
    
    
    
    
    <color name="emui_fab_bg">H7_ACCENT_COLOR</color>
    <color name="emui_fab_bg_normal">H7_ACCENT_COLOR</color>
    
    
    <color name="emui_fab_shadow_end">H7_ACCENT_COLOR_PRESS</color>
    <color name="emui_fab_shadow_start">H7_ACCENT_COLOR_PRESS</color>
    
    
    
    
    
    
    
    
    
    
    
    
    
    
    
    
    
    
    
    
    
    
    <color name="emui_text_highlight_inverse">H7_ACCENT_COLOR_PRESS</color>
    
    
    
    <color name="emui_white_bg">H7_BACKGROUND_TWO</color>
    
    
    
    
    
    <color name="faq_emui_accent">H7_ACCENT_COLOR</color>
    
    
    
    <color name="faq_emui_white_bg">H7_BACKGROUND_TWO</color>
    
    
    
    
    
    
    
    
    
    
    
    <color name="feedback_sdk_notice_view_background">H7_BACKGROUND_TWO</color>
    
    <color name="feedback_sdk_notice_view_pad_background">H7_BACKGROUND_TWO</color>
    
    
    <color name="feedback_sdk_problem_question_info_bg">H7_ACTIONBAR</color>
    
    
    
    
    
    
    
    
    
    
    <color name="feedback_sdk_tab_slider_bg_color_selected">H7_ACCENT_COLOR</color>
    
    
    
    <color name="feedback_tab_text_color_selected_20">H7_ACCENT_COLOR_DISABLED</color>
    
    
    
    <color name="file_view_audio_progress_color">H7_ACCENT_COLOR</color>
    
    
    
    
    
    <color name="grade_card_bg_color_F6F6F6">H7_BACKGROUND_TWO</color>
    
    
    
    
    
    
    
    
    
    
    
    
    
    
    
    
    
    
    
    
    
    
    
    
    
    
    
    
    
    
    
    
    
    <color name="hiad_emui_white">H7_BACKGROUND_TWO</color>
    
    
    
    
    
    <color name="hicloud_activity_bg">H7_BACKGROUND_TWO</color>
    <color name="hicloud_bg_color_border">H7_ACTIONBAR</color>
    <color name="hicloud_bg_color_dark">H7_ACTIONBAR</color>
    <color name="hicloud_card_bg">H7_ACTIONBAR</color>
    
    
    
    
    
    <color name="hicloud_hmos_bg">H7_BACKGROUND_TWO</color>
    <color name="hicloud_main_actionbar_background_color_scroll_10_0">H7_BACKGROUND_TWO</color>
    <color name="hicloud_main_actionbar_background_color_scroll_5_0">H7_BACKGROUND_TWO</color>
    <color name="hicloud_main_actionbar_background_color_scroll_9_0">H7_BACKGROUND_TWO</color>
    
    
    
    
    <color name="hicloud_main_back_end">H7_BACKGROUND_TWO</color>
    <color name="hicloud_main_back_start">H7_BACKGROUND_TWO</color>
    <color name="hicloud_section_color">H7_ACTIONBAR</color>
    
    
    
    
    
    
    
    <color name="hidisk_action_bar_bg_gray">H7_ACTIONBAR</color>
    <color name="hidisk_action_bar_bg_gray_8_0">H7_ACTIONBAR</color>
    <color name="hidisk_action_bar_bg_white">H7_BACKGROUND_TWO</color>
    <color name="hidisk_action_bar_bg_white_8_0">H7_BACKGROUND_TWO</color>
    
    <color name="hidisk_autolink_color">H7_ACCENT_COLOR</color>
    
    
    <color name="hidisk_browser_grid_item_bg">H7_ACTIONBAR</color>
    <color name="hidisk_btn_lock_bgcolor">H7_BACKGROUND_TWO</color>
    <color name="hidisk_category_card_bg">H7_ACTIONBAR</color>
    <color name="hidisk_category_guide_background">H7_ACTIONBAR</color>
    <color name="hidisk_category_tab_bg">H7_BACKGROUND_TWO</color>
    <color name="hidisk_color_about_backgroud">H7_BACKGROUND_TWO</color>
    <color name="hidisk_color_about_backgroud_pick_path">H7_ACTIONBAR</color>
    <color name="hidisk_color_about_stongbox">H7_ACTIONBAR</color>
    
    
    
    
    
    
    
    
    
    
    
    
    <color name="hidisk_color_category_storage_layout_bg">H7_ACTIONBAR</color>
    
    
    <color name="hidisk_color_download_progress_solid">H7_BACKGROUND_TWO</color>
    <color name="hidisk_color_download_progress_widget_background">H7_ACCENT_COLOR</color>
    
    <color name="hidisk_color_download_progress_widget_background_stroke">H7_ACCENT_COLOR</color>
    
    <color name="hidisk_color_download_progress_widget_secondaryprogress_stroke">H7_ACCENT_COLOR</color>
    
    
    
    <color name="hidisk_color_search_online">H7_ACCENT_COLOR</color>
    
    
    <color name="hidisk_color_storage_detail_background">H7_ACTIONBAR</color>
    
    <color name="hidisk_color_white_bg">H7_BACKGROUND_TWO</color>
    <color name="hidisk_color_windowtitle_text">H7_BACKGROUND_TWO</color>
    
    <color name="hidisk_default_background">H7_BACKGROUND_TWO</color>
    
    <color name="hidisk_emui_fab_bg">H7_ACCENT_COLOR</color>
    
    <color name="hidisk_help_paper_background">H7_ACTIONBAR</color>
    
    
    
    
    
    
    
    
    
    
    
    <color name="hidisk_navigation_bar_bg_gray">H7_ACTIONBAR</color>
    <color name="hidisk_navigation_bar_bg_white">H7_BACKGROUND_TWO</color>
    
    
    
    <color name="hidisk_policy_textview_normal">H7_ACCENT_COLOR</color>
    
    
    
    
    
    
    
    
    <color name="hidisk_quick_access_guide_background">H7_BACKGROUND_TWO</color>
    
    
    
    <color name="hidisk_search_cursor_color">H7_ACCENT_COLOR</color>
    <color name="hidisk_search_cursor_color_8">H7_ACCENT_COLOR</color>
    <color name="hidisk_search_hight_light_color">H7_ACCENT_COLOR</color>
    
    
    
    
    
    <color name="hidisk_settingBackcolor">H7_BACKGROUND_TWO</color>
    
    
    <color name="hidisk_storage_progress_normal">H7_ACCENT_COLOR</color>
    
    <color name="hidisk_sub_tab_bg">H7_ACTIONBAR</color>
    
    
    
    
    
    
    <color name="hidisk_white">H7_BACKGROUND_TWO</color>
    <color name="hidisk_white_pick_path">H7_ACTIONBAR</color>
    
    
    
    <color name="hwbottomnav_blur_color">H7_ACTIONBAR</color>
    
    
    
    <color name="hwbottomnavigationview_bg">H7_ACTIONBAR</color>
    
    
    <color name="hwcheckbox_accent_on_dark_emui">H7_ACCENT_COLOR</color>
    
    
    
    <color name="hwcheckbox_off_mask">H7_BACKGROUND_TWO</color>
    
    
    
    
    
    
    <color name="hwdownload_color">H7_ACCENT_COLOR</color>
    
    
    <color name="hwradiobutton_accent_on_dark_emui">H7_ACCENT_COLOR</color>
    <color name="hwradiobutton_accent_on_disable_dark_emui">H7_ACCENT_COLOR_DISABLED</color>
    
    
    
    
    
    
    
    
    <color name="hwsubtab_emui_color_bg">H7_BACKGROUND_TWO</color>
    
    <color name="hwsubtab_emui_subtab_text_on">H7_ACCENT_COLOR</color>
    <color name="hwsubtab_indicator_color">H7_ACCENT_COLOR</color>
    
    
    
    
    
    
    
    
    
    
    
    
    <color name="mine_card_background_color_default">H7_ACTIONBAR</color>
    
    
    
    
    
    
    
    
    
    
    
    <color name="pay_activity_harmony_bg">H7_BACKGROUND_TWO</color>
    
    
    
    <color name="ph_blue_bg_circle">H7_ACCENT_COLOR</color>
    
    
    <color name="pick_path_click_color">H7_ACCENT_COLOR_DISABLED</color>
    
    
    
    
    
    
    
    
    
    
    
    <color name="select">H7_ACCENT_COLOR</color>
    
    
    
    <color name="storage_manage_bar_bd">H7_BACKGROUND_TWO</color>
    
    <color name="storage_manager_card_bg">H7_ACTIONBAR</color>
    
    <color name="sub_tab_title_selected_emui">H7_ACCENT_COLOR</color>
    <color name="sub_tab_title_selected_pressed_emui">H7_ACCENT_COLOR</color>
    
    
    
    
    
    <color name="tab_unselected_text_color">H7_ACCENT_COLOR</color>
    
    
    
    
    
    
    
    
    <color name="upsdk_color_gray_1">H7_ACTIONBAR</color>
    
    <color name="CS_background_801_oversea">H7_BACKGROUND_TWO</color>
    
    <color name="CS_blue_color">H7_ACCENT_COLOR</color>
    <color name="CS_blue_text_20_percent">H7_ACCENT_COLOR_DISABLED</color>
    
    
    
    
    
    
    
    <color name="accent_emui">H7_ACCENT_COLOR</color>
    <color name="accent_emui_dark">H7_ACCENT_COLOR</color>
    
    <color name="accent_emui_emphasize">H7_ACCENT_COLOR</color>
    <color name="accent_emui_emphasize_disabled">H7_ACCENT_COLOR_DISABLED</color>
    
    
    
    
    
    
    
    
    <color name="accent_on_dark_emui">H7_ACCENT_COLOR</color>
    <color name="accent_on_disable_dark_emui">H7_ACCENT_COLOR_DISABLED</color>
    
    
    
    
    <color name="all_background_color">H7_BACKGROUND_TWO</color>
    
    <color name="alphaindexer_selected_alpha_color">H7_ACCENT_COLOR</color>
    
    
    
    
    
    <color name="black_3">H7_ACTIONBAR</color>
    
    
    
    
    
    
    
    
    
    
    
    
    
    
    <color name="blue_emui5_text">H7_ACCENT_COLOR</color>
    <color name="blue_text_color">H7_ACCENT_COLOR</color>
    
    
    
    
    
    
    <color name="clone_app_mark_bg_color">H7_ACCENT_COLOR</color>
    <color name="clone_choose_type">H7_ACTIONBAR</color>
    
    <color name="cloudsetting_background_90_percent">H7_ACTIONBAR</color>
    
    
    
    
    
    
    
    
    
    
    
    <color name="cloudsetting_color_actionbar_themecolor">H7_BACKGROUND_TWO</color>
    
    <color name="cloudsetting_color_primary_theme5">H7_BACKGROUND_TWO</color>
    
    <color name="cloudsetting_dowanload_progressbar_color">H7_ACCENT_COLOR</color>
    
    
    <color name="cloudsetting_white_needchange">H7_BACKGROUND_TWO</color>
    <color name="code_text_color">H7_ACTIONBAR</color>
    
    <color name="color_loading_bottom_view_bg">H7_BACKGROUND_TWO</color>
    
    <color name="cs_emui_accent">H7_ACCENT_COLOR</color>
    
    
    
    
    
    
    
    
    
    
    
    
    
    
    
    
    <color name="emui_black_color_alpha_100">H7_BACKGROUND_TWO</color>
    
    
    
    
    
    
    
    
    
    
    <color name="emui_custom_panel_background">H7_BACKGROUND_TWO</color>
    <color name="emui_detail_text_pressed">H7_ACCENT_COLOR</color>
    
    
    
    
    
    
    
    
    
    
    
    <color name="emui_master_color_11">H7_BACKGROUND_TWO</color>
    
    
    
    <color name="emui_master_color_5">H7_ACCENT_COLOR</color>
    
    
    
    
    
    
    
    
    
    
    
    
    
    
    
    
    
    
    
    
    
    
    
    
    
    
    
    
    
    
    
    
    
    
    
    
    
    
    
    
    
    
    <color name="emui_progressbar_loading_fill_color">H7_ACCENT_COLOR</color>
    
    
    
    
    
    
    
    
    
    
    
    
    
    
    
    
    
    <color name="emui_white_dialog_bg">H7_ACTIONBAR</color>
    
    
    
    
    <color name="fastapp_blue_text_007dff">H7_ACCENT_COLOR</color>
    
    <color name="feedback_actionbar_bg">H7_ACTIONBAR</color>
    
    
    
    
    
    
    
    
    
    
    
    <color name="feedback_highlight_color">H7_ACCENT_COLOR</color>
    <color name="feedback_highlight_color_disable">H7_ACCENT_COLOR_DISABLED</color>
    
    
    
    
    
    
    <color name="feedback_smarthelper_user_textview_bg">H7_ACCENT_COLOR</color>
    
    
    
    
    
    
    
    
    
    
    
    
    
    
    <color name="hmspush_click_span">H7_ACCENT_COLOR</color>
    
    
    
    <color name="hwbottomnav_blue_color">H7_ACTIONBAR</color>
    
    
    
    
    
    
    <color name="hwdotspageindicator_emui_primary">H7_ACCENT_COLOR</color>
    
    
    
    <color name="hwid_check_theme_color">H7_BACKGROUND_TWO</color>
    <color name="hwid_check_theme_dark_color">H7_BACKGROUND_TWO</color>
    
    
    
    
    <color name="hwpush_bgcolor_gray">H7_BACKGROUND_TWO</color>
    
    
    
    
    <color name="hwradiobutton_off_mask">H7_BACKGROUND_TWO</color>
    
    
    
    <color name="hwspinner_accent_emui_dark">H7_ACCENT_COLOR</color>
    <color name="hwspinner_accent_emui_emphasize">H7_ACCENT_COLOR</color>
    <color name="hwspinner_accent_emui_emphasize_disabled">H7_ACCENT_COLOR_DISABLED</color>
    
    
    
    
    
    
    
    
    
    
    
    
    
    
    
    <color name="hwswitch_accent_emui">H7_ACCENT_COLOR</color>
    
    <color name="hwswitch_accent_on_dark_emui">H7_ACCENT_COLOR</color>
    
    
    <color name="hwswitch_on_disable_dark_emui">H7_ACCENT_COLOR_DISABLED</color>
    
    
    
    
    
    <color name="hwtoolbar_background">H7_ACTIONBAR</color>
    
    <color name="hwtoolbar_menu_clicked_emui">H7_ACCENT_COLOR</color>
    
    <color name="hwtoolbar_splitbackground">H7_ACTIONBAR</color>
    
    <color name="iap_brandcolor">H7_ACCENT_COLOR</color>
    <color name="iap_brandcolor_7_f">H7_ACCENT_COLOR_PRESS</color>
    <color name="iap_colorPrimary">H7_ACCENT_COLOR</color>
    
    
    
    
    
    
    
    
    
    
    
    
    
    
    
    
    
    
    
    
    
    <color name="iap_common_pad_offset_bg_color">H7_BACKGROUND_TWO</color>
    
    
    <color name="iap_common_white_100">H7_BACKGROUND_TWO</color>
    
    
    
    
    
    
    
    
    <color name="iap_common_white_50">H7_ACTIONBAR</color>
    
    
    
    
    
    
    
    <color name="iap_common_white_90">H7_ACTIONBAR</color>
    
    <color name="iap_dialog_bg_color">H7_ACTIONBAR</color>
    
    <color name="iap_f3_color">H7_BACKGROUND_TWO</color>
    
    
    
    <color name="iap_read_card_number_anim_background">H7_BACKGROUND_TWO</color>
    <color name="iap_read_card_number_flash_background">H7_BACKGROUND_TWO</color>
    <color name="iap_selection_devide_background">H7_ACTIONBAR</color>
    
    <color name="iap_wrap_progress_background_color">H7_BACKGROUND_TWO</color>
    <color name="iap_wrap_progress_color">H7_ACCENT_COLOR</color>
    
    
    
    
    
    
    
    
    
    
    <color name="medium_row_default_bg">H7_BACKGROUND_TWO</color>
    
    
    
    
    <color name="mw_divide_bg">H7_ACCENT_COLOR</color>
    
    <color name="mw_translucent_dark_bg">H7_ACTIONBAR</color>
    
    <color name="navigationbar_emui_light">H7_BACKGROUND_TWO</color>
    
    
    
    
    
    
    
    
    
    
    
    <color name="primary_emui_light">H7_ACTIONBAR</color>
    
    
    
    
    <color name="ql_blue_text">H7_ACCENT_COLOR</color>
    
    
    
    
    
    
    
    
    
    
    
    
    
    
    
    
    
    
    
    
    
    
    
    
    
    <color name="sns_assist_menu_normal_text_color">H7_ACCENT_COLOR</color>
    
    <color name="sns_assist_msg_bg_color">H7_ACTIONBAR</color>
    
    
    <color name="sns_background">H7_BACKGROUND_TWO</color>
    <color name="sns_background_90_percent">H7_ACTIONBAR</color>
    
    
    
    
    
    
    
    
    
    
    
    
    
    
    
    <color name="sns_bottom_navigation_bg_color">H7_ACTIONBAR</color>
    <color name="sns_button_text_nomal">H7_ACCENT_COLOR</color>
    
    
    <color name="sns_chat_left_msg_bg_pressed">H7_ACTIONBAR</color>
    <color name="sns_chat_link_background">H7_ACTIONBAR</color>
    <color name="sns_chat_right_background_normal_bg">H7_ACCENT_COLOR</color>
    
    
    
    <color name="sns_check_theme_color">H7_BACKGROUND_TWO</color>
    <color name="sns_complain_notice">H7_ACCENT_COLOR</color>
    
    <color name="sns_divider_blod_color">H7_ACTIONBAR</color>
    <color name="sns_dowanload_progressbar_color">H7_ACCENT_COLOR</color>
    <color name="sns_emui4_default_color">H7_BACKGROUND_TWO</color>
    <color name="sns_fast_search_pup_num_color">H7_ACCENT_COLOR</color>
    
    
    
    
    
    
    
    <color name="sns_input_bg_color">H7_ACTIONBAR</color>
    
    
    
    
    
    <color name="sns_panel_bg">H7_BACKGROUND_TWO</color>
    <color name="sns_photo_send">H7_ACCENT_COLOR</color>
    
    
    
    
    <color name="sns_search_word_color">H7_ACCENT_COLOR</color>
    
    
    
    <color name="sns_stop_visit_url_learn_more_unpress">H7_ACCENT_COLOR</color>
    
    
    
    <color name="sns_tab_color_emui4_selected">H7_ACCENT_COLOR</color>
    <color name="sns_tab_color_emui5_selected">H7_ACCENT_COLOR</color>
    
    
    
    
    <color name="sns_white">H7_ACTIONBAR</color>
    
    
    
    
    
    
    
    <color name="sns_zimu_color">H7_BACKGROUND_TWO</color>
    
    
    
    <color name="sub_tab_title_normal_emui_dark">H7_ACCENT_COLOR</color>
    
    
    <color name="sub_tab_title_normal_pressed_emui_dark">H7_ACCENT_COLOR_PRESS</color>
    
    
    
    
    
    
    
    
    
    <color name="switch_on_disable_dark_emui">H7_ACCENT_COLOR_DISABLED</color>
    
    
    
    
    <color name="tab_bg_normal_emui">H7_BACKGROUND_TWO</color>
    
    <color name="tab_bg_normal_emui_emphasize">H7_ACTIONBAR</color>
    
    
    
    
    
    
    <color name="tab_title_selected_emui">H7_ACCENT_COLOR</color>
    <color name="tab_title_selected_emui_dark">H7_ACCENT_COLOR</color>
    <color name="tab_title_selected_emui_emphasize">H7_ACCENT_COLOR</color>
    <color name="tab_title_selected_pressed_emui">H7_ACCENT_COLOR</color>
    
    <color name="tab_title_selected_pressed_emui_emphasize">H7_ACCENT_COLOR</color>
    
    <color name="text_color">H7_ACCENT_COLOR</color>
    
    
    
    <color name="title_divider_line">H7_ACCENT_COLOR</color>
    <color name="title_text_color">H7_ACCENT_COLOR</color>
    
    <color name="toggle_button_off_bg_color_emui">H7_ACTIONBAR</color>
    
    
    
    <color name="top_bar_bg_white">H7_BACKGROUND_TWO</color>
    
    
    
    
    
    
    
    
    
    
    
    
    
	
	<item type="drawable" name="activity_bg">H7_BACKGROUND_TWO</item>
    <item type="drawable" name="list_header_bg">H7_BACKGROUND_TWO</item>
    <item type="drawable" name="list_item_bg">H7_BACKGROUND_TWO</item>
    
    
    
    
    
    



    <item type="drawable" name="activity_bg">H7_BACKGROUND_TWO</item>
    <item type="drawable" name="list_header_bg">H7_BACKGROUND_TWO</item>
    <item type="drawable" name="list_item_bg">H7_BACKGROUND_TWO</item>
    
    <item type="drawable" name="clone_blue_bg">H7_ACCENT_COLOR</item>
    
    <item type="drawable" name="item_press_bg">H7_ACCENT_COLOR_PRESS</item>
    
    <item type="drawable" name="top_bar_bg">H7_ACCENT_COLOR</item>

    <color name="CS_background">H7_BACKGROUND_TWO</color>
    
    
    
    
    
    
    
    
    
    
    
    
    
    
    
    <color name="CS_blue_text">H7_ACCENT_COLOR</color>
    
    
    
    
    
    
    
    <color name="CS_more_detail">H7_ACCENT_COLOR</color>
    <color name="CS_textview_jump_color">H7_ACCENT_COLOR</color>
    <color name="CS_white_80_percent">H7_ACTIONBAR</color>
    <color name="actionbar_bg_default_end">H7_BACKGROUND_TWO</color>
    <color name="actionbar_bg_default_start">H7_BACKGROUND_TWO</color>
    <color name="actionbar_bg_gold_end">H7_BACKGROUND_TWO</color>
    <color name="actionbar_bg_gold_start">H7_BACKGROUND_TWO</color>
    <color name="actionbar_bg_normal_end">H7_BACKGROUND_TWO</color>
    <color name="actionbar_bg_normal_start">H7_BACKGROUND_TWO</color>
    <color name="actionbar_bg_silver_end">H7_BACKGROUND_TWO</color>
    <color name="actionbar_bg_silver_start">H7_BACKGROUND_TWO</color>
    <color name="actionbar_bg_try_end">H7_BACKGROUND_TWO</color>
    <color name="actionbar_bg_try_start">H7_BACKGROUND_TWO</color>
    <color name="album_list_bg">H7_BACKGROUND_TWO</color>
    <color name="attention_color">H7_ACCENT_COLOR</color>
    <color name="bg_color_light">H7_BACKGROUND_TWO</color>
    
    
    
    
    <color name="category_edit_blue">H7_ACCENT_COLOR</color>
    
    
    <color name="circular_progress_pro">H7_ACCENT_COLOR</color>
    
    
    
    
    
    
    
    <color name="diamond_right_background_color">H7_BACKGROUND_TWO</color>
    <color name="diamond_right_item_select_color">H7_ACTIONBAR</color>
    
    
    
    
    
    
    <color name="emui10_textColorPrimaryActivated">H7_ACCENT_COLOR</color>
    
    
    
    
    
    <color name="emui_accent">H7_ACCENT_COLOR</color>
    <color name="emui_accent_inverse">H7_ACCENT_COLOR</color>
    <color name="emui_accent_pressed">H7_ACCENT_COLOR</color>
    <color name="emui_activated">H7_ACCENT_COLOR</color>
    <color name="emui_activated_end">H7_ACCENT_COLOR</color>
    <color name="emui_activated_start">H7_ACCENT_COLOR</color>
    <color name="emui_appbar_bg">H7_BACKGROUND_TWO</color>
    
    
    <color name="emui_appbar_subbg">H7_BACKGROUND_TWO</color>
    
    
    
    
    
    
    <color name="emui_bottombar_bg">H7_BACKGROUND_TWO</color>
    <color name="emui_bottombar_bg_blur">H7_ACTIONBAR</color>
    
    
    
    <color name="emui_bottombar_icon_on">H7_ACCENT_COLOR</color>
    <color name="emui_bottombar_icon_on_auxcolor_02">H7_ACCENT_COLOR_PRESS</color>
    <color name="emui_bottombar_subbg">H7_BACKGROUND_TWO</color>
    <color name="emui_bottombar_subbg_blur">H7_ACTIONBAR</color>
    
    <color name="emui_bottombar_text_on">H7_ACCENT_COLOR</color>
    <color name="emui_bottomsheet_bg">H7_ACTIONBAR</color>
    
    
    
    
    
    
    <color name="emui_card_panel_bg">H7_ACTIONBAR</color>
    <color name="emui_center_color">H7_ACCENT_COLOR</color>
    
    
    
    
    
    
    
    
    
    <color name="emui_color_badge">H7_ACCENT_COLOR</color>
    <color name="emui_color_bg">H7_BACKGROUND_TWO</color>
    
    
    
    
    
    
    
    
    
    
    
    
    
    
    
    
    
    <color name="emui_color_gray_1">H7_ACTIONBAR</color>
    
    <color name="emui_color_gray_2">H7_ACTIONBAR</color>
    <color name="emui_color_gray_3">H7_ACTIONBAR</color>
    <color name="emui_color_gray_4">H7_ACTIONBAR</color>
    
    
    
    
    
    
    
    
    
    
    <color name="emui_color_subbg">H7_BACKGROUND_TWO</color>
    
    
    <color name="emui_color_text_highlight">H7_ACCENT_COLOR_DISABLED</color>
    
    
    
    
    
    
    <color name="emui_control_focused">H7_ACCENT_COLOR</color>
    <color name="emui_control_focused_outline">H7_ACCENT_COLOR</color>
    <color name="emui_control_highlight">H7_ACCENT_COLOR</color>
    
    
    
    <color name="emui_dialog_bg">H7_ACTIONBAR</color>
    
    
    <color name="emui_end_color">H7_ACCENT_COLOR</color>
    <color name="emui_fab_bg_normal">H7_ACCENT_COLOR</color>
    <color name="emui_fab_bg_pressed">H7_ACCENT_COLOR</color>
    <color name="emui_fab_shadow_end">H7_ACCENT_COLOR_DISABLED</color>
    <color name="emui_fab_shadow_start">H7_ACCENT_COLOR_DISABLED</color>
    
    
    
    
    <color name="emui_functional_blue_disable">H7_ACCENT_COLOR_DISABLED</color>
    <color name="emui_functional_blue_inverse">H7_ACCENT_COLOR</color>
    
    
    <color name="emui_highlighted_text">H7_ACCENT_COLOR_PRESS</color>
    
    
    
    
    
    
    
    
    
    <color name="emui_mask_thick">H7_ACTIONBAR</color>
    
    
    <color name="emui_navigationbar_bg">H7_ACTIONBAR</color>
    
    
    
    
    
    
    
    
    
    
    
    
    
    
    
    
    <color name="emui_start_color">H7_ACCENT_COLOR</color>
    <color name="emui_subtab_bg">H7_BACKGROUND_TWO</color>
    <color name="emui_subtab_line_on">H7_ACCENT_COLOR</color>
    
    <color name="emui_subtab_text_on">H7_ACCENT_COLOR</color>
    
    
    
    
    
    
    
    
    
    <color name="emui_textedit_cursor">H7_ACCENT_COLOR</color>
    <color name="emui_toolbar_bg">H7_BACKGROUND_TWO</color>
    
    <color name="emui_toolbar_icon_actived">H7_ACCENT_COLOR</color>
    <color name="emui_toolbar_subbg">H7_BACKGROUND_TWO</color>
    
    <color name="emui_toolbar_text_actived">H7_ACCENT_COLOR</color>
    
    <color name="emui_white_bg">H7_BACKGROUND_TWO</color>
    
    
    
    
    
    <color name="faq_emui_accent">H7_ACCENT_COLOR</color>
    
    
    <color name="faq_emui_white_bg">H7_BACKGROUND_TWO</color>
    <color name="faq_sdk_action_bar_grey">H7_ACTIONBAR</color>
    <color name="faq_sdk_btn_blue">H7_ACCENT_COLOR</color>
    <color name="faq_sdk_category_menu_bg">H7_ACTIONBAR</color>
    
    
    <color name="faq_sdk_label_highlight_text_color_normal">H7_ACCENT_COLOR</color>
    
    
    
    
    
    <color name="faq_sdk_notice_view_background">H7_BACKGROUND_TWO</color>
    
    <color name="faq_sdk_notice_view_pad_background">H7_BACKGROUND_TWO</color>
    <color name="faq_sdk_online_them">H7_BACKGROUND_TWO</color>
    
    
    
    <color name="faq_sdk_share_bg">H7_ACTIONBAR</color>
    <color name="feedback_sdk_action_bar_grey">H7_ACTIONBAR</color>
    
    
    
    
    
    
    
    
    
    
    <color name="feedback_sdk_notice_view_background">H7_BACKGROUND_TWO</color>
    
    <color name="feedback_sdk_notice_view_pad_background">H7_BACKGROUND_TWO</color>
    
    <color name="feedback_sdk_problem_photo_bg">H7_ACTIONBAR</color>
    <color name="feedback_sdk_problem_question_info_bg">H7_ACTIONBAR</color>
    
    
    
    
    
    
    
    
    
    
    <color name="feedback_sdk_tab_slider_bg_color_selected">H7_ACCENT_COLOR</color>
    <color name="feedback_sdk_tab_slider_bg_color_selected_50">H7_ACCENT_COLOR_PRESS</color>
    
    
    <color name="feedback_tab_text_color_selected_20">H7_ACCENT_COLOR_DISABLED</color>
    
    <color name="file_item_hover_tip_background">H7_ACTIONBAR</color>
    
    <color name="file_view_audio_progress_color">H7_ACCENT_COLOR</color>
    
    <color name="filter_item_selected_bg">H7_ACCENT_COLOR_PRESS</color>
    
    
    <color name="grade_card_bg_color_F6F6F6">H7_BACKGROUND_TWO</color>
    
    
    
    
    
    
    
    
    
    
    
    
    
    
    
    
    
    
    
    
    
    
    
    
    
    
    
    
    
    
    
    
    
    <color name="hiad_emui_white">H7_BACKGROUND_TWO</color>
    
    <color name="hiad_open_btn_pressed_bg">H7_ACTIONBAR</color>
    
    
    
    <color name="hicloud_activity_bg">H7_BACKGROUND_TWO</color>
    <color name="hicloud_bg_color_border">H7_ACTIONBAR</color>
    <color name="hicloud_bg_color_dark">H7_ACTIONBAR</color>
    
    
    <color name="hicloud_section_color">H7_ACTIONBAR</color>
    
    
    <color name="hidisk_action_bar_bg_gray">H7_ACTIONBAR</color>
    <color name="hidisk_action_bar_bg_gray_8_0">H7_ACTIONBAR</color>
    <color name="hidisk_action_bar_bg_white">H7_BACKGROUND_TWO</color>
    <color name="hidisk_action_bar_bg_white_8_0">H7_BACKGROUND_TWO</color>
    
    <color name="hidisk_autolink_color">H7_ACCENT_COLOR</color>
    
    
    <color name="hidisk_browser_grid_item_bg">H7_ACTIONBAR</color>
    <color name="hidisk_btn_lock_bgcolor">H7_BACKGROUND_TWO</color>
    <color name="hidisk_category_card_bg">H7_ACTIONBAR</color>
    <color name="hidisk_category_guide_background">H7_ACTIONBAR</color>
    <color name="hidisk_category_tab_bg">H7_BACKGROUND_TWO</color>
    
    <color name="hidisk_color_about_backgroud">H7_BACKGROUND_TWO</color>
    <color name="hidisk_color_about_backgroud_pick_path">H7_ACTIONBAR</color>
    <color name="hidisk_color_about_stongbox">H7_ACTIONBAR</color>
    
    
    
    
    
    
    
    
    
    
    
    <color name="hidisk_color_category_item_select_pressed_new">H7_ACTIONBAR</color>
    <color name="hidisk_color_category_storage_layout_bg">H7_ACTIONBAR</color>
    
    
    <color name="hidisk_color_download_progress_solid">H7_BACKGROUND_TWO</color>
    <color name="hidisk_color_download_progress_widget_background">H7_ACCENT_COLOR</color>
    <color name="hidisk_color_download_progress_widget_background_solid">H7_ACCENT_COLOR_DISABLED</color>
    <color name="hidisk_color_download_progress_widget_background_stroke">H7_ACCENT_COLOR</color>
    <color name="hidisk_color_download_progress_widget_progress_solid">H7_ACCENT_COLOR_DISABLED</color>
    <color name="hidisk_color_download_progress_widget_secondaryprogress_stroke">H7_ACCENT_COLOR</color>
    
    
    
    <color name="hidisk_color_search_online">H7_ACCENT_COLOR</color>
    
    
    <color name="hidisk_color_storage_detail_background">H7_ACTIONBAR</color>
    
    <color name="hidisk_color_white_bg">H7_BACKGROUND_TWO</color>
    <color name="hidisk_color_windowtitle_text">H7_BACKGROUND_TWO</color>
    
    <color name="hidisk_default_background">H7_BACKGROUND_TWO</color>
    
    <color name="hidisk_emui_fab_bg">H7_ACCENT_COLOR</color>
    <color name="hidisk_emui_fab_pressed">H7_ACCENT_COLOR</color>
    <color name="hidisk_help_paper_background">H7_ACTIONBAR</color>
    
    
    
    
    
    
    
    
    
    
    
    <color name="hidisk_navigation_bar_bg_gray">H7_ACTIONBAR</color>
    <color name="hidisk_navigation_bar_bg_white">H7_BACKGROUND_TWO</color>
    
    
    
    <color name="hidisk_policy_textview_normal">H7_ACCENT_COLOR</color>
    
    
    
    
    
    
    
    
    <color name="hidisk_quick_access_guide_background">H7_BACKGROUND_TWO</color>
    
    
    
    <color name="hidisk_search_cursor_color">H7_ACCENT_COLOR</color>
    <color name="hidisk_search_cursor_color_8">H7_ACCENT_COLOR</color>
    <color name="hidisk_search_hight_light_color">H7_ACCENT_COLOR</color>
    
    
    
    
    
    
    
    <color name="hidisk_settingBackcolor">H7_BACKGROUND_TWO</color>
    
    
    <color name="hidisk_storage_progress_normal">H7_ACCENT_COLOR</color>
    
    <color name="hidisk_sub_tab_bg">H7_ACTIONBAR</color>
    
    
    
    <color name="hidisk_upsdk_focus_item_bg">H7_ACCENT_COLOR_DISABLED</color>
    
    
    <color name="hidisk_white">H7_BACKGROUND_TWO</color>
    <color name="hidisk_white_pick_path">H7_ACTIONBAR</color>
    
    <color name="hw_fab_bg_color_harmony">H7_ACCENT_COLOR</color>
    <color name="hw_fab_bg_pressed_color_harmony">H7_ACCENT_COLOR</color>
    
    <color name="hw_sub_tab_indicator_color">H7_ACCENT_COLOR</color>
    <color name="hw_sub_tab_item_text_color">H7_ACCENT_COLOR</color>
    <color name="hwalphaindexerlistview_label_shadow_color">H7_BACKGROUND_TWO</color>
    
    <color name="hwbottomnavigationview_bg">H7_ACTIONBAR</color>
    <color name="hwbottomnavigationview_blur_color">H7_ACTIONBAR</color>
    
    <color name="hwbutton_color_emui_accent_disable">H7_ACCENT_COLOR_DISABLED</color>
    
    
    
    <color name="hwcheckbox_off_mask">H7_BACKGROUND_TWO</color>
    
    
    
    
    
    
    
    
    <color name="hwspinner_list_shadow_color">H7_BACKGROUND_TWO</color>
    
    <color name="hwsubtab_indicator_color">H7_ACCENT_COLOR</color>
    
    
    
    
    
    
    
    
    
    
    
    
    
    
    
    
    
    
    
    
    
    <color name="oobe_btn_pressed">H7_ACCENT_COLOR</color>
    
    
    
    
    
    
    
    
    
    
    
    
    
    
    
    <color name="select">H7_ACCENT_COLOR</color>
    <color name="select_paste_file">H7_ACCENT_COLOR_DISABLED</color>
    
    <color name="sub_tab_title_selected_emui">H7_ACCENT_COLOR</color>
    <color name="sub_tab_title_selected_pressed_emui">H7_ACCENT_COLOR</color>
    
    
    <color name="tab_selected_text_color2">H7_ACCENT_COLOR</color>
    <color name="tab_unselected_text_color">H7_ACCENT_COLOR</color>
    
    
    
    
    
    
    
    
    
    <color name="upsdk_color_gray_1">H7_ACTIONBAR</color>
    
    <color name="CS_background_801_oversea">H7_BACKGROUND_TWO</color>
    
    <color name="CS_blue_color">H7_ACCENT_COLOR</color>
    <color name="CS_blue_text_20_percent">H7_ACCENT_COLOR_DISABLED</color>
    <color name="CS_blue_text_pressed">H7_ACCENT_COLOR</color>
    
    
    
    
    
    
    <color name="accent_emui">H7_ACCENT_COLOR</color>
    <color name="accent_emui_dark">H7_ACCENT_COLOR</color>
    
    <color name="accent_emui_emphasize">H7_ACCENT_COLOR</color>
    <color name="accent_emui_emphasize_disabled">H7_ACCENT_COLOR_DISABLED</color>
    <color name="accent_emui_emphasize_pressed">H7_ACCENT_COLOR</color>
    <color name="accent_emui_pressed">H7_ACCENT_COLOR</color>
    
    
    
    
    
    
    <color name="accent_on_dark_emui">H7_ACCENT_COLOR</color>
    <color name="accent_on_disable_dark_emui">H7_ACCENT_COLOR_DISABLED</color>
    <color name="accent_on_disable_emui">H7_ACCENT_COLOR_PRESS</color>
    
    
    
    <color name="all_background_color">H7_BACKGROUND_TWO</color>
    
    <color name="alphaindexer_selected_alpha_color">H7_ACCENT_COLOR</color>
    
    
    
    <color name="attention_color_30">H7_ACCENT_COLOR_DISABLED</color>
    
    
    
    <color name="black_3">H7_ACTIONBAR</color>
    
    
    
    
    
    
    
    
    
    
    
    
    
    
    
    
    
    
    <color name="blue_emui5_text">H7_ACCENT_COLOR</color>
    <color name="blue_text_color">H7_ACCENT_COLOR</color>
    
    
    
    
    
    
    <color name="clone_app_mark_bg_color">H7_ACCENT_COLOR</color>
    <color name="clone_choose_type">H7_ACTIONBAR</color>
    
    <color name="cloudsetting_background_90_percent">H7_ACTIONBAR</color>
    
    
    
    
    
    
    
    
    
    
    
    <color name="cloudsetting_color_actionbar_themecolor">H7_BACKGROUND_TWO</color>
    
    <color name="cloudsetting_color_primary_theme5">H7_BACKGROUND_TWO</color>
    
    <color name="cloudsetting_dowanload_progressbar_color">H7_ACCENT_COLOR</color>
    
    
    <color name="cloudsetting_white_needchange">H7_BACKGROUND_TWO</color>
    <color name="code_text_color">H7_ACTIONBAR</color>
    
    <color name="color_loading_bottom_view_bg">H7_BACKGROUND_TWO</color>
    
    <color name="cs_emui_accent">H7_ACCENT_COLOR</color>
    
    
    
    
    
    
    
    
    
    
    
    
    
    
    
    
    
    <color name="emui_black_color_alpha_100">H7_BACKGROUND_TWO</color>
    
    
    
    
    
    
    
    
    
    
    <color name="emui_custom_panel_background">H7_BACKGROUND_TWO</color>
    <color name="emui_detail_text_pressed">H7_ACCENT_COLOR</color>
    
    
    
    
    
    
    
    
    
    
    
    
    <color name="emui_master_color_11">H7_BACKGROUND_TWO</color>
    
    
    
    <color name="emui_master_color_5">H7_ACCENT_COLOR</color>
    
    
    
    
    
    
    
    
    
    
    
    
    
    
    
    
    
    
    
    
    
    
    
    
    
    
    
    
    
    
    
    
    
    
    
    
    
    
    
    
    
    
    <color name="emui_progressbar_loading_fill_color">H7_ACCENT_COLOR</color>
    
    
    
    
    
    
    
    
    
    
    
    
    
    
    
    
    
    <color name="emui_white_dialog_bg">H7_ACTIONBAR</color>
    
    
    
    
    <color name="fastapp_blue_text_007dff">H7_ACCENT_COLOR</color>
    
    <color name="feedback_actionbar_bg">H7_ACTIONBAR</color>
    
    
    
    
    
    
    <color name="feedback_blue">H7_ACCENT_COLOR</color>
    <color name="feedback_blue_disable">H7_ACCENT_COLOR_DISABLED</color>
    
    
    <color name="feedback_et_bg">H7_ACTIONBAR</color>
    <color name="feedback_highlight_color">H7_ACCENT_COLOR</color>
    <color name="feedback_highlight_color_disable">H7_ACCENT_COLOR_DISABLED</color>
    
    
    
    
    
    
    <color name="feedback_smarthelper_user_textview_bg">H7_ACCENT_COLOR</color>
    <color name="feedback_spannable_click_color">H7_ACCENT_COLOR</color>
    
    
    
    
    
    
    
    
    
    
    
    
    
    
    <color name="hicloud_main_actionbar_background_color_scroll_10_0">H7_BACKGROUND_TWO</color>
    <color name="hicloud_main_actionbar_background_color_scroll_5_0">H7_BACKGROUND_TWO</color>
    <color name="hicloud_main_actionbar_background_color_scroll_9_0">H7_BACKGROUND_TWO</color>
    
    
    
    
    <color name="hicloud_main_back_end">H7_BACKGROUND_TWO</color>
    <color name="hicloud_main_back_start">H7_BACKGROUND_TWO</color>
    <color name="hicloud_vertical_item_bg">H7_ACTIONBAR</color>
    <color name="hicloud_vertical_item_pressed">H7_ACTIONBAR</color>
    
    
    
    <color name="hmspush_click_span">H7_ACCENT_COLOR</color>
    
    
    
    <color name="hwbottomnav_blue_color">H7_ACTIONBAR</color>
    
    
    
    
    
    
    
    
    <color name="hwcheckbox_accent_on_dark_emui">H7_ACCENT_COLOR</color>
    
    
    
    
    
    
    
    <color name="hwdotspageindicator_emui_primary">H7_ACCENT_COLOR</color>
    
    
    
    <color name="hwdownload_color">H7_ACCENT_COLOR</color>
    
    
    
    <color name="hwid_check_theme_color">H7_BACKGROUND_TWO</color>
    <color name="hwid_check_theme_dark_color">H7_BACKGROUND_TWO</color>
    
    
    
    
    <color name="hwpush_bgcolor_gray">H7_BACKGROUND_TWO</color>
    
    
    
    
    
    
    <color name="hwradiobutton_accent_on_dark_emui">H7_ACCENT_COLOR</color>
    <color name="hwradiobutton_accent_on_disable_dark_emui">H7_ACCENT_COLOR_DISABLED</color>
    
    
    <color name="hwradiobutton_off_mask">H7_BACKGROUND_TWO</color>
    
    
    <color name="hwsearchview_accent_emui_pressed">H7_ACCENT_COLOR</color>
    
    
    <color name="hwspinner_accent_emui_dark">H7_ACCENT_COLOR</color>
    <color name="hwspinner_accent_emui_emphasize">H7_ACCENT_COLOR</color>
    <color name="hwspinner_accent_emui_emphasize_disabled">H7_ACCENT_COLOR_DISABLED</color>
    <color name="hwspinner_accent_emui_emphasize_pressed">H7_ACCENT_COLOR</color>
    
    
    
    
    
    
    
    
    
    
    
    
    
    
    
    <color name="hwsubtab_emui_color_bg">H7_BACKGROUND_TWO</color>
    
    <color name="hwsubtab_emui_subtab_text_on">H7_ACCENT_COLOR</color>
    <color name="hwswitch_accent_emui">H7_ACCENT_COLOR</color>
    
    <color name="hwswitch_accent_on_dark_emui">H7_ACCENT_COLOR</color>
    
    
    
    <color name="hwswitch_on_disable_dark_emui">H7_ACCENT_COLOR_DISABLED</color>
    
    
    
    
    
    <color name="hwtoolbar_background">H7_ACTIONBAR</color>
    
    <color name="hwtoolbar_menu_clicked_emui">H7_ACCENT_COLOR</color>
    
    <color name="hwtoolbar_splitbackground">H7_ACTIONBAR</color>
    
    <color name="iap_brandcolor">H7_ACCENT_COLOR</color>
    <color name="iap_brandcolor_7_f">H7_ACCENT_COLOR_DISABLED</color>
    <color name="iap_colorPrimary">H7_ACCENT_COLOR</color>
    
    
    
    
    
    
    
    
    
    
    
    
    
    
    
    
    
    
    
    
    
    <color name="iap_common_pad_offset_bg_color">H7_BACKGROUND_TWO</color>
    
    
    <color name="iap_common_white_100">H7_BACKGROUND_TWO</color>
    
    
    
    
    
    
    
    
    <color name="iap_common_white_50">H7_ACTIONBAR</color>
    
    
    
    
    
    
    
    <color name="iap_common_white_90">H7_ACTIONBAR</color>
    <color name="iap_common_white_95">H7_ACTIONBAR</color>
    <color name="iap_dialog_bg_color">H7_ACTIONBAR</color>
    
    <color name="iap_f3_color">H7_BACKGROUND_TWO</color>
    
    
    
    <color name="iap_read_card_number_anim_background">H7_BACKGROUND_TWO</color>
    <color name="iap_read_card_number_flash_background">H7_BACKGROUND_TWO</color>
    <color name="iap_selection_devide_background">H7_ACTIONBAR</color>
    
    <color name="iap_wrap_progress_background_color">H7_BACKGROUND_TWO</color>
    <color name="iap_wrap_progress_color">H7_ACCENT_COLOR</color>
    
    
    
    
    
    
    
    
    
    
    <color name="medium_row_default_bg">H7_BACKGROUND_TWO</color>
    
    
    
    
    <color name="mw_divide_bg">H7_ACCENT_COLOR</color>
    
    <color name="mw_translucent_dark_bg">H7_ACTIONBAR</color>
    
    <color name="navigationbar_emui_light">H7_BACKGROUND_TWO</color>
    
    
    
    
    
    
    
    
    
    
    
    
    <color name="primary_emui_light">H7_ACTIONBAR</color>
    
    
    
    
    <color name="ql_blue_text">H7_ACCENT_COLOR</color>
    
    
    
    
    
    
    
    
    
    
    
    
    
    
    
    
    
    
    
    
    
    
    
    
    
    <color name="sns_assist_menu_normal_text_color">H7_ACCENT_COLOR</color>
    <color name="sns_assist_menu_pressed_text_color">H7_ACCENT_COLOR</color>
    <color name="sns_assist_msg_bg_color">H7_ACTIONBAR</color>
    
    
    <color name="sns_background">H7_BACKGROUND_TWO</color>
    <color name="sns_background_90_percent">H7_ACTIONBAR</color>
    
    
    
    
    
    
    
    
    
    
    
    
    
    
    
    <color name="sns_bottom_navigation_bg_color">H7_ACTIONBAR</color>
    <color name="sns_button_text_nomal">H7_ACCENT_COLOR</color>
    <color name="sns_button_text_pressed">H7_ACCENT_COLOR</color>
    
    <color name="sns_chat_left_msg_bg_pressed">H7_ACTIONBAR</color>
    <color name="sns_chat_link_background">H7_ACTIONBAR</color>
    <color name="sns_chat_right_background_normal_bg">H7_ACCENT_COLOR</color>
    
    
    
    <color name="sns_check_theme_color">H7_BACKGROUND_TWO</color>
    <color name="sns_complain_notice">H7_ACCENT_COLOR</color>
    
    <color name="sns_divider_blod_color">H7_ACTIONBAR</color>
    <color name="sns_dowanload_progressbar_color">H7_ACCENT_COLOR</color>
    <color name="sns_emui4_default_color">H7_BACKGROUND_TWO</color>
    <color name="sns_fast_search_pup_num_color">H7_ACCENT_COLOR</color>
    
    
    
    
    
    
    
    <color name="sns_input_bg_color">H7_ACTIONBAR</color>
    
    
    
    <color name="sns_new_friend_background_color">H7_ACCENT_COLOR_DISABLED</color>
    <color name="sns_nickname_color">H7_ACCENT_COLOR</color>
    <color name="sns_panel_bg">H7_BACKGROUND_TWO</color>
    <color name="sns_photo_send">H7_ACCENT_COLOR</color>
    
    
    
    
    <color name="sns_search_word_color">H7_ACCENT_COLOR</color>
    
    
    <color name="sns_stop_visit_url_learn_more_press">H7_ACCENT_COLOR</color>
    <color name="sns_stop_visit_url_learn_more_unpress">H7_ACCENT_COLOR</color>
    
    
    
    <color name="sns_tab_color_emui4_selected">H7_ACCENT_COLOR</color>
    <color name="sns_tab_color_emui5_selected">H7_ACCENT_COLOR</color>
    
    
    
    
    <color name="sns_white">H7_ACTIONBAR</color>
    
    
    
    
    
    
    
    <color name="sns_zimu_color">H7_BACKGROUND_TWO</color>
    
    
    <color name="storage_manage_bar_bd">H7_BACKGROUND_TWO</color>
    
    
    <color name="sub_tab_title_normal_emui_dark">H7_ACCENT_COLOR</color>
    
    
    <color name="sub_tab_title_normal_pressed_emui_dark">H7_ACCENT_COLOR_DISABLED</color>
    
    
    <color name="sub_tab_title_selected_emui_emphasize">H7_ACCENT_COLOR</color>
    
    <color name="sub_tab_title_selected_pressed_emui_emphasize">H7_ACCENT_COLOR</color>
    
    
    
    
    
    
    <color name="switch_on_disable_dark_emui">H7_ACCENT_COLOR_DISABLED</color>
    
    
    
    
    
    <color name="tab_bg_normal_emui">H7_BACKGROUND_TWO</color>
    
    <color name="tab_bg_normal_emui_emphasize">H7_ACTIONBAR</color>
    
    
    
    
    
    
    <color name="tab_title_selected_emui">H7_ACCENT_COLOR</color>
    <color name="tab_title_selected_emui_dark">H7_ACCENT_COLOR</color>
    <color name="tab_title_selected_emui_emphasize">H7_ACCENT_COLOR</color>
    <color name="tab_title_selected_pressed_emui">H7_ACCENT_COLOR</color>
    
    <color name="tab_title_selected_pressed_emui_emphasize">H7_ACCENT_COLOR</color>
    
    <color name="text_color">H7_ACCENT_COLOR</color>
    <color name="text_color_press">H7_ACCENT_COLOR</color>
    
    
    <color name="title_divider_line">H7_ACCENT_COLOR</color>
    <color name="title_text_color">H7_ACCENT_COLOR</color>
    
    <color name="toggle_button_off_bg_color_emui">H7_ACTIONBAR</color>
    
    
    <color name="toolbar_bg_color">H7_ACTIONBAR</color>
    <color name="top_bar_bg_white">H7_BACKGROUND_TWO</color>
    
    
    
    
    
    
    
    
    
    
    
    
    
    









</resources>