﻿
<resources>
    <color name="view_today_bg_circle_color">H7_ACCENT_COLOR</color>

    <color name="list_item_selected">H7_ACCENT_COLOR</color>
    <color name="background_color">H7_BACKGROUND</color>
    <color name="panel_text_foreground">#ffffffff</color>
    <color name="calendar_event_text_color">#ffffffff</color>

    <color name="calendar_date_range_color">#80ffffff</color>
    <color name="week_sunday">#80ffffff</color>
    <color name="calendar_ampm_label">#80ffffff</color>
    <color name="calendar_date_banner_background">H7_ACTIONBAR</color>
    
    <color name="calendar_grid_area_selected">#FF64a1f5</color>
    
    <color name="calendar_grid_line_inner_horizontal_color">#26ffffff</color>
    <color name="calendar_grid_line_inner_vertical_color">#26ffffff</color>
    <color name="calendar_grid_line_highlight_color">#ffffffff</color>
    
    <color name="month_day_names_color">#ffffff</color>
    
    <color name="month_selected_number">#FFFFFFFF</color>
    <color name="month_number">#ffffff</color>
    <color name="month_weekend_number">#80ffffff</color>
    <color name="month_day_number_not_focus">#33ffffff</color>
    <color name="day_count_and_local_calendar_text">#80ffffff</color>
    <color name="month_day_event_point_color">H7_ACCENT_COLOR</color>
    <color name="month_day_event_point_color_not_focus">H7_ACCENT_COLOR_PRESS</color>
    <color name="header_num_circle_color">H7_ACCENT_COLOR</color>

    
    <color name="month_event_other_color">#80ffffff</color>
    
    <color name="month_weekend">#80ffffff</color>

    <color name="month_festival">H7_ACCENT_COLOR</color>
    
    <color name="month_festival_not_focus">H7_ACCENT_COLOR_PRESS</color>
    <color name="month_work_day">#FFFF3320</color>
    <color name="month_work_day_not_focus">#7FFF3320</color>

    <color name="month_dna_conflict_time_color">#80ffffff</color>
    <color name="event_center">#ff6bd697</color>
    
    <color name="agenda_item_not_selected">#000000</color>
 
    <color name="agenda_item_declined_color">#80ffffff</color>
    
    <color name="agenda_item_standard_color">#FFffffff</color>

    <color name="agenda_day_item_text_color">#23a7d9</color>
    <color name="agenda_item_where_text_color">#99ffffff</color>
    <color name="agenda_item_where_declined_text_color">#80ffffff</color>
    <color name="calendar_view_switch_menu_text_color">#80ffffff</color>
    <color name="calendar_view_switch_menu_text_color_light">#80ffffff</color>
    <color name="agenda_list_separator_color">H7_ACTIONBAR</color>
    <color name="new_event_hint_text_color">#FFFFFF</color>

    <color name="event_info_headline_color">#ffffff</color>
    <color name="event_info_title_color">#ffffff</color>
    <color name="event_info_content_color">#FFffffff</color>
    <color name="event_info_headline_transparent_color">#7Fffffff</color>
    <color name="event_info_headline_link_color">#80ffffff</color>
    <color name="event_info_description_color">#7Fffffff</color>
    <color name="event_info_body_color">#7Fffffff</color>
    <color name="invite_info_title_color">#7Fffffff</color>
    <color name="invite_info_color">#D9ffffff</color>
    <color name="event_info_label_color">#FFffffff</color>
    <color name="alert_event_title">#D9ffffff</color>
    <color name="alert_event_other">#7Fffffff</color>
    <color name="alert_past_event">#80ffffff</color>
    <color name="simple_ui_weekend_color">#ffffff</color>
    <color name="simple_ui_weekday_color">#80ffffff</color>
    <color name="year_view_month_title_color">#ffffff</color>
    <color name="year_view_selected_day_text_color">#ffffff</color>
    <color name="year_view_text_size_color">#FFffffff</color>
    <color name="year_view_weekday_name_color">#FFffffff</color>
    <color name="multi_select_color">#ffd43e25</color>
    <color name="multi_unselect_color">#b1b1b1</color>
    <color name="selected_color">#3323a7d9</color>
    <color name="unselected_color">#ffffff</color>
    <color name="edit_event_separator_area">H7_ACTIONBAR</color>
    <color name="time_axle_time_text_color">#7fffffff</color>
    <color name="month_view_lunar_day_text_color">#c0ffffff</color>
    <color name="search_text_color">H7_ACCENT_COLOR</color>

    <color name="recurrence_bubble_text_color">#ffffffff</color>
  
    <color name="white_color">#ffffff</color>
    <color name="primary_color">H7_ACCENT_COLOR</color>
    
    <color name="rest_color">H7_ACCENT_COLOR</color>
    <color name="work_color">#FFFF3320</color>
 
    <color name="month_view_select_event_background">H7_ACTIONBAR</color>
   
    <color name="month_view_work_day">#FFFF3320</color>
    
    <color name="month_view_local_cal_number_color">#FFffffff</color>
    <color name="month_view_all_day_event_time_text_color">#80ffffff</color>
    <color name="month_view_date_area_background">#14ffffff</color>
   
    <color name="month_view_day_number_text">#D9ffffff</color>
    
    <color name="month_view_no_event_text">#7Fffffff</color>
    
    <color name="edit_event_title_label_color">#ffffff</color>

    
    <color name="emui_numberpicker_select_textcolor">#12d4dc</color>
    
    <color name="edit_event_content_color">#FFffffff</color>
    
    <color name="agenda_event_when_text_color">#7Fffffff</color>
   
    <color name="not_remind_text_color">#7Fffffff</color>
   
    <color name="setting_text_color_disabled">#4Cffffff</color>
    <color name="setting_text_color_title_default">#FFffffff</color>
    <color name="setting_text_color__summary_default">#7Fffffff</color>
   
    <color name="day_view_old_background_color">#FFFFFFFF</color>
    
    <color name="alert_item_event_title_color">#D9ffffff</color>
    <color name="alert_item_event_when_color">#7Fffffff</color>
   
   
    <color name="agenda_fragment_background">H7_BACKGROUND</color>
    <color name="agenda_fragment_divider">#33ffffff</color>
    <color name="agenda_fragment_event_info_background">#14ffffff</color>
    <color name="pad_agenda_toolbar_background">#fff6f6f7</color>
    <color name="toolbar_text_pressed">#a6ffffff</color>
    <color name="toolbar_text_unpressed">#a6ffffff</color>
    <color name="agenda_item_background">H7_BACKGROUND</color>
    <color name="agenda_item_background_none">#000000</color>
    <color name="week_view_week_number_color">#D9ffffff</color>
    <color name="week_view_week_string_color">#7Fffffff</color>
    <color name="date_info_text_color">#D9ffffff</color>
    <color name="action_lunar_title_left_text_color">#73ffffff</color>
    <color name="year_view_day_of_frist">H7_ACCENT_COLOR</color>
    <color name="departed_event_area_color">H7_ACTIONBAR</color>
    <color name="lunar_date_area_color">#14ffffff</color>
    <color name="cs_white_50_percent">#80ffffff</color>

     <color name="click_text_highlight_color">H7_ACCENT_COLOR</color>
     <color name="action_menu_color">H7_ACCENT_COLOR</color>
     <color name="action_menu_pressed_color">H7_ACCENT_COLOR_PRESS</color>
    <!--60%-->
     <color name="action_menu_text_default_color">#99ffffff</color>
     <color name="action_menu_text_land_default_color">#B2FFFFFF</color>
     <color name="detail_text_color">#7Fffffff</color>
     <color name="svg_tint_color">#7Fffffff</color>
    <color name="svg_press_tint_color">#33ffffff</color>
     <color name="ic_arrow_tint_color">#33ffffff</color>
     <color name="svg_tint_30_percent_color">#54ffffff</color>
    <color name="no_agenda_60_percent_color">#99ffffff</color>
    <color name="agenda_list_item_time_text_color">#7fffffff</color>
    <color name="agenda_list_item_divider">#1Affffff</color>
    <color name="emui_list_separator_default">#BFffffff</color>

    <!-- Chips drop down color -->
    <color name="chips_item_bg">H7_ACCENT_COLOR_DISABLED</color>

    <color name="action_bar_delete_agenda_view_color">#ffffffff</color>
    <color name="agenda_day_view_background">#0000ff</color>
    <color name="day_activity_recolor">#0000ff</color>
    <color name="edit_event_load">#FFFFFFFF</color>
    <color name="edit_event_single_column_load">#FFFFFF</color>
    <color name="edit_reminder_item_reminder_label">#ffffff</color>
    <color name="event_info_dialog_bg">H7_ACTIONBAR</color>
    <color name="expand_collapse_ib">#000000</color>
    <color name="image_type_select_layout_text">#a6ffffff</color>
    <color name="more_item_text">#ffffff</color>
    <color name="pad_event_info_exon_dialog_bt">#ffffff</color>
    <color name="recipient_dropdown_item_link">#ffffff</color>
    <color name="recipient_dropdown_separator_bg">#FF777777</color>
    <color name="recipient_dropdown_separator_tv">#FFFFFFFF</color>
    <color name="recurrence_picker_tv">#ffffffff</color>
    <color name="recurrence_picker_tv1">#7Fffffff</color>
    <color name="recurrence_picker_bg">#26ffffff</color>
    <color name="recurrence_picker_CustomTextView">#A6ffffff</color>
    <color name="recurrence_picker_freq_item_tv">#ffffffff</color>
    <color name="search_more_gal_separator">#FF0000FF</color>
    <color name="select_calendar_empty_title_item">#14ffffff</color>
    <color name="select_calendar_list_item_tv">#ffffffff</color>
    <color name="select_calendars_fragment_bg">H7_ACTIONBAR</color>
    <color name="simple_ui_main_tv1">#ffffff</color>
    <color name="simple_ui_main_tv2">#404040</color>
    <color name="simple_ui_main_tv3">#ffffff</color>
    <color name="simple_ui_main_tv4">#ffffffff</color>
    <color name="simple_ui_main_tv5">#4dffffff</color>
    <color name="single_choice_checkedtextview">#ffffffff</color>
    <color name="sub_calendar_list_item_tv">#ffffffff</color>
    <color name="sub_calendar_list_item_bg">#514f4f4f</color>
    <color name="TextAppearance_EditEvent_Small">#FFffffff</color>
    <color name="TextAppearance_EditEvent">#FFffffff</color>
    <color name="day_view_old_background_color">H7_BACKGROUND</color>
    <color name="day_view_old_background_color">H7_BACKGROUND</color>
    <color name="time_axle_time_text_color">#ffffff</color>
    <color name="edit_account_item_tv">#ffffff</color>
    <color name="sub_calendar_list_item_tv">#ffffff</color>
    <color name="sub_calendar_list_item_tv1">#80ffffff</color>
    <color name="holiday_arrange">#ffffff</color>
    <color name="dayview_old_event">#ffffff</color>
    <color name="edit_account_item_tv">#ffffff</color>
    <color name="EmptyView_color">#ffffff</color>
    <color name="goto_dateandtimepicker_title_color">#ffffff</color>
    <color name="emui_numberpicker_select_textcolor">H7_ACCENT_COLOR</color>
    <color name="color_to_side">#ffffff</color>
    <color name="line_title_color_start">#33ffffff</color>
    <color name="line_title_color_center">#33ffffff</color>
    <color name="line_title_color_end">#33ffffff</color>
    <color name="svg_normal_fillColor">#33ffffff</color>
    <color name="date_info_title_time">#ffffff</color>


    <color name="recurrence_picker_type">#ffffff</color>
    <color name="CS_black_50_percent">#80ffffff</color>
    <color name="CS_black">#ffffff</color>

    <color name="mwhere_noedit">#ffffff</color>
    <color name="ActionbarTitle_Program">#ffffff</color>
    <color name="ActionbarTitleCount_Program">#ffffff</color>
    <color name="folder_title_count_bg_color">H7_ACTIONBAR</color>
    <color name="color_black">#ffffff</color>
    <color name="list_item_content_textcolor">#ffffff</color>

    <!--agenda widget-->
    <color name="appwidget_week">#7Fffffff</color>
    <color name="appwidget_month">#ffffffff</color>
    <!-- Text color of declined events in widget view -->
    <color name="appwidget_item_declined_color">#4cffffff</color>
    <!-- Text color of non-declined events in widget view -->
    <color name="appwidget_item_standard_color">#ffffffff</color>
    <color name="appwidget_item_deputy_color">#7fffffff</color>
    <color name="appwidget_title">#ffffff</color>
    <color name="appwidget_when">#7fffffff</color>
    <color name="appwidget_where">#7fffffff</color>
    <color name="appwidget_no_events">#99ffffff</color>
    <!--month widget-->
    <color name="widget_week_title">#ffffffff</color>
    <color name="widget_week_title_weekend">#68ffffff</color>
    <color name="widget_month_day">#ffffffff</color>
    <color name="widget_month_day_extra">#ffffffff</color>
    <color name="widget_date_month_year_text_color">#ffffff</color>
    <color name="widget_month_view_select_event_background">#0cffffff</color>
    <color name="cal_widget_date_textcolor">#bfffffff</color>
    <color name="cal_widget_date_today_textcolor">#ffffffff</color>
    <color name="widget_date_title_background">#07ffffff</color>
    <color name="widget_date_title_defalut_background">#14ffffff</color>
    <color name="widget_event_item_line">#1Affffff</color>
    <color name="widget_switch_layou_iv">#16ffffff</color>
    <color name="widget_no_agenda_text_color">#FFffffff</color>
    <color name="widget_time_axle_time_text_color">#7fffffff</color>
    <color name="month_view_all_day_event_title_text_color">#ffffffff</color>
    <color name="month_view_all_day_event_location_text_color">#7fffffff</color>
    <color name="action_bar_menu_color">H7_ACCENT_COLOR</color>
    <color name="load_more_event_text_color">H7_ACCENT_COLOR</color>
    <color name="action_bar_menu_pressed_color">H7_ACTIONBAR</color>
    <color name="drawer_layout_other_view_background">H7_BACKGROUND</color>
    <color name="cover_translucence_background">H7_BACKGROUND</color>
    <color name="loading_text_color">#7FFFFFFF</color>
	
	</resources>