﻿<?xml version="1.0" encoding="utf-8"?>
<resources>
    <color name="white_color_txt_alpha_85">#D9FFFFFF</color>
    <color name="white_color_txt_alpha_65">#A6FFFFFF</color>
    <color name="contact_detail_item_normal">#D9FFFFFF</color>
    <color name="contact_detail_item_number">#A6FFFFFF</color>
    <color name="contact_list_item_index_normal">#FFFFFF</color>
    <color name="contact_detail_item_selected">H7_ACCENT_COLOR</color>
    <color name="contact_list_divider">#B1CB83</color>
    <!-- DTS2014051906107 20140519 d00106329 add begin -->
    <color name="settings_bg_color">H7_BACKGROUND</color>
    <color name="conversation_robot_message_color">#D9FFFFFF</color>
    <!-- DTS2014051906107 20140519 d00106329 add end -->
    <color name="color_white">#FFFFFF</color>

    <!-- Weather Content Color Start -->
    <color name="weather_today_title">#D9FFFFFF</color>
    <color name="weather_today_temp">#D9FFFFFF</color>
    <color name="weather_future_date">#A6FFFFFF</color>
    <color name="weather_future_city">#D9FFFFFF</color>
    <color name="weather_current_color">H7_ACCENT_COLOR</color>
    <!-- Weather Content Color End -->

    <!-- Stock Content Color Start -->
    <color name="stock_single_uptrend">#f0460e</color>
    <color name="stock_single_downtrend">#5bb755</color>
    <!-- Stock Content Color End -->

    <!-- Music Content Color Start -->
    <color name="music_song">#D9FFFFFF</color>
    <color name="music_singer">#FF12D4DC</color>
    <color name="music_item_selected">#1BAFE6</color>
    <!-- Music Content Color End -->

    <!-- Restaurant content color Start -->
    <color name="restaurant_text_color">#D9FFFFFF</color>
    <color name="restaurant_avg_price_color">#A6FFFFFF</color>
    <!-- Restaurant content color Start -->

    <!-- DTS2015010811153  h00173023/z00181027 20150104 add begin. -->
    <!-- preference title color -->
    <color name="oneshot_training_tips">#7fffffff</color>
    <color name="emui_text_dark">#bfffffff</color>
    <color name="emui_primary_text_dark_disabled">#33ffffff</color>
    <!-- preference summary color -->
    <color name="emui_list_summary_default">#7fffffff</color>
    <color name="emui_text_summary_dark">#7fffffff</color>
    <color name="emui_summary_text_dark_disabled">#33ffffff</color>

    <color name="emui_list_primary_default">#ffffff</color>
    <color name="oneshot_tip_recording">#7fffffff</color>

    <!-- DTS2015010811153  h00173023/z00181027 20150104 add end. -->
    <color name="va_privacy_color">H7_ACCENT_COLOR</color>
    <color name="oneshot_setting_color">#FF21508E</color>
    <color name="ic_arrow_tint_color">#33ffffff</color>
    <color name="preference_group_background">#424242</color>
    <color name="oneshot_tutorial_txt">#ffffffff</color>

    <color name="tranning_first_background_one">#8fffffff</color>
    <color name="tranning_first_background_two">#36ffffff</color>
    <color name="tranning_first_background_three">#19ffffff</color>
    <color name="tranning_second_background_one">#36ffffff</color>
    <color name="tranning_second_background_two">#0cffffff</color>
    <color name="tranning_second_background_three">#9Bffffff</color>
    <color name="tranning_third_background">#33ffffff</color>
    <color name="tranning_fouth_background">#ffffff</color>
    <color name="tranning_progress_paint">#ffffff</color>

    <color name="list_text_color_emui_summary">#33ffffff</color>

    <color name="black_color_txt_alpha_50">#80ffffff</color>

    <color name="half_txt_color_alpha_85">#d9ffffff</color>

    <color name="black_color_txt_alpha_60">#9AFFFFFF</color>

    <color name="black_color_txt_alpha_30">#4DFFFFFF</color>

    <color name="black_color_txt_alpha_100">#ffffff</color>

    <color name="about_activity_version_name">#7fffffff</color>
    <color name="about_activity_version_number">#7fffffff</color>
    <color name="settings_line_color">#32ffffff</color>
</resources>
