<?xml version="1.0" encoding="utf-8"?>
<resources>

	<color name="more_wallpaper_textcolor" >#ffffff</color>
	<color name="account_card_view_text ">#ffffff</color>
	<color name="CS_background">H7_BACKGROUND_TWO</color>
	<color name="CS_black">#ffffff</color>
	<color name="CS_black_0_percent">#969696</color>
	<color name="CS_black_20_percent">#33FFFFFF</color>
	<color name="CS_black_50_percent">#80ffffff</color>
	<color name="CS_black_100_percent">#ffFFFFFF</color>
	<color name="CS_emui_color_gray_1">H7_ACTIONBAR</color>
	<color name="CS_emui_color_gray_10">#E6E6E6</color>
	<color name="CS_panel_bg">#222222</color>
	<color name="CS_panel_bg">H7_BACKGROUND_TWO</color>
	<color name="accent_on_disable_dark_emui">H7_ACCENT_COLOR_DISABLED</color>
	<color name="account_card_view_text">H7_ACCENT_COLOR</color>
	<color name="background_fit_color_5">H7_ACTIONBAR</color>
	<color name="blank_view_color">H7_BACKGROUND_TWO</color>
	<color name="boutique_zone_tab_background">H7_ACTIONBAR</color>
	<color name="color_bottom_end_diver">#33ffffff</color>
	<color name="color_favorites_rect">H7_BACKGROUND_TWO</color>
	<color name="color_ok_icon">H7_BACKGROUND_TWO</color>
	<color name="color_pic_bash">#0fffffff</color>
	<color name="color_pic_bash">#FFffffff</color>
	<color name="color_white_alpha_20">H7_BACKGROUND_PRESS</color>
	<color name="common_button_disable_color">H7_ACCENT_COLOR</color>
	<color name="common_button_normal_color">#ccffffff</color>
	<color name="common_button_normal_color">H7_ACCENT_COLOR</color>
	<color name="common_button_press_color">#80ffffff</color>
	<color name="common_button_press_color">H7_ACCENT_COLOR</color>
	<color name="count_bag_color">H7_BACKGROUND_TWO</color>
	<color name="cover_translucence_color">H7_BACKGROUND_PRESS</color>
	<color name="current_text_color">H7_ACCENT_COLOR</color>
	<color name="designer_bg">H7_ACTIONBAR</color>
	<color name="designer_common_textcolor">#ffffff</color>
	<color name="designer_hwauth_textcolor">H7_BACKGROUND_TWO</color>
	<color name="divider_color">#33e6e6e6</color>
	<color name="emui_accent">#ffffff</color> 
	<color name="emui_accent">H7_ACCENT_COLOR</color>
	<color name="emui_black">#ffffff</color>
	<color name="emui_black">#ffffff</color> 
	<color name="emui_color_1">H7_ACCENT_COLOR</color>
	<color name="emui_color_11">#FFBF00</color>
	<color name="emui_color_bg">H7_BACKGROUND_TWO</color>
	<color name="emui_color_fg">#FFffffff</color>
	<color name="emui_color_gray_1">#262626</color>
	<color name="emui_color_gray_1">H7_ACTIONBAR</color>
	<color name="emui_color_gray_1">H7_ACTIONBAR</color> 
	<color name="emui_color_gray_1">H7_BACKGROUND_TWO</color>
	<color name="emui_color_gray_1_no_dark">H7_ACTIONBAR</color>
	<color name="emui_color_gray_2">H7_BACKGROUND_TWO</color>
	<color name="emui_color_gray_2">H7_BACKGROUND_TWO</color> 
	<color name="emui_color_gray_4">#33ffffff</color>
	<color name="emui_color_gray_4">H7_BACKGROUND_TWO</color> 
	<color name="emui_color_gray_5">#4CE6E6E6</color>
	<color name="emui_color_gray_5">#80ffffff</color> 
	<color name="emui_color_gray_5">#ffffff</color>
	<color name="emui_color_gray_6">#80ffffff</color>
	<color name="emui_color_gray_7">#80ffffff</color>
	<color name="emui_color_gray_7">#808080</color>
	<color name="emui_color_gray_10">#E6E6E6</color>
	<color name="emui_color_gray_10">#ffffff</color>
	<color name="emui_color_gray_10_no_dark">#ffffff</color>
	<color name="emui_color_secondary">#80ffffff</color>
	<color name="emui_color_text_primary">#80ffffff</color>
	<color name="emui_color_text_primary">#ffffff</color>
	<color name="emui_color_text_secondary">#80ffffff</color>
	<color name="emui_functioanl_blue_dark">H7_ACCENT_COLOR</color>
	<color name="emui_functional_blue">#ffffff</color>
	<color name="emui_functional_blue">H7_ACCENT_COLOR</color>
	<color name="emui_primary">#ffffff</color>
	<color name="emui_primary_inverse">#ffffff</color>
	<color name="emui_rating_bar_color">#ffffff</color>
	<color name="emui_ratingbar_black">#272727</color>
	<color name="emui_ratingbar_black">H7_BACKGROUND_TWO</color>
	<color name="emui_selector_text_primary">#80ffffff</color>
	<color name="emui_text_disabled">#61ffffff</color>
	<color name="emui_text_hint">#7Fffffff</color>
	<color name="emui_text_hint_inverse">#99ffffff</color>
	<color name="emui_text_inverse_disable">#61ffffff</color>
	<color name="emui_text_primary">#ffffff</color>
	<color name="emui_text_primary_inverse">#ffffff</color>
	<color name="emui_text_secondary_inverse">#80ffffff</color>
	<color name="emui_white">H7_BACKGROUND_TWO</color>
	<color name="emui_white_dialog">H7_BACKGROUND</color>
	<color name="expandable_text_view_body_default">#E6E6E6</color>
	<color name="feedback_text_color1">#F0F0F0</color>
	<color name="feedback_text_color1">#ffffff</color>
	<color name="feedback_text_color2">#ADADAD</color>
	<color name="feedback_text_color3">#80ffffff</color>
	<color name="feedback_text_color3">#ADADAD</color>
	<color name="font_samll_text">H7_ACCENT_COLOR</color> 
	<color name="hiad_emui_color_gray_1">H7_ACTIONBAR</color>
	<color name="home_default">H7_ACTIONBAR</color>
	<color name="home_default">H7_BACKGROUND_TWO</color>
	<color name="home_default">H7_BACKGROUND_TWO</color> 
	<color name="home_default_brush">#4D4D4D</color>
	<color name="home_default_brush">#a1ffffff</color>
	<color name="hwbottomnavigationview_bg">H7_ACTIONBAR_BLUR</color>
	<color name="hwbutton_text_color">#D8ffffff</color>
	<color name="hwbutton_text_disabled">#41ffffff</color>
	<color name="hwbutton_text_emphasize_color">#D8ffffff</color>
	<color name="hwbutton_text_emphasize_disabled">#41ffffff</color>
	<color name="hwcheckbox_accent_off_dark_emui">#33FFFFFF</color>
	<color name="hwcheckbox_accent_off_disable_dark_emui">#19FFFFFF</color>
	<color name="hwcheckbox_accent_on_dark_emui">H7_ACCENT_COLOR</color>
	<color name="hwcheckbox_inner_checked_mark">#e6e6e6</color>
	<color name="hwcheckbox_inner_disable_dark">#33ffffff</color>
	<color name="hwcheckbox_inner_normal_dark">#80ffffff</color>
	<color name="hwcheckbox_off_mask">H7_BACKGROUND_TWO</color>
	<color name="hwedit_emui_black_color_alpha_30">#4CE6E6E6</color>
	<color name="hwedit_emui_black_color_alpha_30">H7_ACTIONBAR</color>
	<color name="hwedit_emui_edit_text_hint_color">#33ffffff</color>
	<color name="hwspinner_item_disabled">#80ffffff</color>
	<color name="hwtoggle_text_color_emui">#ffffff</color> 
	<color name="hwtoolbar_status_color">H7_ACTIONBAR</color>
	<color name="icon_normal_default_color">H7_BACKGROUND_TWO</color>
	<color name="icon_white_bg_default_color">H7_ACCENT_COLOR</color>
	<color name="icon_white_bg_pressed_color">H7_ACCENT_COLOR_PRESS</color>
	<color name="line_view_bg">#33ffffff</color>
	<color name="line_view_bg">H7_ACTIONBAR</color>
	<color name="line_view_bg">H7_BACKGROUND_TWO</color> 
	<color name="list_shortcut_tab_color">#E6E6E6</color>
	<color name="list_shortcut_tab_color">#ffffff</color>
	<color name="live_font_loding_bg">#808080</color>
	<color name="live_font_send">#80ffffff</color>
	<color name="live_wallpaper_thumbnail_text_color">H7_ACTIONBAR</color>
	<color name="mask_color">#26ffffff</color> 
	<color name="mask_color">#33ffffff</color>
	<color name="material_grey_50">H7_ACTIONBAR</color>
	<color name="material_grey_100">H7_ACTIONBAR</color>
	<color name="mention_user_name">#80e6e6e6</color>
	<color name="more_and_refresh_color">H7_ACTIONBAR</color>
	<color name="more_title_press">#ffffff</color>
	<color name="more_title_press">H7_ACCENT_COLOR</color>
	<color name="more_wallpaper_devidecolor">H7_ACTIONBAR</color>
	<color name="more_wallpaper_textcolor">#e6e6e6</color>
	<color name="new_topic_back_color">H7_BACKGROUND_TWO</color>
	<color name="no_resource_svg_color">#80ffffff</color>
	<color name="no_resource_svg_color">#ffffff</color>
	<color name="online_wallpaper_share_color">H7_ACTIONBAR</color>
	<color name="overlay_blur_color">H7_ACTIONBAR_BLUR</color>
	<color name="pps_download_btn_bg">H7_ACTIONBAR</color>
	<color name="pps_download_btn_text">H7_ACCENT_COLOR</color>
	<color name="pps_download_btn_text">H7_ACTIONBAR</color>
	<color name="pps_download_btn_text_2">H7_ACTIONBAR</color>
	<color name="private_policy_normal">#80ffffff</color>
	<color name="private_policy_normal">H7_ACCENT_COLOR</color>
	<color name="private_policy_press">H7_ACCENT_COLOR_PRESS</color>
	<color name="progress_bg_color">H7_BACKGROUND_TWO</color>
	<color name="progress_button_content">H7_ACCENT_COLOR_DISABLED</color>
	<color name="progress_button_content">H7_ACCENT_COLOR_PRESS</color>
	<color name="progress_button_content_normal">H7_ACCENT_COLOR_PRESS</color>
	<color name="progress_button_content_pressed">H7_ACCENT_COLOR_DISABLED</color>
	<color name="progress_button_content_pressed">H7_ACCENT_COLOR_PRESS</color>
	<color name="progress_button_line">H7_ACCENT_COLOR</color>
	<color name="progress_button_textcolor">H7_ACCENT_COLOR</color>
	<color name="progressbar_background">#33ffffff</color>
	<color name="progressbar_background">#80808080</color>
	<color name="progressbar_progress">#33ffffff</color>
	<color name="progressbar_progress">H7_ACCENT_COLOR</color>
	<color name="ranking_bg_color">H7_BACKGROUND_TWO</color>
	<color name="ranking_text_color_primary">#ffffff</color>
	<color name="ranking_text_color_secondary">#D8ffffff</color>
	<color name="recommend_card_bg_color">H7_ACCENT_COLOR</color>
	<color name="recommend_card_bg_color">H7_BACKGROUND_TWO</color>
	<color name="recommend_subtitle_color2">H7_ACCENT_COLOR</color>
	<color name="recommend_subtitle_color">#ffffff</color>
	<color name="recommend_subtitle_color">H7_ACCENT_COLOR</color>
	<color name="recommend_title_color">#99ffffff</color>
	<color name="recommend_title_color">H7_ACCENT_COLOR_PRESS</color>
	<color name="resource_description_color">#80e6e6e6</color>
	<color name="resource_description_color">#80ffffff</color>
	<color name="ring_background_color">#696969</color>
	<color name="ring_background_color">H7_ACTIONBAR</color>
	<color name="ring_background_color">H7_BACKGROUND_TWO</color>
	<color name="ring_bg_color">#ffffffff</color> 
	<color name="ring_bg_color">H7_ACTIONBAR</color>
	<color name="ring_text_color_primary">#ffffff</color>
	<color name="ring_text_color_secondary">#80ffffff</color>
	<color name="scrollbar_bg_color">H7_BACKGROUND</color>
	<color name="scrollbar_bg_color">H7_BACKGROUND_TWO</color>
	<color name="scrollbar_color">#33ffffff</color>
	<color name="search_color">#ffffff</color>
	<color name="search_input_color">#ffffff</color>
	<color name="search_view_bg">#4DFFFFFF</color>
	<color name="search_view_bg">#33ffffff</color>
	<color name="search_view_hint_color">#33ffffff</color>
	<color name="searchview_editview_bg">#4DFFFFFF</color>
	<color name="searchview_editview_bg">#80000000</color>
	<color name="searchview_editview_bg">H7_ACTIONBAR</color>
	<color name="share_preview_bg_color">H7_ACTIONBAR</color>
	<color name="share_preview_bg_color">H7_BACKGROUND</color>
	<color name="share_preview_bg_color">H7_BACKGROUND_TWO</color>
	<color name="shortcut_bg_color">H7_ACTIONBAR</color>
	<color name="shortcut_center">H7_ACCENT_COLOR</color>
	<color name="skin_overlay_blur_color">H7_ACTIONBAR_BLUR</color>
	<color name="skin_sub_tab_indicator_color">H7_ACTIONBAR</color>
	<color name="skin_tab_bg_color">H7_ACTIONBAR</color>
	<color name="skin_tab_bottom_icon_active_color">H7_ACCENT_COLOR</color>
	<color name="skin_tab_bottom_icon_default_color">#D8ffffff</color>
	<color name="skin_white_color">H7_ACTIONBAR</color>
	<color name="status_bar_color">H7_BACKGROUND_TWO</color>
	<color name="tab_bottow_color_navigationin_sink">H7_ACTIONBAR_BLUR</color>
	<color name="tab_bottow_color_select">H7_ACCENT_COLOR</color>
	<color name="tab_toolbar_color">H7_BACKGROUND_TWO</color>
	<color name="theme_preview_info_title_color">#80ffffff</color>
	<color name="theme_title_color">#ffffffff</color>
	<color name="tips_and_divider_color">H7_BACKGROUND_TWO</color>
	<color name="title_gray">#F8F8FF</color>
	<color name="title_gray">H7_ACCENT_COLOR</color>
	<color name="toolbar_bg_color">H7_ACTIONBAR_BLUR</color>
	<color name="toolbar_progress_color">#999999</color>
	<color name="upsdk_blue_text_007dff">H7_ACCENT_COLOR</color>
	<color name="upsdk_category_button_select_pressed">H7_ACCENT_COLOR_PRESS</color>
	<color name="white">#ffffff</color>
</resources>