<?xml version="1.0" encoding="UTF-8"?><resources>
    <!-- 窗口背景色 -->
    <color name="pad_window_background">H7_BACKGROUND</color>
    <color name="window_background">H7_BACKGROUND</color>
    <!-- 分割线颜色定义 -->
    <!-- section背景色定义 -->
    <!-- 主题颜色定义 黑色主题 -->
    <color name="text_normal_white">H7_BACKGROUND</color>
    <!-- 窗口背景色 -->
    <!-- 首页淡红色错误提示背景色 -->
    <!--text颜色定义-->
    <!-- tab开头的颜色目前只用于首页 -->
    <color name="tab_text_color_selected">H7_ACCENT_COLOR</color>
    <color name="tab_text_color_selected_new">H7_ACCENT_COLOR</color>
    <color name="text_color_selected">H7_ACCENT_COLOR</color>
    <!-- sub tab类似卡券页面 -->
    <color name="sub_tab_text_color_selected">H7_ACCENT_COLOR</color>
    <!-- 如果btn背景色自定义为高亮色了 这里需要也自定义text的颜色 -->
    <!-- 一个section表示一个list里面的一块 参见'我的'页面 -->
    <!-- 参见搜索结果页面 -->
    <!-- label表示静态文本 -->
    <color name="label_highlight_text_color_normal">H7_ACCENT_COLOR</color>
    <color name="label_highlight_text_color_unable">H7_ACCENT_COLOR_DISABLED</color>
    <color name="label_highlight_text_color_pressed">H7_ACCENT_COLOR</color>
    <!-- paragraph表示大段文字 -->
    <!-- paragraph表示大段文字 -->
    <color name="paragraph_highlight_text_color_normal">H7_ACCENT_COLOR</color>
    <color name="url_text_color_normal">H7_ACCENT_COLOR</color>
    <!-- tab背景色定义 -->
    <color name="tab_bg_color_normal">H7_BACKGROUND</color>
    <color name="tab_slider_bg_color_selected">H7_ACCENT_COLOR</color>
    <color name="sub_tab_bg_color_selected">H7_ACCENT_COLOR_DISABLED</color>
    <color name="sub_tab_stroke_color_normal">H7_ACCENT_COLOR_DISABLED</color>
    <color name="sliding_tab_bg_color_selected">H7_ACCENT_COLOR</color>
    <!-- edittext 背景色定义 -->
    <!-- 圆点指示器的颜色 -->
    <!-- 会员成长值曲线 -->
    <!-- imageView 背景 -->
    <color name="btn_blue">H7_ACCENT_COLOR</color>
    <color name="btn_manual">H7_ACCENT_COLOR</color>
    <!--ItemActiveColor-->
    <color name="emui_accent">H7_ACCENT_COLOR</color>
    <color name="notice_btn_blue">H7_ACCENT_COLOR</color>
    <color name="emui_functional_blue">H7_ACCENT_COLOR</color>
    <!--华为账号SDK的主题颜色-->
    <color name="CS_background">H7_BACKGROUND</color>
    <color name="feedback_sdk_common_btn_blue">H7_ACCENT_COLOR</color>
    <color name="feedback_sdk_tab_slider_bg_color_selected">H7_ACCENT_COLOR</color>
    <color name="feedback_sdk_notice_view_pad_background">H7_BACKGROUND</color>
    <color name="feedback_sdk_notice_view_background">H7_BACKGROUND</color>
    <color name="emui_white_bg">H7_BACKGROUND</color>
    <!--物流进度背景色-->
    <color name="label_service_work_color_remark">H7_ACCENT_COLOR</color>
    <color name="knowledge_evaluate">H7_ACCENT_COLOR</color>
    <color name="pad_window_background">H7_BACKGROUND</color>
    <color name="window_background">H7_BACKGROUND</color>
    <!-- tab开头的颜色目前只用于首页 -->
    <!-- sub tab类似卡券页面 -->
    <!-- 参见搜索结果页面 -->
    <!-- label表示静态文本 -->
    <!-- paragraph表示大段文字 -->
    <!-- paragraph表示大段文字 -->
    <!-- tab背景色定义 -->
    <color name="tab_bg_color_normal">H7_BACKGROUND</color>
    <!-- edittext 背景色定义 -->
    <!-- 圆点指示器的颜色 -->
    <!-- 会员成长值曲线 -->
    <!-- imageView 背景 -->
    <color name="btn_blue">H7_ACCENT_COLOR</color>
    <color name="action_bar_grey">H7_ACTIONBAR</color>
    <!--ItemActiveColor-->
    <color name="action_bar_grey_search">H7_ACTIONBAR</color>
    <color name="emui_color_gray_1">H7_ACTIONBAR</color>
    <color name="emui_color_gray_3">H7_ACTIONBAR</color>
    <color name="emui_color_gray_4">H7_ACTIONBAR</color>
    <!--华为账号SDK的主题颜色-->
    <color name="CS_background">H7_BACKGROUND</color>
    <color name="feedback_sdk_problem_question_info_bg">H7_ACTIONBAR</color>
    <color name="feedback_sdk_common_btn_blue">H7_ACCENT_COLOR</color>
    <color name="feedback_sdk_action_bar_grey">H7_ACTIONBAR</color>
    <color name="feedback_sdk_notice_view_pad_background">H7_BACKGROUND</color>
    <color name="feedback_sdk_notice_view_background">H7_BACKGROUND</color>
    <color name="hotline_item_bg">H7_ACTIONBAR</color>
    <color name="emui_white_bg">H7_BACKGROUND</color>
    <!--物流进度背景色-->
    <color name="function_evaluate_bg">H7_ACTIONBAR</color>
    <!-- 隐私 -->
    <!-- System Color -->
    <!-- Widget Color -->
    <!-- Other Color -->
    <!-- Icon Color -->
    <!-- Text Color -->
    <!-- 9.x color -->
    <color name="emui_color_gray_1">H7_ACTIONBAR</color>
    <color name="emui_color_gray_3">H7_ACTIONBAR</color>
    <color name="emui_color_gray_4">H7_ACTIONBAR</color>
    <color name="emui_white_bg">H7_BACKGROUND</color>
    <!-- alpha define dark -->
    <item name="emui_primary_content_alpha" format="float" type="dimen">.66</item>
    <item name="emui_secondary_content_alpha" format="float" type="dimen">.5</item>
    <item name="emui_tertiary_content_alpha" format="float" type="dimen">.38</item>
    <item name="emui_disabled_alpha" format="float" type="dimen">.38</item>
    <item name="emui_highlight_bg_alpha" format="float" type="dimen">.38</item>
    <item name="emui_normal_bg_alpha" format="float" type="dimen">.1</item>
    <item name="emui_tips_bg_alpha" format="float" type="dimen">.1</item>
    <item name="emui_divider_alpha" format="float" type="dimen">.1</item>
    <color name="device_center_bg_color">H7_ACTIONBAR</color>
    <!--  svg color  -->
    <!--智能检测进度框-->
    <!-- 空白页面的图标都是这个颜色  start -->
    <!-- 空白页面的图标都是这个颜色 end -->
    <!-- hwbottomnavigationview -->
    <color name="hwbottomnav_blur_color">H7_ACTIONBAR</color>
    <!-- hwcommon -->
    <!--通用异常错误页面pad下的背景色-->
    <color name="faq_sdk_notice_view_pad_background">H7_BACKGROUND</color>
    <!--通用异常错误页面的背景色-->
    <color name="faq_sdk_notice_view_background">H7_BACKGROUND</color>
    <!--通用异常页面的文字颜色-->
    <!--section的背景色-->
    <!--section的标题文字颜色-->
    <!--grid 分割线颜色-->
    <!--list 分割线颜色-->
    <!--list 选中状态背景色-->
    <!--list 每个item文字颜色-->
    <!--正常文本文字颜色-->
    <!--次级文本文字颜色-->
    <!--高亮文本文字颜色-->
    <color name="faq_sdk_label_highlight_text_color_normal">H7_ACCENT_COLOR</color>
    <!--list提示文本的颜色-->
    <!--主题颜色-->
    <color name="faq_sdk_action_bar_grey">H7_ACTIONBAR</color>
    <color name="faq_sdk_btn_blue">H7_ACCENT_COLOR</color>
    <color name="faq_sdk_share_bg">H7_ACTIONBAR</color>
    <color name="btn_blue">H7_ACCENT_COLOR</color>
    <color name="faq_sdk_category_menu_bg">H7_ACTIONBAR</color>
</resources>