<?xml version="1.0" encoding="UTF-8"?><resources>

    <item type="drawable" name="activity_bg">H7_BACKGROUND_TWO</item>
    <item type="drawable" name="hw_screen_background_gray">H7_BACKGROUND_TWO</item>
    <item type="drawable" name="list_header_bg">H7_BACKGROUND_TWO</item>
    <item type="drawable" name="list_item_bg">H7_BACKGROUND_TWO</item>
    
    <item type="drawable" name="clone_blue_bg">H7_ACCENT_COLOR</item>
    <item type="drawable" name="grid_item_press">H7_ACCENT_COLOR_PRESS</item>
    <item type="drawable" name="item_press_bg">H7_ACCENT_COLOR_PRESS</item>
    
    <item type="drawable" name="top_bar_bg">H7_ACCENT_COLOR</item>

    <color name="hw_black">H7_BACKGROUND_TWO</color>
    
    
    
    <color name="CS_background">H7_BACKGROUND_TWO</color>
    
    
    
    
    
    
    
    
    
    
    
    
    
    
    
    
    <color name="CS_blue">H7_ACCENT_COLOR</color>
    <color name="CS_blue_text">H7_ACCENT_COLOR</color>
    
    
    
    
    
    
    
    
    
    
    
    
    <color name="CS_more_detail">H7_ACCENT_COLOR</color>
    <color name="CS_password_and_welcome_color">H7_ACCENT_COLOR</color>
    
    
    <color name="CS_textview_jump_color">H7_ACCENT_COLOR</color>
    
    
    
    
    
    <color name="album_list_bg">H7_BACKGROUND_TWO</color>
    
    <color name="attention_color_30">H7_ACCENT_COLOR_PRESS</color>
    <color name="bg_color_light">H7_BACKGROUND_TWO</color>
    
    
    
    
    
    
    
    
    
    
    
    
    
    
    
    
    
    
    
    
    
    
    
    
    
    <color name="emui_accent">H7_ACCENT_COLOR</color>
    <color name="emui_accent_inverse">H7_ACCENT_COLOR</color>
    <color name="emui_accent_pressed">H7_ACCENT_COLOR</color>
    <color name="emui_background_light">H7_ACTIONBAR</color>
    
    <color name="emui_blue_dark">H7_ACCENT_COLOR</color>
    <color name="emui_blue_light">H7_ACCENT_COLOR</color>
    
    <color name="emui_bright_foreground_light">H7_BACKGROUND_TWO</color>
    
    
    
    
    
    
    
    
    
    
    
    
    
    
    
    
    
    
    
    
    
    
    <color name="emui_color_bg">H7_BACKGROUND_TWO</color>
    
    
    
    
    
    
    <color name="emui_color_gray_1">H7_ACTIONBAR</color>
    
    <color name="emui_color_gray_2">H7_ACTIONBAR</color>
    <color name="emui_color_gray_3">H7_ACTIONBAR</color>
    
    
    
    
    
    
    
    
    
    
    
    
    
    <color name="emui_color_text_highlight">H7_ACCENT_COLOR_PRESS</color>
    
    
    
    
    <color name="emui_control_highlight">H7_ACCENT_COLOR</color>
    
    
    <color name="emui_dialog_blue_light">H7_ACCENT_COLOR</color>
    
    
    <color name="emui_fab_bg_normal">H7_ACCENT_COLOR</color>
    <color name="emui_fab_bg_pressed">H7_ACCENT_COLOR</color>
    
    <color name="emui_functional_blue">H7_ACCENT_COLOR</color>
    <color name="emui_functional_blue_inverse">H7_ACCENT_COLOR</color>
    
    
    
    
    <color name="emui_highlighted_text">H7_ACCENT_COLOR_PRESS</color>
    
    
    
    
    
    
    
    
    
    
    
    
    
    
    
    
    
    
    
    
    
    
    
    
    
    
    
    
    
    
    
    
    
    
    
    
    
    
    <color name="emui_white_bg">H7_BACKGROUND_TWO</color>
    <color name="feedback_actionbar_bg">H7_ACTIONBAR</color>
    <color name="feedback_actionbar_color_bg">H7_ACTIONBAR</color>
    
    
    
    
    
    
    
    
    <color name="feedback_detail_edit_color">H7_ACTIONBAR</color>
    
    
    
    <color name="feedback_highlight_color">H7_ACCENT_COLOR</color>
    <color name="feedback_highlight_color_disable">H7_ACCENT_COLOR_DISABLED</color>
    
    
    
    
    
    
    <color name="feedback_smarthelper_user_textview_bg">H7_ACCENT_COLOR</color>
    <color name="feedback_spannable_click_color">H7_ACCENT_COLOR_PRESS</color>
    
    
    
    
    
    
    
    
    
    
    
    <color name="hicloud_activity_bg">H7_BACKGROUND_TWO</color>
    
    
    
    
    
    <color name="hidisk_action_bar_bg_gray">H7_ACTIONBAR</color>
    <color name="hidisk_action_bar_bg_gray_8_0">H7_ACTIONBAR</color>
    <color name="hidisk_action_bar_bg_white">H7_BACKGROUND_TWO</color>
    <color name="hidisk_action_bar_bg_white_8_0">H7_BACKGROUND_TWO</color>
    
    <color name="hidisk_autolink_color">H7_ACCENT_COLOR</color>
    
    
    
    <color name="hidisk_btn_lock_bgcolor">H7_BACKGROUND_TWO</color>
    <color name="hidisk_color_about_backgroud">H7_BACKGROUND_TWO</color>
    
    
    
    
    
    
    
    
    
    
    
    
    
    
    <color name="hidisk_color_download_progress_solid">H7_BACKGROUND_TWO</color>
    <color name="hidisk_color_download_progress_widget_background">H7_ACCENT_COLOR</color>
    <color name="hidisk_color_download_progress_widget_background_solid">H7_ACCENT_COLOR_DISABLED</color>
    <color name="hidisk_color_download_progress_widget_background_stroke">H7_ACCENT_COLOR</color>
    <color name="hidisk_color_download_progress_widget_progress_solid">H7_ACCENT_COLOR_DISABLED</color>
    <color name="hidisk_color_download_progress_widget_secondaryprogress_stroke">H7_ACCENT_COLOR</color>
    
    
    
    <color name="hidisk_color_search_online">H7_ACCENT_COLOR</color>
    
    
    
    <color name="hidisk_color_windowtitle_text">H7_BACKGROUND_TWO</color>
    
    <color name="hidisk_default_background">H7_BACKGROUND_TWO</color>
    
    
    
    
    
    
    
    
    
    
    
    
    
    
    <color name="hidisk_navigation_bar_bg_gray">H7_ACTIONBAR</color>
    <color name="hidisk_navigation_bar_bg_white">H7_BACKGROUND_TWO</color>
    
    
    
    
    
    
    <color name="hidisk_policy_textview_normal">H7_ACCENT_COLOR</color>
    
    
    
    
    
    <color name="hidisk_search_cursor_color">H7_ACCENT_COLOR</color>
    <color name="hidisk_search_cursor_color_8">H7_ACCENT_COLOR</color>
    <color name="hidisk_search_hight_light_color">H7_ACCENT_COLOR</color>
    
    
    
    
    
    
    <color name="hidisk_settingBackcolor">H7_BACKGROUND_TWO</color>
    <color name="hidisk_sub_tab_bg">H7_ACTIONBAR</color>
    
    
    <color name="hidisk_white">H7_BACKGROUND_TWO</color>
    
    
    
    
    <color name="hw_button_text">H7_BACKGROUND_TWO</color>
    
    
    <color name="hw_color_inverse">H7_BACKGROUND_TWO</color>
    
    
    <color name="hw_emergency_dialer_bg">H7_BACKGROUND_TWO</color>
    
    
    
    
    
    
    
    
    <color name="hw_read_bgcolor">H7_BACKGROUND_TWO</color>
    
    
    
    
    <color name="hwbottomnav_blur_color">H7_ACTIONBAR</color>
    <color name="hwbottomnav_emui_accent">H7_ACCENT_COLOR</color>
    
    
    <color name="hwbottomnavigationview_bg">H7_ACTIONBAR</color>
    
    
    
    
    <color name="hwcheckbox_accent_on_dark_emui">H7_ACCENT_COLOR</color>
    
    <color name="hwcheckbox_emui_black">H7_BACKGROUND_TWO</color>
    
    
    
    
    <color name="hwcheckbox_off_mask">H7_BACKGROUND_TWO</color>
    
    
    
    
    
    
    
    <color name="hwdownload_color">H7_ACCENT_COLOR</color>
    
    
    <color name="hwradiobutton_accent_on_dark_emui">H7_ACCENT_COLOR</color>
    <color name="hwradiobutton_accent_on_disable_dark_emui">H7_ACCENT_COLOR_DISABLED</color>
    
    
    
    
    
    
    
    
    
    <color name="hwsubtab_emui_color_bg">H7_BACKGROUND_TWO</color>
    
    <color name="hwsubtab_emui_subtab_text_on">H7_ACCENT_COLOR</color>
    <color name="hwsubtab_indicator_color">H7_ACCENT_COLOR</color>
    
    
    
    
    
    
    
    
    
    
    
    
    
    
    
    
    <color name="oobe_btn_pressed">H7_ACCENT_COLOR_PRESS</color>
    
    
    
    
    
    <color name="select">H7_ACCENT_COLOR</color>
    <color name="sub_tab_title_selected_emui">H7_ACCENT_COLOR</color>
    <color name="sub_tab_title_selected_pressed_emui">H7_ACCENT_COLOR</color>
    <color name="tab_selected_text_color2">H7_ACCENT_COLOR_PRESS</color>
    <color name="tab_unselected_text_color">H7_ACCENT_COLOR</color>
    
    
    
    
    
    
    
    <color name="voicemail_background_theme">H7_BACKGROUND_TWO</color>
    <color name="CS_background_801_oversea">H7_BACKGROUND_TWO</color>
    
    <color name="CS_blue_color">H7_ACCENT_COLOR</color>
    <color name="CS_blue_text_20_percent">H7_ACCENT_COLOR_DISABLED</color>
    <color name="CS_blue_text_pressed">H7_ACCENT_COLOR_PRESS</color>
    
    
    
    
    
    
    <color name="accent_emui">H7_ACCENT_COLOR</color>
    <color name="accent_emui_dark">H7_ACCENT_COLOR</color>
    
    <color name="accent_emui_emphasize">H7_ACCENT_COLOR</color>
    <color name="accent_emui_emphasize_disabled">H7_ACCENT_COLOR_DISABLED</color>
    <color name="accent_emui_emphasize_pressed">H7_ACCENT_COLOR_PRESS</color>
    <color name="accent_emui_pressed">H7_ACCENT_COLOR_PRESS</color>
    
    
    
    
    
    
    <color name="accent_on_dark_emui">H7_ACCENT_COLOR</color>
    <color name="accent_on_disable_dark_emui">H7_ACCENT_COLOR_DISABLED</color>
    <color name="accent_on_disable_emui">H7_ACCENT_COLOR_PRESS</color>
    
    
    
    <color name="all_background_color">H7_BACKGROUND_TWO</color>
    
    <color name="alphaindexer_selected_alpha_color">H7_ACCENT_COLOR</color>
    
    
    
    
    
    
    
    
    
    
    
    
    
    
    
    
    
    
    
    
    <color name="blue_emui5_text">H7_ACCENT_COLOR</color>
    <color name="blue_text_color">H7_ACCENT_COLOR</color>
    
    
    
    
    
    
    <color name="clone_app_mark_bg_color">H7_ACCENT_COLOR</color>
    
    
    
    
    
    
    
    
    
    
    
    
    
    
    <color name="cloudsetting_color_actionbar_themecolor">H7_BACKGROUND_TWO</color>
    
    <color name="cloudsetting_color_primary_theme5">H7_BACKGROUND_TWO</color>
    
    <color name="cloudsetting_dowanload_progressbar_color">H7_ACCENT_COLOR</color>
    
    
    <color name="cloudsetting_white_needchange">H7_BACKGROUND_TWO</color>
    
    
    <color name="color_loading_bottom_view_bg">H7_BACKGROUND_TWO</color>
    
    <color name="cs_emui_accent">H7_ACCENT_COLOR</color>
    
    
    
    
    
    
    <color name="dialog_title_color">H7_ACCENT_COLOR</color>
    
    
    
    
    
    
    
    
    
    <color name="emui_black_color_alpha_100">H7_BACKGROUND_TWO</color>
    
    
    
    
    
    
    
    
    
    
    <color name="emui_custom_panel_background">H7_BACKGROUND_TWO</color>
    <color name="emui_detail_text_pressed">H7_ACCENT_COLOR</color>
    
    
    
    <color name="emui_functional_blue_disable">H7_ACCENT_COLOR_PRESS</color>
    
    
    
    
    
    
    
    
    
    <color name="emui_master_color_11">H7_BACKGROUND_TWO</color>
    
    
    
    <color name="emui_master_color_5">H7_ACCENT_COLOR</color>
    
    
    
    
    
    
    
    
    
    
    
    
    
    
    
    
    
    
    
    
    
    
    
    
    
    
    
    
    
    
    
    
    
    
    
    
    
    
    
    
    
    
    <color name="emui_progressbar_loading_fill_color">H7_ACCENT_COLOR</color>
    
    
    
    
    
    
    
    
    
    
    
    
    
    
    
    
    
    
    
    
    
    
    <color name="fastapp_blue_text_007dff">H7_ACCENT_COLOR</color>
    
    
    
    
    
    <color name="hmspush_click_span">H7_ACCENT_COLOR</color>
    
    
    
    <color name="hwbottomnav_blue_color">H7_ACTIONBAR</color>
    
    
    
    
    
    
    
    
    <color name="hwdotspageindicator_emui_primary">H7_ACCENT_COLOR</color>
    
    
    
    <color name="hwid_check_theme_color">H7_BACKGROUND_TWO</color>
    <color name="hwid_check_theme_dark_color">H7_BACKGROUND_TWO</color>
    
    
    
    
    <color name="hwpush_bgcolor_gray">H7_BACKGROUND_TWO</color>
    
    
    
    
    <color name="hwradiobutton_off_mask">H7_BACKGROUND_TWO</color>
    <color name="hwsearchview_accent_emui_pressed">H7_ACCENT_COLOR_PRESS</color>
    
    
    <color name="hwspinner_accent_emui_dark">H7_ACCENT_COLOR</color>
    <color name="hwspinner_accent_emui_emphasize">H7_ACCENT_COLOR</color>
    <color name="hwspinner_accent_emui_emphasize_disabled">H7_ACCENT_COLOR_DISABLED</color>
    <color name="hwspinner_accent_emui_emphasize_pressed">H7_ACCENT_COLOR_PRESS</color>
    
    
    
    
    
    
    
    
    
    
    
    
    
    
    <color name="hwswitch_accent_emui">H7_ACCENT_COLOR</color>
    
    <color name="hwswitch_accent_on_dark_emui">H7_ACCENT_COLOR</color>
    
    
    <color name="hwswitch_on_disable_dark_emui">H7_ACCENT_COLOR_DISABLED</color>
    
    
    
    
    
    <color name="hwtoolbar_background">H7_ACTIONBAR</color>
    
    
    
    
    
    <color name="iap_brandcolor">H7_ACCENT_COLOR</color>
    <color name="iap_brandcolor_7_f">H7_ACCENT_COLOR_PRESS</color>
    <color name="iap_colorPrimary">H7_ACCENT_COLOR</color>
    
    
    
    
    
    
    
    
    
    
    
    
    
    
    
    
    
    
    
    
    
    <color name="iap_common_pad_offset_bg_color">H7_BACKGROUND_TWO</color>
    
    
    <color name="iap_common_white_100">H7_BACKGROUND_TWO</color>
    
    
    
    
    
    
    
    
    
    
    
    
    
    
    
    
    
    
    
    
    <color name="iap_f3_color">H7_BACKGROUND_TWO</color>
    
    
    
    <color name="iap_read_card_number_anim_background">H7_BACKGROUND_TWO</color>
    <color name="iap_read_card_number_flash_background">H7_BACKGROUND_TWO</color>
    <color name="iap_selection_devide_background">H7_ACTIONBAR</color>
    
    <color name="iap_wrap_progress_background_color">H7_BACKGROUND_TWO</color>
    <color name="iap_wrap_progress_color">H7_ACCENT_COLOR</color>
    
    
    
    
    
    
    
    
    
    
    <color name="medium_row_default_bg">H7_BACKGROUND_TWO</color>
    
    
    
    
    <color name="mw_divide_bg">H7_ACCENT_COLOR</color>
    
    
    
    <color name="navigationbar_emui_light">H7_BACKGROUND_TWO</color>
    
    
    
    
    
    
    
    
    
    
    
    <color name="primary_emui_light">H7_ACTIONBAR</color>
    
    
    
    
    <color name="ql_blue_text">H7_ACCENT_COLOR</color>
    
    
    
    
    
    
    
    
    
    
    
    
    
    
    
    
    <color name="small_area_jalam">H7_ACCENT_COLOR</color>
    <color name="small_area_jalam_disable">H7_ACCENT_COLOR_PRESS</color>
    
    
    
    
    
    
    
    <color name="sns_assist_menu_normal_text_color">H7_ACCENT_COLOR</color>
    <color name="sns_assist_menu_pressed_text_color">H7_ACCENT_COLOR_PRESS</color>
    
    
    
    <color name="sns_background">H7_BACKGROUND_TWO</color>
    
    
    
    
    
    
    
    
    
    
    
    
    
    
    
    
    <color name="sns_bottom_navigation_bg_color">H7_ACTIONBAR</color>
    <color name="sns_button_text_nomal">H7_ACCENT_COLOR</color>
    <color name="sns_button_text_pressed">H7_ACCENT_COLOR_PRESS</color>
    
    <color name="sns_chat_left_msg_bg_pressed">H7_ACTIONBAR</color>
    <color name="sns_chat_link_background">H7_ACTIONBAR</color>
    <color name="sns_chat_right_background_normal_bg">H7_ACCENT_COLOR</color>
    
    
    
    <color name="sns_check_theme_color">H7_BACKGROUND_TWO</color>
    <color name="sns_complain_notice">H7_ACCENT_COLOR</color>
    
    <color name="sns_divider_blod_color">H7_ACTIONBAR</color>
    <color name="sns_dowanload_progressbar_color">H7_ACCENT_COLOR</color>
    <color name="sns_emui4_default_color">H7_BACKGROUND_TWO</color>
    <color name="sns_fast_search_pup_num_color">H7_ACCENT_COLOR</color>
    
    
    
    
    
    
    
    <color name="sns_input_bg_color">H7_ACTIONBAR</color>
    
    
    
    <color name="sns_new_friend_background_color">H7_ACCENT_COLOR_DISABLED</color>
    <color name="sns_nickname_color">H7_ACCENT_COLOR</color>
    <color name="sns_panel_bg">H7_BACKGROUND_TWO</color>
    <color name="sns_photo_send">H7_ACCENT_COLOR</color>
    
    
    
    
    <color name="sns_search_word_color">H7_ACCENT_COLOR</color>
    
    
    <color name="sns_stop_visit_url_learn_more_press">H7_ACCENT_COLOR_PRESS</color>
    <color name="sns_stop_visit_url_learn_more_unpress">H7_ACCENT_COLOR</color>
    
    
    
    <color name="sns_tab_color_emui4_selected">H7_ACCENT_COLOR</color>
    <color name="sns_tab_color_emui5_selected">H7_ACCENT_COLOR</color>
    
    
    
    
    
    
    
    
    
    
    
    <color name="sns_zimu_bg_color">H7_ACCENT_COLOR</color>
    <color name="sns_zimu_color">H7_BACKGROUND_TWO</color>
    
    
    
    <color name="sub_tab_title_normal_emui_dark">H7_ACCENT_COLOR</color>
    
    
    <color name="sub_tab_title_normal_pressed_emui_dark">H7_ACCENT_COLOR_PRESS</color>
    
    
    <color name="sub_tab_title_selected_emui_emphasize">H7_ACCENT_COLOR_PRESS</color>
    
    <color name="sub_tab_title_selected_pressed_emui_emphasize">H7_ACCENT_COLOR_PRESS</color>
    
    
    
    
    
    <color name="switch_on_disable_dark_emui">H7_ACCENT_COLOR_DISABLED</color>
    
    
    
    
    <color name="tab_bg_normal_emui">H7_BACKGROUND_TWO</color>
    
    <color name="tab_bg_normal_emui_emphasize">H7_ACTIONBAR</color>
    
    
    
    
    
    
    <color name="tab_title_selected_emui">H7_ACCENT_COLOR</color>
    <color name="tab_title_selected_emui_dark">H7_ACCENT_COLOR</color>
    <color name="tab_title_selected_emui_emphasize">H7_ACCENT_COLOR</color>
    <color name="tab_title_selected_pressed_emui">H7_ACCENT_COLOR</color>
    
    <color name="tab_title_selected_pressed_emui_emphasize">H7_ACCENT_COLOR</color>
    
    <color name="text_color">H7_ACCENT_COLOR</color>
    <color name="text_color_press">H7_ACCENT_COLOR_PRESS</color>
    
    
    <color name="title_divider_line">H7_ACCENT_COLOR</color>
    <color name="title_text_color">H7_ACCENT_COLOR</color>
    
    
    
    
    <color name="toolbar_bg_color">H7_ACTIONBAR</color>
    <color name="top_bar_bg_white">H7_BACKGROUND_TWO</color>
    
    <color name="viewfinder_laser">H7_ACCENT_COLOR</color>
    
    
    
    
    
    
    
    
    
    
    
</resources>