<?xml version="1.0" encoding="UTF-8"?><resources>
    <color name="privacy_text_color">H7_ACCENT_COLOR</color>
    
    <color name="ic_list_deletedColor">H7_ACCENT_COLOR</color>
    <color name="blue">H7_ACCENT_COLOR</color>
    
    <color name="back_action_color">H7_ACCENT_COLOR</color>
    <color name="seach_action_bar_color">H7_ACTIONBAR</color>
    
    
    
    
    
    
    <color name="pb_color">H7_ACCENT_COLOR</color>
    
    
    
    
    
    
    
    <color name="white">H7_ACTIONBAR</color>
    
    
    
    <color name="navigation_bar_color_menu">H7_BACKGROUND</color>
    
    
    
    
    <color name="swipe_background_color_normal">H7_ACTIONBAR</color>
    <color name="swipe_background_color_press">H7_BACKGROUND</color>
    <color name="emui_white">H7_ACTIONBAR</color>
    
    <color name="right_more">H7_BACKGROUND</color>
    <color name="bottom_item_bg">H7_BACKGROUND</color>
    <color name="query_highlight">H7_ACCENT_COLOR</color>
    
    <color name="linechart_fill_end">H7_ACCENT_COLOR_PRESS</color>
    <color name="linechart_grid">H7_BACKGROUND</color>
    
    
    
</resources>