<?xml version="1.0" encoding="utf-8"?>
<hwthemes>
	<color name="disabled_text_color">#66ffffff</color>
	<color name="emui_text_dark">#ffffffff</color>
	<color name="emui_primary_text">#ffffffff</color>
	<color name="emui_secondary_text">#7fffffff</color>
	<color name="emui_primary_text_dark_disabled">#33ffffff</color>
	<color name="emui_summary_text_dark_disabled">#33ffffff</color>
	<color name="emui_list_primary_default">#d8ffffff</color>
	<color name="settings_icon_main_color">#7fffffff</color>
	<color name="settings_menu_color">#eddbabf</color>
	<color name="card_background">#fff1f1f1</color>
	<color name="ripple_material_light">#1fffffff</color>
	<color name="bright_foreground_disabled_material_light">#80ffffff</color>
	<color name="primary_text_default_material_light">#deffffff</color>
	<color name="secondary_text_default_material_light">#8affffff</color>
	<color name="primary_text_disabled_material_light">#39ffffff</color>
	<color name="secondary_text_disabled_material_light">#24ffffff</color>
	<color name="workspace_app_text_shadowColor">#b0ffffff</color>
	<color name="folderadd_text_color">#ffffffff</color>
	<color name="folder_app_text_shadowColor">#b0ffffff</color>
	<color name="folderadd_text_shadowColor">#b0ffffff</color>
	<color name="bubble_dark_background">#80ffffff</color>
	<color name="limit_power_launcher_background">#ffffffff</color>
	<color name="icon_color_filter">#57ffffff</color>
	<color name="textview_black_color">#b3ffffff</color>
	<color name="light_blue">#ff0000ff</color>
	<color name="blue_0000ff">#ff0000ff</color>
	<color name="transparent">#0ffffff0</color>
	<color name="emui_list_separator_default">#c0ffffff</color>
	<color name="fp_preference_common_color">#00000000</color>
	<color name="delete_target_hover_tint">#99ff0000</color>
	<color name="dialog_customMessage_text_color_transparent">#80ffffff</color>
	<color name="CS_link_color">#ffffffff</color>
	<color name="CS_black">#ffffffff</color>
	<color name="CS_hint_color">#26ffffff</color>
	<color name="CS_black_100_percent">#ffffffff</color>
	<color name="CS_black_90_percent">#e6ffffff</color>
	<color name="CS_black_85_percent">#daffffff</color>
	<color name="CS_both_black_85_percent">#daffffff</color>
	<color name="CS_black_75_percent">#c0ffffff</color>
	<color name="CS_black_70_percent">#b3ffffff</color>
	<color name="CS_black_65_percent">#a6ffffff</color>
	<color name="CS_black_50_percent">#80ffffff</color>
	<color name="CS_black_30_percent">#4cffffff</color>
	<color name="CS_black_15_percent">#26ffffff</color>
	<color name="CS_black_10_percent">#19ffffff</color>
	<color name="CS_black_5_percent">#0dffffff</color>
</hwthemes>
