<?xml version="1.0" encoding="UTF-8"?><resources>
    
    
    
    
    
    <color name="account_dialog_bg">H7_ACTIONBAR</color>
    <color name="action_bar_grey">H7_ACTIONBAR</color>
    <color name="active_member_bg">H7_ACCENT_COLOR_DISABLED</color>
    <color name="activity_contact_bg">H7_BACKGROUND</color>
    
    <color name="appMainBack_white">H7_BACKGROUND</color>
    
    
    
    <color name="background_translate">H7_BACKGROUND</color>
    <color name="bg_bookmark_thumbup_banner">H7_ACTIONBAR</color>
    
    
    <color name="bg_picture_camera">H7_ACTIONBAR</color>
    
    
    
    
    <color name="black_38">H7_ACTIONBAR</color>
    
    
    <color name="blue_protocol">H7_ACCENT_COLOR</color>
    <color name="blue_star_tip">H7_ACCENT_COLOR</color>
    
    <color name="bottom_editor_bg">H7_ACTIONBAR</color>
    
    
    
    
    
    <color name="botton_text_enable_true_214">H7_BACKGROUND</color>
    <color name="btn_blue">H7_ACCENT_COLOR</color>
    
    <color name="btn_manual">H7_ACCENT_COLOR</color>
    
    
    
    
    
    
    
    
    
    <color name="circle_selector_category_bg_color">H7_ACTIONBAR</color>
    <color name="circle_selector_category_blurred_end_color">H7_BACKGROUND</color>
    <color name="circle_selector_category_blurred_start_color">#00000000</color>
    
    <color name="circle_view_inner_color">H7_BACKGROUND</color>
    
    
    
    
    <color name="color_0A59F7_5291FF">H7_ACCENT_COLOR</color>
    
    
    <color name="color_F1F3F5">H7_ACTIONBAR</color>
    
    
    <color name="color_bg_protocol_middle">H7_ACCENT_COLOR</color>
    <color name="color_bg_protocol_page">H7_BACKGROUND</color>
    
    
    
    
    
    
    <color name="color_dark_3B74E6">H7_ACCENT_COLOR</color>
    <color name="color_dark_404040">H7_ACTIONBAR</color>
    
    
    
    
    
    
    
    
    
    
    
    
    
    
    
    
    
    
    
    
    
    
    
    
    
    
    
    
    <color name="color_dn_0D000000_FF202224">H7_ACTIONBAR</color>
    
    
    
    
    
    <color name="color_dn_e0_26">H7_ACTIONBAR</color>
    <color name="color_dn_e0_4d">H7_ACTIONBAR</color>
    <color name="color_dn_e0_transp">#00000000</color>
    <color name="color_dn_e5_4d">H7_ACTIONBAR</color>
    <color name="color_dn_f1f3f5_00">H7_BACKGROUND</color>
    <color name="color_dn_f2_4d">H7_ACTIONBAR</color>
    <color name="color_dn_f7_26">H7_ACTIONBAR</color>
    <color name="color_dn_f7_4d">H7_ACTIONBAR</color>
    <color name="color_dn_ff_00">H7_BACKGROUND</color>
    <color name="color_dn_ff_202224">H7_ACTIONBAR</color>
    <color name="color_dn_ff_26">H7_ACTIONBAR</color>
    
    
    
    
    
    <color name="color_f5">H7_ACTIONBAR</color>
    
    
    
    
    <color name="color_item_all_bg">H7_ACTIONBAR</color>
    <color name="color_item_service_user_manual_bg">H7_ACTIONBAR</color>
    
    
    
    
    
    
    
    
    
    
    
    
    
    <color name="color_privacy_oversea_right">H7_BACKGROUND</color>
    
    <color name="color_select_photo_bg">H7_ACTIONBAR</color>
    
    <color name="color_smart_background">H7_BACKGROUND</color>
    <color name="color_smart_notify_delete_bg">H7_ACTIONBAR</color>
    <color name="color_submit_bg">H7_BACKGROUND</color>
    <color name="color_text_click_color">H7_ACCENT_COLOR</color>
    
    <color name="color_tv_protocol">H7_ACCENT_COLOR</color>
    
    
    
    <color name="community_item_202224">H7_ACTIONBAR</color>
    <color name="community_item_46b1e3">H7_ACCENT_COLOR</color>
    
    
    
    
    
    
    
    
    
    
    
    
    
    
    
    <color name="coupon_list_use_enable">H7_ACCENT_COLOR</color>
    
    <color name="coupon_list_use_text_enable_oversea">H7_BACKGROUND</color>
    
    
    
    
    
    
    <color name="default_address_bg">H7_ACCENT_COLOR</color>
    <color name="detect_icon_color">H7_ACCENT_COLOR</color>
    <color name="device_center_bg_color">H7_ACTIONBAR</color>
    
    <color name="dialog_about_line">H7_ACTIONBAR</color>
    <color name="dialog_bg_214">H7_ACTIONBAR</color>
    <color name="dialog_bg_color">H7_ACTIONBAR</color>
    <color name="dialog_bg_grey_color">H7_ACTIONBAR</color>
    
    
    
    <color name="dialog_confirm_text_color_broken">H7_ACCENT_COLOR</color>
    
    
    
    
    
    
    
    
    
    
    
    
    
    
    
    <color name="editor_cursor_light">H7_ACCENT_COLOR</color>
    
    
    <color name="emui_accent">H7_ACCENT_COLOR</color>
    <color name="emui_accent_inverse">H7_ACCENT_COLOR</color>
    <color name="emui_accent_pressed">H7_ACCENT_COLOR</color>
    <color name="emui_activated">H7_ACCENT_COLOR</color>
    <color name="emui_activated_end">H7_ACCENT_COLOR</color>
    <color name="emui_activated_start">H7_ACCENT_COLOR</color>
    <color name="emui_appbar_bg">H7_BACKGROUND</color>
    
    
    <color name="emui_appbar_subbg">H7_BACKGROUND</color>
    
    
    
    
    
    <color name="emui_bottombar_bg">H7_BACKGROUND</color>
    <color name="emui_bottombar_bg_blur">H7_BACKGROUND</color>
    
    
    
    <color name="emui_bottombar_icon_on">H7_ACCENT_COLOR</color>
    <color name="emui_bottombar_icon_on_auxcolor_02">H7_ACCENT_COLOR_PRESS</color>
    <color name="emui_bottombar_subbg">H7_BACKGROUND</color>
    <color name="emui_bottombar_subbg_blur">H7_BACKGROUND</color>
    
    <color name="emui_bottombar_text_on">H7_ACCENT_COLOR</color>
    <color name="emui_bottomsheet_bg">H7_ACTIONBAR</color>
    <color name="emui_button_blue">H7_ACCENT_COLOR</color>
    
    
    <color name="emui_card_bg">H7_ACTIONBAR</color>
    <color name="emui_card_panel_bg">H7_ACTIONBAR</color>
    <color name="emui_card_panel_bg_00">#00202224</color>
    <color name="emui_center_color">H7_ACCENT_COLOR</color>
    
    
    
    
    
    <color name="emui_color_2">H7_ACCENT_COLOR</color>
    <color name="emui_color_3">H7_ACCENT_COLOR</color>
    
    
    
    
    
    
    
    
    <color name="emui_color_badge">H7_ACCENT_COLOR</color>
    <color name="emui_color_bg">H7_BACKGROUND</color>
    <color name="emui_color_bg_floating">H7_ACTIONBAR</color>
    
    
    
    
    
    
    <color name="emui_color_fg_2">H7_ACCENT_COLOR</color>
    <color name="emui_color_fg_3">H7_ACCENT_COLOR</color>
    
    
    
    
    
    
    
    
    
    
    
    <color name="emui_color_gray_2">H7_ACTIONBAR</color>
    <color name="emui_color_gray_3">H7_ACTIONBAR</color>
    <color name="emui_color_gray_4">H7_ACTIONBAR</color>
    
    
    
    
    
    
    
    
    <color name="emui_color_shadow">H7_BACKGROUND</color>
    
    <color name="emui_color_subbg">H7_BACKGROUND</color>
    
    
    
    <color name="emui_color_text_highlight">H7_ACCENT_COLOR_PRESS</color>
    
    
    
    
    
    
    
    
    
    
    <color name="emui_color_tips_bg">H7_ACTIONBAR</color>
    <color name="emui_color_tooltips_bg">H7_ACTIONBAR</color>
    <color name="emui_color_trans_white">#00000000</color>
    
    <color name="emui_control_focused">H7_ACCENT_COLOR</color>
    <color name="emui_control_focused_outline">H7_ACCENT_COLOR</color>
    <color name="emui_control_highlight">H7_ACCENT_COLOR</color>
    
    
    
    <color name="emui_dialog_bg">H7_ACTIONBAR</color>
    <color name="emui_emoji_bg">H7_ACTIONBAR</color>
    
    <color name="emui_end_color">H7_ACCENT_COLOR</color>
    <color name="emui_fab_bg_normal">H7_ACCENT_COLOR</color>
    <color name="emui_fab_bg_pressed">H7_ACCENT_COLOR</color>
    <color name="emui_fab_shadow_end">H7_ACCENT_COLOR_DISABLED</color>
    <color name="emui_fab_shadow_start">H7_ACCENT_COLOR_DISABLED</color>
    
    
    
    <color name="emui_functional_blue">H7_ACCENT_COLOR</color>
    <color name="emui_functional_blue_inverse">H7_ACCENT_COLOR</color>
    
    
    
    
    
    
    
    
    
    
    
    
    
    
    
    
    
    
    
    
    
    
    
    
    
    
    
    
    
    
    
    <color name="emui_start_color">H7_ACCENT_COLOR</color>
    <color name="emui_subtab_bg">H7_BACKGROUND</color>
    <color name="emui_subtab_line_on">H7_ACCENT_COLOR</color>
    
    <color name="emui_subtab_text_on">H7_ACCENT_COLOR</color>
    
    
    
    
    <color name="emui_text_highlight_inverse">H7_ACCENT_COLOR_PRESS</color>
    
    
    
    
    <color name="emui_toolbar_bg">H7_BACKGROUND</color>
    
    <color name="emui_toolbar_icon_actived">H7_ACCENT_COLOR</color>
    <color name="emui_toolbar_subbg">H7_BACKGROUND</color>
    
    <color name="emui_toolbar_text_actived">H7_ACCENT_COLOR</color>
    
    
    
    
    
    
    <color name="explore_sort_tab_start_shape_color">H7_BACKGROUND</color>
    <color name="explore_topic_detail_bottom_bgColor">H7_ACTIONBAR</color>
    <color name="faq_emui_accent">H7_ACCENT_COLOR</color>
    <color name="faq_emui_color_gray_10">H7_ACTIONBAR</color>
    
    
    <color name="faq_emui_white_bg">H7_BACKGROUND</color>
    <color name="faq_sdk_action_bar_grey">H7_ACTIONBAR</color>
    
    <color name="faq_sdk_btn_blue">H7_ACCENT_COLOR</color>
    <color name="faq_sdk_category_menu_bg">H7_ACTIONBAR</color>
    <color name="faq_sdk_dialog_bg">H7_ACTIONBAR</color>
    
    
    
    
    <color name="faq_sdk_label_highlight_text_color_normal">H7_ACCENT_COLOR</color>
    
    
    
    
    
    
    <color name="faq_sdk_notice_view_background">H7_BACKGROUND</color>
    
    <color name="faq_sdk_notice_view_pad_background">H7_BACKGROUND</color>
    <color name="faq_sdk_online_them">H7_BACKGROUND</color>
    <color name="faq_sdk_pop_menu_bg">H7_ACTIONBAR</color>
    <color name="faq_sdk_rectangle_bg_color">H7_ACTIONBAR</color>
    
    
    
    <color name="faq_sdk_share_bg">H7_ACTIONBAR</color>
    <color name="faq_sdk_white_bg">H7_BACKGROUND</color>
    
    
    
    
    
    
    
    
    
    
    <color name="feedback_sdk_action_bar_grey">H7_ACTIONBAR</color>
    
    
    
    
    
    
    <color name="feedback_sdk_common_btn_blue">H7_ACCENT_COLOR</color>
    <color name="feedback_sdk_dialog_bg">H7_ACTIONBAR</color>
    
    
    
    
    
    
    <color name="feedback_sdk_notice_view_background">H7_BACKGROUND</color>
    
    <color name="feedback_sdk_notice_view_pad_background">H7_BACKGROUND</color>
    
    
    
    <color name="feedback_sdk_problem_photo_bg">H7_ACTIONBAR</color>
    <color name="feedback_sdk_problem_question_info_bg">H7_ACTIONBAR</color>
    
    
    
    
    
    <color name="feedback_sdk_problem_recycle_select_question_type_bg">H7_ACCENT_COLOR</color>
    
    <color name="feedback_sdk_problem_submit_normol_bg">H7_ACCENT_COLOR</color>
    <color name="feedback_sdk_problem_submit_select_bg">H7_ACCENT_COLOR</color>
    <color name="feedback_sdk_problem_submit_text">H7_ACCENT_COLOR</color>
    <color name="feedback_sdk_tab_slider_bg_color_selected">H7_ACCENT_COLOR</color>
    <color name="feedback_sdk_tab_slider_bg_color_selected_50">H7_ACCENT_COLOR_PRESS</color>
    
    
    <color name="feedback_tab_text_color_selected_20">H7_ACCENT_COLOR_DISABLED</color>
    
    
    <color name="forum_all_selector_bg_f3f3f3">H7_ACTIONBAR</color>
    <color name="forum_circle_card_bg">H7_ACTIONBAR</color>
    
    
    
    
    
    
    
    <color name="forum_circle_thread_recommend_user_follow_btn_bg">H7_ACCENT_COLOR</color>
    <color name="forum_circle_thread_text">H7_ACCENT_COLOR</color>
    
    <color name="forum_color_card_bg">H7_ACTIONBAR</color>
    
    
    
    
    
    
    
    
    
    
    <color name="forum_color_d_0A59F7_n_4281FF">H7_ACCENT_COLOR</color>
    
    
    
    
    
    <color name="forum_color_d_FFFFFF_n_202224">H7_ACTIONBAR</color>
    
    <color name="forum_color_d_ffffff_n_202224">H7_ACTIONBAR</color>
    
    <color name="forum_color_topic_details_bottom_bg">#00000000</color>
    
    
    <color name="forum_comment_bg">H7_ACTIONBAR</color>
    <color name="forum_divider_color">H7_BACKGROUND</color>
    <color name="forum_divider_f7f7f7">H7_ACTIONBAR</color>
    <color name="forum_edit_info_bg_color">H7_ACTIONBAR</color>
    
    
    <color name="forum_message_send">H7_ACTIONBAR</color>
    
    
    <color name="forum_petal_list_button">H7_ACCENT_COLOR</color>
    <color name="forum_phone_color_blue">H7_ACCENT_COLOR_PRESS</color>
    
    <color name="forum_selector_bg_unselected">H7_ACTIONBAR</color>
    
    
    
    
    <color name="forum_text_color_blue">H7_ACCENT_COLOR</color>
    <color name="forum_topic_text">H7_ACCENT_COLOR</color>
    <color name="forum_transparent">H7_BACKGROUND</color>
    <color name="function_evaluate_bg">H7_ACTIONBAR</color>
    
    
    
    
    
    <color name="home_bottom_tab_sel">H7_ACCENT_COLOR</color>
    <color name="hotline_item_bg">H7_ACTIONBAR</color>
    
    <color name="hsColorPrimary">H7_BACKGROUND</color>
    <color name="hsColorPrimaryDark">H7_BACKGROUND</color>
    
    
    
    
    
    
    
    
    <color name="hs_white">H7_BACKGROUND</color>
    <color name="hs_window_background">H7_ACTIONBAR</color>
    <color name="hw_clear_back">H7_ACCENT_COLOR</color>
    
    <color name="hw_level_title_bg">H7_ACTIONBAR</color>
    
    
    
    
    <color name="hwadvancedcardview_Shadow_Color_light">H7_BACKGROUND</color>
    <color name="hwalphaindexerlistview_label_shadow_color">H7_BACKGROUND</color>
    <color name="hwalphaindexerlistview_text_bg_color">H7_ACCENT_COLOR_DISABLED</color>
    <color name="hwbottomnavigationview_blur_color">H7_ACTIONBAR</color>
    
    <color name="hwbubblelayout_shadow_color_light">H7_BACKGROUND</color>
    <color name="hwbutton_color_emui_accent_disable">H7_ACCENT_COLOR_DISABLED</color>
    
    
    
    <color name="hwbutton_functional_blue_disable">H7_ACCENT_COLOR_DISABLED</color>
    <color name="hwcardview_text_color_primary_activated">H7_ACCENT_COLOR</color>
    
    
    
    
    <color name="hwdownload_color">H7_ACCENT_COLOR</color>
    
    
    
    
    
    <color name="hwprogressindicator_bar_begin_color">H7_ACCENT_COLOR</color>
    <color name="hwprogressindicator_bar_end_color">H7_ACCENT_COLOR</color>
    <color name="hwprogressindicator_waiting_begin_color">#006591bf</color>
    <color name="hwprogressindicator_waiting_end_color">H7_ACCENT_COLOR</color>
    
    
    
    
    
    
    <color name="hwspinner_list_shadow_color">H7_BACKGROUND</color>
    
    
    
    
    
    
    
    
    
    
    
    <color name="id_fa_color_activated">H7_ACCENT_COLOR</color>
    
    <color name="id_fa_color_background">H7_ACTIONBAR</color>
    <color name="id_fa_color_background_blur">H7_ACTIONBAR</color>
    
    
    
    <color name="id_fa_color_emphasize">H7_ACCENT_COLOR</color>
    <color name="id_fa_color_emphasize_outline">H7_ACCENT_COLOR</color>
    
    
    
    
    
    
    
    
    
    
    
    
    
    <color name="id_fa_color_palette2">H7_ACCENT_COLOR</color>
    <color name="id_fa_color_palette3">H7_ACCENT_COLOR</color>
    
    
    
    
    
    
    <color name="id_fa_color_sub_background">H7_ACTIONBAR</color>
    
    <color name="id_fa_color_text_activated">H7_ACCENT_COLOR</color>
    
    
    
    
    
    
    
    <color name="keyword_text_color_normal">H7_ACCENT_COLOR</color>
    <color name="knowledge_detail_bg_color">H7_BACKGROUND</color>
    
    
    
    <color name="label_bg">H7_ACCENT_COLOR_DISABLED</color>
    <color name="label_highlight_text_color_normal">H7_ACCENT_COLOR</color>
    <color name="label_highlight_text_color_normal_one">H7_ACCENT_COLOR</color>
    <color name="label_highlight_text_color_pressed">H7_ACCENT_COLOR</color>
    
    
    
    <color name="level_btn_bg">H7_BACKGROUND</color>
    
    
    <color name="level_upgrade_progress_end">H7_ACCENT_COLOR</color>
    <color name="level_upgrade_progress_start">H7_ACCENT_COLOR</color>
    
    
    <color name="line1">H7_ACTIONBAR</color>
    <color name="link_color">H7_ACCENT_COLOR</color>
    
    
    
    
    
    
    <color name="local_device">H7_ACCENT_COLOR</color>
    <color name="logo_background">H7_BACKGROUND</color>
    
    
    
    
    
    
    
    
    <color name="massage_line_color">H7_ACTIONBAR</color>
    
    
    
    
    
    
    
    
    
    
    <color name="mc_card_bg">H7_ACTIONBAR</color>
    
    
    
    
    
    <color name="mc_color_white">H7_BACKGROUND</color>
    
    
    <color name="mc_dialog_button_color">H7_ACCENT_COLOR</color>
    <color name="mc_dialog_custom_bg">H7_ACTIONBAR</color>
    
    
    
    
    
    
    
    
    
    
    <color name="mc_medal_share_dialog_bg">H7_ACTIONBAR</color>
    <color name="mc_medal_white_bg">H7_ACTIONBAR</color>
    
    <color name="mc_personal_center_bg">H7_ACTIONBAR</color>
    
    <color name="mc_pic_placeholder_gray">H7_ACTIONBAR</color>
    <color name="mc_popup_window_bg">H7_ACTIONBAR</color>
    <color name="mc_popup_window_click_bg">H7_ACTIONBAR</color>
    
    
    
    <color name="mc_qr_btn_bg">H7_ACCENT_COLOR</color>
    
    <color name="mc_qr_btn_text_oversea">H7_BACKGROUND</color>
    
    
    <color name="mc_qr_text_refresh">H7_ACCENT_COLOR</color>
    
    
    
    <color name="mc_statusbar_transparent">#00000000</color>
    <color name="mc_transpaent">#00ffffff</color>
    <color name="mc_upgrade_percent_color">H7_ACCENT_COLOR</color>
    <color name="mc_vote_bg">H7_ACTIONBAR</color>
    
    
    
    
    <color name="me_achievement_grey">H7_ACTIONBAR</color>
    
    <color name="me_achievement_white">H7_ACTIONBAR</color>
    
    
    
    <color name="me_center_top_bg_end_color">H7_BACKGROUND</color>
    <color name="me_center_top_bg_start_color">H7_BACKGROUND</color>
    <color name="me_grey">H7_ACTIONBAR</color>
    
    
    
    
    <color name="me_notifications">H7_BACKGROUND</color>
    <color name="me_setting_background">H7_BACKGROUND</color>
    <color name="me_setting_bg_new">H7_ACTIONBAR</color>
    <color name="me_setting_card_bg">H7_ACTIONBAR</color>
    <color name="me_setting_dividingLine">H7_ACTIONBAR</color>
    
    
    <color name="me_setting_transparent">#00ffffff</color>
    
    
    
    <color name="me_tv_white">H7_BACKGROUND</color>
    <color name="medal_edit_dividing_view">H7_ACTIONBAR</color>
    <color name="member_bg_color_end">H7_ACTIONBAR</color>
    <color name="member_bg_color_start">H7_ACTIONBAR</color>
    <color name="member_growth_3">H7_ACCENT_COLOR</color>
    
    
    
    <color name="member_white">H7_BACKGROUND</color>
    <color name="modify_or_cancel_bg">H7_ACTIONBAR</color>
    
    
    
    
    
    
    
    
    <color name="my_device__item_disable_color">H7_ACTIONBAR</color>
    
    
    
    <color name="my_task_bt_bg_blue">H7_ACCENT_COLOR</color>
    
    
    
    
    
    <color name="myhuawei_card_backcolor">H7_ACTIONBAR</color>
    <color name="myhuawei_net_error_back">H7_BACKGROUND</color>
    
    <color name="myhuawei_swipe_color">H7_BACKGROUND</color>
    <color name="navigation_bg">H7_ACTIONBAR</color>
    
    <color name="news_detail_background">H7_ACTIONBAR</color>
    
    <color name="no_content_bg">H7_BACKGROUND</color>
    
    
    
    <color name="notice_btn_blue">H7_ACCENT_COLOR</color>
    
    
    
    
    
    
    
    
    
    <color name="pad_window_background">H7_BACKGROUND</color>
    <color name="page_background_color">H7_ACTIONBAR</color>
    
    <color name="paragraph_highlight_text_color_normal">H7_ACCENT_COLOR</color>
    
    
    
    
    
    <color name="pm_message_bg">H7_BACKGROUND</color>
    <color name="pop_bg_color">H7_ACTIONBAR</color>
    
    <color name="public_dialog_bg_color">H7_ACTIONBAR</color>
    <color name="rd_hsm_widget_circleview_startcolor">H7_ACCENT_COLOR</color>
    
    
    
    
    <color name="recommend_default">H7_ACTIONBAR</color>
    <color name="recommend_shop_bg">H7_ACTIONBAR</color>
    
    <color name="report_dialog_edittext_bg">H7_BACKGROUND</color>
    <color name="search_bg">H7_ACTIONBAR</color>
    <color name="search_bg_f2f2f2">H7_ACTIONBAR</color>
    
    
    
    
    <color name="select_photo_action_bar_grey">H7_ACTIONBAR</color>
    
    
    
    
    <color name="select_photo_common_btn_blue">H7_ACCENT_COLOR</color>
    <color name="select_photo_dialog_bg">H7_ACTIONBAR</color>
    <color name="select_photo_emui_white_bg">H7_BACKGROUND</color>
    
    
    
    
    
    
    <color name="select_photo_notice_view_background">H7_BACKGROUND</color>
    
    <color name="select_photo_notice_view_pad_background">H7_BACKGROUND</color>
    
    <color name="select_photo_problem_photo_bg">H7_ACTIONBAR</color>
    <color name="select_photo_problem_question_info_bg">H7_ACTIONBAR</color>
    
    
    
    
    
    <color name="select_photo_problem_recycle_select_question_type_bg">H7_ACCENT_COLOR</color>
    
    <color name="select_photo_problem_submit_normol_bg">H7_ACCENT_COLOR</color>
    <color name="select_photo_problem_submit_select_bg">H7_ACCENT_COLOR</color>
    <color name="select_photo_problem_submit_text">H7_ACCENT_COLOR</color>
    <color name="select_photo_tab_slider_bg_color_selected">H7_ACCENT_COLOR</color>
    <color name="select_photo_tab_slider_bg_color_selected_50">H7_ACCENT_COLOR_PRESS</color>
    <color name="select_photo_tab_text_color_selected_20">H7_ACCENT_COLOR_DISABLED</color>
    
    
    
    
    
    
    <color name="service_expand_color">H7_ACCENT_COLOR</color>
    
    
    
    
    
    
    
    <color name="service_gradient_end">H7_BACKGROUND</color>
    <color name="service_gradient_start">#00000000</color>
    
    <color name="setting_space_bg">H7_ACTIONBAR</color>
    <color name="share_button_color">H7_ACTIONBAR</color>
    <color name="share_dialog_bg_color">H7_ACTIONBAR</color>
    <color name="shop_bg_grey">H7_ACTIONBAR</color>
    
    <color name="shop_cart_recommond">H7_ACTIONBAR</color>
    <color name="shop_cart_white">H7_BACKGROUND</color>
    
    
    <color name="shop_cn_colorPrimary">H7_BACKGROUND</color>
    <color name="shop_cn_colorPrimaryDark">H7_BACKGROUND</color>
    
    
    
    <color name="shop_coupon_et_bg">H7_ACTIONBAR</color>
    <color name="shop_dialog_bg">H7_ACTIONBAR</color>
    <color name="shop_et_bg">H7_ACTIONBAR</color>
    <color name="shop_pcp_bg">H7_ACTIONBAR</color>
    
    <color name="shop_pcp_grey">H7_ACTIONBAR</color>
    
    
    
    <color name="shop_pcp_sku_gray">H7_ACTIONBAR</color>
    <color name="shop_pcp_sku_white">H7_BACKGROUND</color>
    
    
    
    
    
    <color name="shop_plp_bg">H7_ACTIONBAR</color>
    
    <color name="shop_reply_bg">H7_ACTIONBAR</color>
    
    
    <color name="shop_store_background">H7_BACKGROUND</color>
    
    
    <color name="shop_trade_in_select_color_solid">H7_ACTIONBAR</color>
    
    
    
    
    
    
    
    <color name="sliding_tab_bg_color_selected">H7_ACCENT_COLOR</color>
    <color name="snapshot_background_color">H7_BACKGROUND</color>
    
    <color name="status_bar_background">H7_BACKGROUND</color>
    
    <color name="statusbar_background">H7_BACKGROUND</color>
    <color name="stop_service_dialog_bg_ffffff">H7_ACTIONBAR</color>
    <color name="sub_tab_text_color_selected">H7_ACCENT_COLOR</color>
    
    <color name="tab_background_color">H7_BACKGROUND</color>
    
    <color name="tab_slider_bg_color_selected">H7_ACCENT_COLOR</color>
    
    
    
    
    
    
    
    
    
    
    <color name="text_color_activated">H7_ACCENT_COLOR</color>
    
    
    <color name="text_color_selected">H7_ACCENT_COLOR</color>
    
    
    <color name="text_normal_white">H7_ACTIONBAR</color>
    
    
    
    
    
    
    
    
    
    
    
    
    <color name="upsdk_color_gray_1">H7_ACTIONBAR</color>
    
    <color name="url_text_color_normal">H7_ACCENT_COLOR</color>
    
    
    
    <color name="white">H7_BACKGROUND</color>
    <color name="window_background">H7_BACKGROUND</color>
    <color name="emui_white_bg">H7_BACKGROUND</color>
    
    

        <color name="background_dn_f1f3f5_00">H7_BACKGROUND</color>
    <color name="bg_title">H7_ACTIONBAR</color>
    <color name="color_00FFFFFF">H7_ACTIONBAR</color>
    
    
    <color name="color_990A59F7">H7_ACCENT_COLOR_PRESS</color>
    
    <color name="color_FF0A59F7">H7_ACCENT_COLOR</color>
    <color name="color_FFF1F3F5">H7_BACKGROUND</color>
    <color name="color_FFFFFFFF">H7_BACKGROUND</color>
    
    
    
    <color name="emui_color_gray_1">H7_ACTIONBAR</color>
    
    
    
    <color name="explore_center_tab_title_color">H7_BACKGROUND</color>
    <color name="explore_comment_background">H7_ACTIONBAR</color>
    <color name="explore_comment_panel_color">H7_BACKGROUND</color>
    
    <color name="explore_community_fragment_aar_back">H7_BACKGROUND</color>
    
    
    
    <color name="explore_editor_pick_text_bg">H7_ACTIONBAR</color>
    
    
    <color name="explore_forum_detail_toolbar_bg_white">H7_BACKGROUND</color>
    
    <color name="explore_forum_detail_toolbar_search_bg_white">H7_ACTIONBAR</color>
    
    <color name="explore_forums_background">H7_BACKGROUND</color>
    <color name="explore_gallery_label_select">H7_BACKGROUND</color>
    
    
    
    
    <color name="explore_hot_list_index_color">H7_ACCENT_COLOR</color>
    
    <color name="explore_message_white">H7_BACKGROUND</color>
    
    <color name="explore_rich_text_panel_background">H7_BACKGROUND</color>
    
    <color name="explore_shape_ballot_header_bg_color">H7_ACTIONBAR</color>
    
    <color name="explore_tag_input_popup_bg_color">H7_ACTIONBAR</color>
    
    <color name="explore_topic_create_category_right_color">H7_ACTIONBAR</color>
    
    <color name="explore_topic_detail_ballot_line">H7_BACKGROUND</color>
    <color name="explore_topic_image_placeholder_background">H7_ACTIONBAR</color>
    
    
    
    
    
    
    
    <color name="explore_video_bg">H7_ACTIONBAR</color>
    <color name="explore_video_bg_line">H7_ACTIONBAR</color>
    <color name="explore_video_cover_bg">H7_ACTIONBAR</color>
    <color name="explore_video_no_net_bg">H7_ACTIONBAR</color>
    <color name="explore_video_no_wifi_bg">H7_ACTIONBAR</color>
    <color name="explore_vote_detail_dialog_bg_color">H7_ACTIONBAR</color>
    <color name="explore_voted_progressbar_bg">H7_ACTIONBAR</color>
    
    
    
    <color name="hwtips_colorBottomTabBg">H7_ACTIONBAR</color>
    <color name="hwtips_colorCommentButton">H7_ACCENT_COLOR</color>
    <color name="hwtips_colorDialogBg">H7_ACTIONBAR</color>
    
    
    
    
    
    <color name="hwtips_colorSubBackground">H7_BACKGROUND</color>
    <color name="hwtips_emui_card_panel_bg">H7_ACTIONBAR</color>
    
    
    
    <color name="hwtips_huawei_failed_icon_bg1">H7_ACTIONBAR</color>
    <color name="hwtips_huawei_failed_icon_bg2">H7_ACTIONBAR</color>
    <color name="hwtips_placeholder_bg">H7_ACTIONBAR</color>
    
    <color name="hwtips_shortcutMenuListBg">H7_BACKGROUND</color>
    <color name="hwtips_shortcut_list_item_text_color_highlight">H7_ACCENT_COLOR</color>
    
    
    <color name="hwtips_user_card_bg_begin">H7_ACTIONBAR</color>
    <color name="hwtips_user_card_bg_end">H7_ACTIONBAR</color>
    <color name="hwtips_welcomeBg">H7_BACKGROUND</color>
    
    
    
    
    
    
    
    
    
    
    
    
    <color name="me_navy_grey">H7_BACKGROUND</color>
    
    <color name="me_task_background">H7_BACKGROUND</color>
    
    
    <color name="phx_im_action_pop_bg_color">H7_ACTIONBAR</color>
    <color name="phx_im_action_pop_item_border_color">H7_ACTIONBAR</color>
    
    <color name="phx_im_activity_bg">H7_BACKGROUND</color>
    
    
    <color name="phx_im_btn_item_normal_bg_color">H7_ACTIONBAR</color>
    
    <color name="phx_im_chat_bg">H7_BACKGROUND</color>
    
    
    
    
    
    
    <color name="phx_im_chat_new_msg_bg">H7_BACKGROUND</color>
    
    <color name="phx_im_chat_title_bg">H7_BACKGROUND</color>
    
    
    <color name="phx_im_con_item_bg_color">H7_BACKGROUND</color>
    
    <color name="phx_im_con_item_normal_bg_color">H7_BACKGROUND</color>
    
    
    
    
    
    <color name="phx_im_confirm_dialog_bg_color">H7_ACTIONBAR</color>
    <color name="phx_im_confirm_dialog_btn_normal_color">H7_ACCENT_COLOR</color>
    
    <color name="phx_im_conversation_activity_bg_color">H7_BACKGROUND</color>
    
    
    
    
    
    
    <color name="phx_im_msg_receiver_bg">H7_ACTIONBAR</color>
    
    <color name="phx_im_msg_send_bg">H7_ACCENT_COLOR</color>
    
    
    <color name="phx_im_pager_bg_color">H7_BACKGROUND</color>
    
    
    
    
    
    
    
    
    
    
    <color name="phx_im_url_span_color">H7_ACCENT_COLOR</color>
    
    
    
    
    <color name="recommend_circle_text_color">H7_ACCENT_COLOR</color>
    
    
    <color name="recommend_color_0A59F7_4281FF">H7_ACCENT_COLOR</color>
    
    
    
    
    
    <color name="recommend_color_f1f3f5_000000">H7_BACKGROUND</color>
    <color name="recommend_color_ffffff_202224">H7_ACTIONBAR</color>
    
    
    <color name="recommend_search_bg_color">H7_ACTIONBAR</color>
    <color name="search_backgroundGrey">H7_BACKGROUND</color>
    
    
    
    <color name="search_title_bg">H7_ACTIONBAR</color>
    
    
    
    
    
    
    <color name="white_100_percent">H7_BACKGROUND</color>
    <color name="colorSubBackground">H7_BACKGROUND</color>
	
    <!-- 服务深色资源 -->
    <!-- 窗口背景色 -->
    <!-- 分割线颜色定义 -->
    
    
    
    
    <!-- section背景色定义 -->
    
    
    
    
    
    
    
    <!-- 主题颜色定义 黑色主题 -->
    
    <color name="text_normal_white">H7_BACKGROUND</color>
    
    
    <!-- 首页淡红色错误提示背景色 -->
    
    <color name="tab_text_color_selected_20">H7_ACCENT_COLOR_PRESS</color>
    <!--text颜色定义-->
    <!-- tab开头的颜色目前只用于首页 -->
    <color name="tab_text_color_selected">H7_ACCENT_COLOR</color>
    <color name="tab_text_color_selected_new">H7_ACCENT_COLOR</color>
    
    
    <!-- sub tab类似卡券页面 -->
    
    <!-- 如果btn背景色自定义为高亮色了 这里需要也自定义text的颜色 -->
    
    <!-- 一个section表示一个list里面的一块 参见'我的'页面 -->
    
    
    
    
    
    
    
    
    
    
    
    
    <!-- 参见搜索结果页面 -->
    
    
    <!-- label表示静态文本 -->
    
    
    <color name="label_highlight_text_color_unable">H7_ACCENT_COLOR_DISABLED</color>
    <!-- paragraph表示大段文字 -->
    <!-- paragraph表示大段文字 -->
    
    
    
    
    <color name="search_faq_254FF7">H7_ACCENT_COLOR</color>
    
    <color name="search_faq_202224">H7_ACTIONBAR</color>
    
    <!-- tab背景色定义 -->
    <color name="tab_bg_color_normal">H7_BACKGROUND</color>
    
    
    
    <color name="tab_slider_imm_bg_color_selected">#00000000</color>
    <color name="sub_tab_bg_color_normal">#00000000</color>
    <color name="sub_tab_bg_color_selected">H7_ACCENT_COLOR_DISABLED</color>
    <color name="sub_tab_stroke_color_normal">H7_ACCENT_COLOR_DISABLED</color>
    
    <!-- edittext 背景色定义 -->
    
    
    
    <!-- 会员成长值曲线 -->
    
    <color name="member_growth_line_end">H7_ACCENT_COLOR</color>
    
    
    
    <!-- imageView 背景 -->
    
    
    
    
    
    
    
    <!--ItemActiveColor-->
    
    <color name="action_bar_grey_search">H7_ACTIONBAR</color>
    
    
    
    
    
    
    
    
    
    
    
    
    
    
    <!--华为账号SDK的主题颜色-->
    
    
    
    
    <color name="CS_background">H7_BACKGROUND</color>
    
    
    
    
    
    
    
    
    
    
    
    
    
    
    
    
    
    
    
    
    
    
    
    <!--物流进度背景色-->
    
    <color name="label_service_work_color_remark">H7_ACCENT_COLOR</color>
    <color name="knowledge_evaluate">H7_ACCENT_COLOR</color>
    
    
    
    
    <color name="calendar_add_color">H7_ACCENT_COLOR</color>
    <!--聊天记录-->
    <color name="chat_card_background">H7_ACTIONBAR</color>
    <!-- 隐私 -->
    
    <color name="device_center_bg_color">H7_ACTIONBAR</color>
    
    
    <!--  svg color  -->
    
    
    
    <color name="ic_icon_notice_fill_color">H7_ACCENT_COLOR</color>
    <color name="bg_bookmark_thumbup_banner">H7_ACTIONBAR </color>
    
    
    
    
    
    
    <!--智能检测进度框-->
    
    
    
    
    
    
    
    <!-- 空白页面的图标都是这个颜色  start -->
    
    
    
    
    <!-- 空白页面的图标都是这个颜色 end -->
    
    <!-- hwbottomnavigationview -->
    <color name="hwbottomnavigationview_bg">H7_ACTIONBAR</color>
    <color name="hwbottomnav_blur_color">H7_ACTIONBAR</color>
    
    
    <color name="hwbottomnav_emui_accent">H7_ACCENT_COLOR</color>
    <!-- hwcommon -->
    
    
    <!--通用异常错误页面pad下的背景色-->
    <!--通用异常错误页面的背景色-->
    <!--通用异常页面的文字颜色-->
    
    <!--section的背景色-->
    <!--section的标题文字颜色-->
    
    <!--grid 分割线颜色-->
    
    <!--list 分割线颜色-->
    
    <!--list 选中状态背景色-->
    
    <!--list 每个item文字颜色-->
    
    <!--正常文本文字颜色-->
    
    <!--次级文本文字颜色-->
    
    <!--高亮文本文字颜色-->
    <!--list提示文本的颜色-->
    
    <!--主题颜色-->
    <!--自定义分享框背景色-->
    
    
    <!-- 权益卡片背景 我的页面 和 权益卡片-->
    
    <color name="device_rights_card_bg_color">H7_ACTIONBAR</color>
    <color name="logo_startcolor">H7_ACCENT_COLOR_PRESS</color>
    <color name="logo_endcolor">H7_ACCENT_COLOR_DISABLED</color>
    
    
    <color name="hwsubtab_indicator_color">H7_ACCENT_COLOR</color>
    <color name="hwsubtab_emui_color_bg">H7_BACKGROUND</color>
    <color name="hwsubtab_emui_subtab_text_on">H7_ACCENT_COLOR</color>
    
    <color name="hwsubtab_bg_blur">H7_BACKGROUND</color>
    
    
    
    <!--敏感手势-->
    <color name="gesture_like">H7_ACCENT_COLOR</color>
    
    
    
    
    
    <color name="recommend_default">H7_ACTIONBAR</color>
    
    
    
    
    
    <!-- 智能检测图标  夜间模式   -->
    <!--  九大故障流图标颜色 -->
    
    
    
    
    
    
    
    
    
    
    
    <!--华为与你-->
    
    
    <!--智慧+ -->
    
    
    
    
    
    
    
    
    
    
    <!--智慧+ 设备中心-->
    
    
    
    
    
    
    
    
    
    <!--  保修期文字颜色 -->
    
    <!-- 商城深色资源 -->
    <!--common-->
    <color name="colorPrimary">H7_BACKGROUND</color>
    <color name="colorPrimaryDark">H7_BACKGROUND</color>
    
    
    
    
    
    
    
    
    
    <!--未反色-->
    
    <color name="textColorMainBlue">H7_ACCENT_COLOR</color>
    <!--50%, 100%, 30%-->
    
    
    <color name="blue">H7_ACCENT_COLOR</color>
    
    
    
    
    
    
    
    
    
    
    <!-- 升级sdk-->
    <color name="upsdk_category_button_select_pressed">H7_ACCENT_COLOR</color>
    <color name="upsdk_blue_text_007dff">H7_ACCENT_COLOR</color>
    
    
    <color name="title_tex_color">H7_ACTIONBAR</color>
    
    
    
    
    
    
    
    
    
    
    
    
    
    
    
    
    
    
    
    
    
    
    
    
    
    
    
    <color name="selected_image_bg">H7_BACKGROUND</color>
    
    <color name="text_color_f000">H7_BACKGROUND</color>
    
    
    <color name="me_achievement_blue">H7_ACCENT_COLOR</color>
    
    
    
    
    
    
    
    
    
    
    
    
    
    
    <color name="me_center_top_bg_start_color">H7_ACTIONBAR</color>
    <color name="me_center_top_bg_end_color">H7_ACTIONBAR</color>
    
    
    <color name="me_setting_transparent">#00FFFFFF</color>
    
    
    <color name="me_threads_item_ff2e94ff">H7_ACCENT_COLOR</color>
    
    
    
    
    
    
    <color name="picture_status_back">H7_BACKGROUND</color>
    <!-- community_common -->
    
    
    
    
    
    
    
    
    
    
    
    
    
    
    
    
    
    <color name="explore_tag_item_text_color">H7_ACTIONBAR</color>
    
    <color name="explore_community_fragment_aar_back">H7_BACKGROUND</color>
    <!-- shop_cn -->
    <color name="myhuawei_shop_search_back">H7_ACTIONBAR</color>
    
    
    
    
    <!-- EMUI深色资源 -->
    
    
    
    
    
    
    <color name="emui_bottombar_bg_blur">H7_ACTIONBAR</color>
    
    
    
    
    <color name="emui_bottombar_subbg_blur">H7_ACTIONBAR</color>
    
    
    
    <color name="emui_color_1">H7_ACCENT_COLOR</color>
    
    
    
    
    
    
    
    
    
    
    <color name="emui_color_divider_horizontal">#00FFFFFF</color>
    
    
    
    
    
    
    
    
    
    
    
    
    
    
    
    
    
    
    
    
    
    
    
    
    
    
    
    
    
    
    
    
    
    
    
    
    
    
    
    
    
    
    
    
    
    
    
    
    
    
    
    
    
    
    
    
    
    
    
    
    
    
    
    
    
    <color name="emui_toast_bg">H7_ACTIONBAR</color>
    
    <color name="emui_toolbar_subbg">H7_ACTIONBAR</color>
    
    
    
    
    
    
    
    
    
    
    
    <!--  会员深色主题颜色值  -->
    <!--深色主题判断色，不要修改和使用-->
    
    <color name="mc_color_toast_bg">H7_ACTIONBAR</color>
    
    
    
    
    
    
    
    
    
    
    <color name="mc_transpaent">#00FFFFFF</color>
    
    
    <!--38%不透明度黑色深色主题适配-->
    <!--弹框背景色，深色主题下显示灰色-->
    
    <!--检查更新SDK 深色主题适配-->
    <color name="transparent">#00000000</color>
    
    
    
    <!-- 华为等级详情，升级文字颜色 -->
    <!-- 华为等级详情，保级级文字颜色 -->
    
    
    
    
    
    <!--我的资产，字体颜色-->
    
    
    
    
    <!-- 个人中心权益图标颜色 -->
    
    
    
    
    <!--列表item卡片式背景颜色-->
    <color name="list_item_card_color">H7_ACTIONBAR</color>
    
    
    
    <color name="linear_note">H7_ACTIONBAR</color>
    <color name="color_bottom_my_private">H7_ACTIONBAR</color>
    <color name="color_my_private">H7_BACKGROUND</color>
    
    <color name="colorTabSelect">H7_ACCENT_COLOR</color>
    
    
    
    
    
    
    
    <color name="item_press">H7_BACKGROUND</color>
    
    
    
    
    <!--我的 mine-->
    
    <color name="sub_blue5">H7_ACCENT_COLOR</color>
    <color name="sub_blue5_press">H7_ACCENT_COLOR</color>
    <!-- listview driver -->
    
    <color name="black_100_percent">H7_BACKGROUND</color>
    
    <color name="transparent">H7_BACKGROUND</color>
    <color name="all_transparent">H7_BACKGROUND</color>
    
    <color name="black">H7_BACKGROUND</color>
    
    
    
    
    
    
    <!--我的子页面顶部tab字体颜色-->
    
    <!-- 上/下拉刷新区域界面的底色 -->
    <color name="list_refresh_gray">H7_ACTIONBAR</color>
    
    <!-- <color name="list_refresh_bg">#f7f7f7</color> -->
    <color name="nickname_black">H7_ACTIONBAR</color>
    
    <!-- listview点击颜色 -->
    <!-- <color name="listview_press_color">#e3e3e3</color> -->
    <!-- <color name="night_listview_press_color">H7_ACTIONBAR</color> -->
    
    <color name="my_tab_bg">H7_ACCENT_COLOR</color>
    
    <!-- 90% black -->
    <!-- <color name="black_90_percent">#e6000000</color> -->
    <!-- 85% black -->
    
    <!-- 75% black -->
    
    <!-- 60% black -->
    
    <!-- 40% black -->
    
    <!-- 50% black -->
    
    
    <!-- 30% black -->
    
    
    
    <!-- 15% black -->
    
    <!-- 10% black -->
    
    <!-- 3.125% black-->
    
    
    <!-- 30% white -->
    
    
    <!-- 20% white -->
    <!-- <color name="white_20_percent">#33ffffff</color> -->
    
    <!-- 65% white -->
    
    
    <!-- 85% white -->
    
    
    
    <color name="shape_corner_background">H7_ACTIONBAR</color>
    
    
    
    <color name="emui_guide_highlight">H7_ACCENT_COLOR</color>
    
    
    <!-- 字体颜色蓝色 -->
    <color name="refresh_head">H7_ACCENT_COLOR_DISABLED</color>
    
    <color name="follow_down">H7_ACTIONBAR</color>
    
    
    <color name="rank_diver">H7_ACTIONBAR</color>
    <drawable name="list_selector_background_transition">#00000000</drawable>
    
    
    
    
    <color name="deep_pink">H7_ACCENT_COLOR</color>
    
    
    <color name="transparent_70_blue">H7_ACCENT_COLOR_PRESS</color>
    
    <color name="deep_blue">H7_ACCENT_COLOR</color>
    
    <color name="transparent_ff_black">H7_BACKGROUND</color>
    <color name="transparent_00_white">#00ffffff</color>
    
    
    
    
    
    
    
    
    <color name="vote_title_color">H7_ACTIONBAR</color>
    <!--lihongkun-->
    
    <color name="snapshot_friend_blue">H7_ACCENT_COLOR</color>
    <color name="snapshot_background_color1">H7_BACKGROUND</color>
    <color name="topic_diver">H7_ACTIONBAR</color>
    
    
    <!-- 背景色 （浅灰） -->
    
    
    
    <!-- 100% black -->
    
    <!-- 70% black -->
    
    <!-- 65% black -->
    
    <!-- 33% black -->
    
    <!-- 20% black -->
    
    <!-- 100% white -->
    <!-- 90% white -->
    <!-- 80% white -->
    
    <!-- 75% white -->
    
    <!-- 70% white -->
    
    <!-- 60% white -->
    
    <!-- 10% white -->
    
    
    
    
    
    
    
    <color name="emui5_blue">H7_ACCENT_COLOR</color>
    <color name="emui5_blue_disable">H7_ACCENT_COLOR_PRESS</color>
    
    
    <!-- example -->
    
    
    
    
    
    
    
    
    
    <color name="dull_blue">H7_ACCENT_COLOR</color>d
    
    
    
    
    <!--搜索-->
    <color name="text_color_emui9_text1">H7_BACKGROUND</color>
    <color name="text_color_emui9_333333">H7_BACKGROUND</color>
    
    
    
    
    <color name="go_home_bg">H7_ACCENT_COLOR</color>
    <!-- 字体颜色蓝色 20%-->
    <color name="blue_20">H7_ACCENT_COLOR_DISABLED</color>
    <color name="blue_30">H7_ACCENT_COLOR_DISABLED</color>
    
    
    
    
    <color name="paint_color">H7_ACCENT_COLOR</color>
    <!-- 圈子 -->
    
    
    <color name="circle_join_text_color">H7_ACTIONBAR</color>
    <color name="raffle_text_color">H7_ACCENT_COLOR</color>
    
    <color name="line_color">H7_ACCENT_COLOR</color>
    
    
    
    
    <color name="text_color_blue">H7_ACCENT_COLOR</color>
    
    
    
    
    
    <color name="forum_selector_bg_selected">H7_ACCENT_COLOR_DISABLED</color>
    
    
    
    
    
    
    
    
    <color name="forum_all_hot_bg_f3f3f3">H7_ACTIONBAR</color>
    <color name="forum_all_hot_bg_fafafa">H7_ACTIONBAR</color>
    <color name="forum_forbid_color">H7_ACTIONBAR</color>
    <color name="popup_bg_80000000">H7_ACTIONBAR</color>
    
    
    
    
    
    
    
    
    <color name="mine_user_group_bg">H7_ACTIONBAR</color>
    <color name="comment_bg_f7f7f7">H7_ACTIONBAR</color>
    
    
    <color name="splash_bg_ffffff">H7_BACKGROUND</color>
    <color name="emui_bg_color">H7_BACKGROUND</color>
    
    
    
    <color name="private_cancel_bg_f7f7f7">H7_ACTIONBAR</color>
    <color name="private_cancel_stroke_dddddd">H7_ACTIONBAR</color>
    <color name="private_cancel_text_11a3ff">H7_ACCENT_COLOR</color>
    
    
    
    
    
    
    
    <color name="circle_selected_indicator_11a3ff">H7_ACCENT_COLOR</color>
    
    
    
    <color name="member_bg_f4f4f4">H7_BACKGROUND</color>
    
    
    <color name="setting_line_d8d8d8">H7_BACKGROUND</color>
    
    
    <color name="dialog_line_e0e0e0">H7_ACTIONBAR</color>
    
    
    <color name="from_background_color">H7_ACCENT_COLOR_PRESS</color>
    
    
    
    <color name="tab_select_text_color_10">H7_ACCENT_COLOR_PRESS</color>
    <color name="his_item_line_color">H7_ACTIONBAR</color>
    
    <color name="remind_item_title_bg">H7_ACTIONBAR</color>
    
    <color name="coupon_code_text_color">H7_ACTIONBAR</color>
    <color name="post_line_color">H7_ACTIONBAR</color>
    <color name="all_read_text_color">H7_ACTIONBAR</color>
    <color name="btm_black_list">H7_ACTIONBAR</color>
    <color name="task_btn_bg_line">H7_ACCENT_COLOR_PRESS</color>
    
    <color name="hw_bottom_bg">H7_ACTIONBAR</color>
    
    
    <color name="snap_recommend_item_line">H7_ACTIONBAR</color>
    
    
    
    
    <color name="share_medal_img_line">H7_ACTIONBAR</color>
    <color name="share_medal_img_bg">H7_ACTIONBAR</color>
    
    
    
    
    
    
    
    <color name="fans_text_0A59F7"> H7_ACCENT_COLOR</color>
    
    
    
    
    
    <color name="forum_color_picture_item_bg">H7_ACTIONBAR</color>
    
    
    <color name="forum_color_d_254FF7_n_4281FF">H7_ACCENT_COLOR</color>
    
    
    
    <color name="forum_color_d_254FF7_n_3753BF">H7_ACCENT_COLOR</color>
    <color name="forum_color_d_e5e5e5_n_1c1e20">H7_ACTIONBAR</color>
    <color name="forum_color_d20_330A59F7_n40_661F69FF">H7_ACCENT_COLOR_PRESS</color>
    
    
    
    
    
    
    <color name="forum_color_d_FF0A59F7_n_FF4281FF">H7_ACCENT_COLOR</color>
    <color name="forum_color_d_FF9DBDFC_n_FF2D4779">H7_ACCENT_COLOR_PRESS</color>
    
    <color name="forum_emui_functional_blue">H7_ACCENT_COLOR</color>
    <color name="forum_emui_functional_blue_ipm1">H7_ACCENT_COLOR</color>
    <color name="forum_emui_functional_blue_ipm2">H7_ACCENT_COLOR</color>
    <color name="background_dn_f1f3f5_00">H7_BACKGROUND</color>
    <!--dn-->
    
    
    
    
    
    
    
    
    
    
    
    <color name="color_dn_bf_4d">H7_ACTIONBAR</color>
    
    <color name="color_dn_f7_00">H7_BACKGROUND</color>
    <color name="color_dn_ff_40">H7_ACTIONBAR</color>
    <color name="color_dn_trasp_26">H7_ACTIONBAR</color>
    
    <color name="color_dn_ff_trasp">#00000000</color>
    <color name="color_dn_transp_00">H7_BACKGROUND</color>
    <color name="color_dn_f2_transp">#00000000</color>
    <color name="color_dn_f2_26">H7_ACTIONBAR</color>
    <color name="color_dn_f2_2f">H7_ACTIONBAR</color>
    
    
    
    
    <color name="color_dn_d8_transp">#00000000</color>
    <color name="color_dn_blue_p10_095280">H7_ACCENT_COLOR</color>
    
    
    
    
    
    
    
    <color name="color_dn_0a59f7_4281ff">H7_ACCENT_COLOR</color>
    
    <color name="color_toast_dn_shawdow">#00000000</color>
    
    
    
    
    <color name="color_dn_0A59F7_4281FF">H7_ACCENT_COLOR</color>
    
    
    
    
    
    
    
    
    
    
    <!--我的奖品 start-->
    
    
    
    
    
    
    
    
    <!--我的奖品 end-->
    <!--    选购开始-->
    
    
    
    
    
    
    
    
    
    
    <color name="net_error_bt_bg_color">H7_ACTIONBAR</color>
    
    
    
    
    
    <!--community_personal-->
    
    
    
    
    
    
    
    
    
    
    <!--me-->
    
    <color name="me_blue">H7_ACCENT_COLOR</color>
    
    
    
    
    
    
    
    
    
    
    
    <!--shop-->
    <!--  分类  深色字体-->
    <color name="shop_grid_all_categories_style">H7_ACCENT_COLOR</color>
    
    
    
    
    
    
    
    
    
    
    <!--shop_common-->
    
    
    
    
    
    
    
    
    
    
    
    
    <color name="shop_black">H7_BACKGROUND</color>
    
    
    
    
    <!--emui-->
    
    
    
    
    <!--  click & collect start  -->
    
    <color name="page_bg_214">H7_BACKGROUND</color>
    
    
    
    
    
    
    
    
    
    <color name="event_progress_pro">H7_BACKGROUND</color>
    
    <!--  click & collect end  -->
    
    <!--适配深色省电模式-->
    
    
    
    
    
    
    
    
    
    
    
    
    
    
    
    
    
    
    <color name="color_4d">H7_ACTIONBAR</color>
    
    
    
    
    
    
    <!--    选购end-->
    
    <!--首页导航指示器小圆点默认颜色-->
    <!--知识详情页，一键诊断的背景色-->
    
    <!--检测维修控件：功能模块图片加载失败-->
    
    <!--智能检测加载过渡页，图标颜色-->
    <!--优惠券列表-->
    
    
    
    
    
    
    
    
    
    
    
    
    
    
    
    
    
    <color name="coupon_list_domestic_enable">H7_ACCENT_COLOR</color>
    <color name="coupon_list_domestic_unable">H7_ACCENT_COLOR_DISABLED</color>
    
    
    
    <!--  服务商城卡片颜色  theme-->
    
    
    
    
    
    
    
    
    
</resources>
