<?xml version="1.0" encoding="utf-8"?>

<resources>
	<color name="emui_accent">H7_ACCENT_COLOR</color>
	<color name="upsdk_category_button_select_pressed">H7_ACCENT_COLOR</color>
	<color name="upsdk_category_button_select_stroke">H7_ACCENT_COLOR_DISABLED</color>
	<color name="hwbutton_pressed">H7_ACCENT_COLOR</color>
	<color name="hwbutton_text_color_disabled_normal_emui_dark">H7_ACCENT_COLOR_DISABLED</color>
	<color name="hwbutton_text_color_normal_emui_dark">H7_ACCENT_COLOR</color>
	<color name="hwsearchview_accent_emui_pressed">H7_ACCENT_COLOR</color>
	<color name="hwbottomnav_emui_accent_dark">H7_ACCENT_COLOR</color>
	<color name="progress_color">H7_ACCENT_COLOR</color>
	<color name="private_policy_normal">H7_ACCENT_COLOR</color>
	<color name="private_policy_press">H7_ACCENT_COLOR</color>
	<color name="icon_white_bg_pressed_color">H7_ACCENT_COLOR</color>
	<color name="icon_grey_bg_defaul_color">H7_ACCENT_COLOR</color>
	<color name="icon_grey_bg_pressed_color">H7_ACCENT_COLOR</color>
	<color name="progress_button_line">H7_ACCENT_COLOR_DISABLED</color>
	<color name="progress_button_content_normal">H7_ACCENT_COLOR_DISABLED</color>
	<color name="progress_button_textcolor">H7_ACCENT_COLOR</color>
	<color name="svg_progressbar_progress_start_color">H7_ACCENT_COLOR</color>
	<color name="svg_progressbar_progress_end_color">H7_ACCENT_COLOR</color>
	<color name="shortcut_center">H7_ACCENT_COLOR</color>
	<color name="search_hot_key_change_color">H7_ACCENT_COLOR</color>
	<color name="search_hot_key_change_press_color">H7_ACCENT_COLOR_PRESS</color>
	<color name="tab_bottow_color_select">H7_ACCENT_COLOR</color>
	<color name="CS_security_setting_text_color">H7_ACCENT_COLOR</color>
	<color name="CS_blue">H7_ACCENT_COLOR</color>
	<color name="CS_password_and_welcome_color">H7_ACCENT_COLOR</color>
	<color name="CS_item_pressed">#cc8891b9</color>
	<color name="CS_textview_jump_color">H7_ACCENT_COLOR</color>
	<color name="CS_more_detail">H7_ACCENT_COLOR</color>
	<color name="CS_blue_text">H7_ACCENT_COLOR</color>
	<color name="current_text_color">H7_ACCENT_COLOR</color>
    <color name="icon_white_bg_default_color">H7_ACCENT_COLOR</color>
    <color name="progress_button_content_pressed">H7_ACCENT_COLOR_DISABLED</color>
    <color name="progress_button_content">#4d8891b9</color>
    <color name="progressbar_progress">H7_ACCENT_COLOR</color>
    <color name="svg_progressbar_progress_center_color">H7_ACCENT_COLOR</color>
    <color name="CS_steep_blue">H7_ACCENT_COLOR</color>

    <color name="toolbar_bg_color">H7_BACKGROUND_TWO</color>
    <color name="scrollbar_bg_color">H7_BACKGROUND_TWO</color>
    <color name="scrollbar_color">#33ffffff</color>
    <color name="progressbar_background">#33ffffff</color>
    <color name="progressbar_progress">#33ffffff</color>
    <color name="theme_title_color">#ffffffff</color>
    <color name="search_view_hint_color">#33ffffff</color>
    <color name="progress_bg_color">H7_ACTIONBAR</color>
    <color name="blank_view_color">H7_ACTIONBAR</color>
    <color name="theme_preview_info_title_color">#80ffffff</color>
    <color name="mask_color">#33ffffff</color>
    <color name="no_resource_svg_color">#80ffffff</color>
    <color name="more_title_press">#ffffff</color>
    <color name="search_color">#ffffff</color>
    <color name="emui_color_gray_10">#E6E6E6</color>
    <color name="list_shortcut_tab_color">#E6E6E6</color>
    <color name="tab_toolbar_color">H7_BACKGROUND_TWO</color>
    <color name="status_bar_color">H7_BACKGROUND_TWO</color>
    <color name="emui_color_gray_1">H7_BACKGROUND_TWO</color>
    <color name="line_view_bg">#33ffffff</color>
    <color name="emui_color_gray_4">#33ffffff</color>
    <color name="expandable_text_view_body_default">#E6E6E6</color>
    <color name="emui_black">#ffffff</color>
    <color name="color_ok_icon">H7_ACTIONBAR</color>

</resources>
