<?xml version="1.0" encoding="utf-8"?>
<resources>
    <color name="a">#0dffffff</color>
    <color name="al">#d11f1f1f</color>
    <color name="ar">H7_BACKGROUND</color>
    <color name="au">H7_ACTIONBAR</color>
    <color name="av">#66000000</color>
    <color name="b6">H7_ACCENT_COLOR</color>
    <color name="c0">#ff666666</color>
    <color name="c1">#80ffffff</color>
    <color name="c8">H7_ACCENT_COLOR</color>
    <color name="c9">H7_ACCENT_COLOR</color>
    <color name="cd">H7_ACCENT_COLOR</color>
    <color name="ch">H7_ACCENT_COLOR</color>
    <color name="cj">H7_ACCENT_COLOR</color>
    <color name="cm">H7_ACCENT_COLOR</color>
    <color name="cq">H7_BACKGROUND</color>
    <color name="cw">#dbffffff</color>
    <color name="cy">#dbffffff</color>
    <color name="d2">H7_BACKGROUND</color>
    <color name="d5">#99ffffff</color>
    <color name="d8">#dbffffff</color>
    <color name="d_">#99ffffff</color>
    <color name="dd">#ffd94838</color>
    <color name="dg">#ffe6e6e6</color>
    <color name="dh">H7_BACKGROUND</color>
    <color name="di">H7_BACKGROUND</color>
    <color name="dn">#33ffffff</color>
    <color name="do">#3fffffff</color>
    <color name="dr">#66ffffff</color>
    <color name="dw">H7_ACCENT_COLOR</color>
    <color name="e0">#995291ff</color>
    <color name="e5">H7_BACKGROUND</color>
    <color name="e6">H7_BACKGROUND</color>
    <color name="ea">#99ffffff</color>
    <color name="ed">H7_ACCENT_COLOR</color>
    <color name="eg">H7_ACTIONBAR</color>
    <color name="ej">#19ffffff</color>
    <color name="el">#0affffff</color>
    <color name="ep">H7_ACTIONBAR</color>
    <color name="es">H7_ACTIONBAR</color>
    <color name="ev">H7_ACCENT_COLOR</color>
    <color name="ey">#26ffffff</color>
    <color name="f1">H7_ACCENT_COLOR</color>
    <color name="f2">#ffe08c3a</color>
    <color name="f5">#ffd1a738</color>
    <color name="f_">H7_ACCENT_COLOR</color>
    <color name="fc">H7_ACCENT_COLOR</color>
    <color name="ff">#ff5ba854</color>
    <color name="fi">#ff86ad53</color>
    <color name="fl">#ff8c55c2</color>
    <color name="fo">#ffd64966</color>
    <color name="fr">#ffd94838</color>
    <color name="fu">#ffdb6b42</color>
    <color name="fx">H7_ACCENT_COLOR</color>
    <color name="g0">H7_BACKGROUND</color>
    <color name="g6">#ff5ba854</color>
    <color name="g9">#33ffffff</color>
    <color name="gb">#ffffffff</color>
    <color name="gc">H7_ACCENT_COLOR</color>
    <color name="gd">#ff9e7349</color>
    <color name="gg">#ff997e39</color>
    <color name="gl">#ff467794</color>
    <color name="go">#ff4c7a73</color>
    <color name="gr">#ff5c8059</color>
    <color name="gu">#ff6b8052</color>
    <color name="gx">#ff634794</color>
    <color name="h0">#ffa14a5c</color>
    <color name="h3">#ff9c554b</color>
    <color name="h6">#ff9e644f</color>
    <color name="h_">#ffe5e5e5</color>
    <color name="hb">#ff666666</color>
    <color name="hg">#33ffffff</color>
    <color name="hj">H7_ACTIONBAR</color>
    <color name="hk">#ffe6e6e6</color>
    <color name="hl">H7_ACTIONBAR</color>
    <color name="hm">H7_ACTIONBAR</color>
    <color name="hn">H7_ACTIONBAR</color>
    <color name="ho">#4ce6e6e6</color>
    <color name="hp">#ff666666</color>
    <color name="hr">#ffb3b3b3</color>
    <color name="hs">#ffcccccc</color>
    <color name="ht">#ffd94838</color>
    <color name="hz">#dbffffff</color>
    <color name="i2">#99ffffff</color>
    <color name="i5">#99ffffff</color>
    <color name="i8">#dbffffff</color>
    <color name="ia">H7_BACKGROUND</color>
    <color name="id">#19ffffff</color>
    <color name="ig">#66ffffff</color>
    <color name="ij">H7_ACCENT_COLOR_DISABLED</color>
    <color name="im">#dbffffff</color>
    <color name="ip">#99ffffff</color>
    <color name="is">#66ffffff</color>
    <color name="iv">H7_ACTIONBAR</color>
    <color name="j1">#ffdb6b42</color>
    <color name="j4">H7_ACCENT_COLOR</color>
    <color name="j6">H7_ACCENT_COLOR</color>
    <color name="j_">H7_ACCENT_COLOR</color>
    <color name="jc">#19ffffff</color>
    <color name="jf">#19ffffff</color>
    <color name="jh">#0affffff</color>
    <color name="jl">H7_ACTIONBAR</color>
    <color name="jo">H7_ACCENT_COLOR</color>
    <color name="jr">H7_ACCENT_COLOR</color>
    <color name="ju">H7_ACCENT_COLOR</color>
    <color name="k6">H7_ACCENT_COLOR_DISABLED</color>
    <color name="k9">H7_ACCENT_COLOR_DISABLED</color>
    <color name="kb">#e5ffffff</color>
    <color name="ke">#99ffffff</color>
    <color name="kh">#66ffffff</color>
    <color name="kk">H7_ACCENT_COLOR</color>
    <color name="kq">#ff007900</color>
    <color name="kr">#ffd94838</color>
    <color name="ku">#19ffffff</color>
    <color name="kx">#19ffffff</color>
    <color name="l3">#99000000</color>
    <color name="l6">#b2000000</color>
    <color name="l9">#e5000000</color>
    <color name="lb">#66000000</color>
    <color name="le">#e5000000</color>
    <color name="lk">#ffffffff</color>
    <color name="lm">#ffe5e5e5</color>
    <color name="mv">#ff392f49</color>
    <color name="mw">#ff4a4333</color>
    <color name="n1">#ff343e4a</color>
    <color name="n4">#ff3c4b34</color>
    <color name="n7">#ff443038</color>
    <color name="n_">#ff463630</color>
    <color name="nc">H7_ACCENT_COLOR</color>
    <color name="nf">H7_BACKGROUND</color>
    <color name="nl">H7_ACCENT_COLOR</color>
    <color name="no">#99ffffff</color>
    <color name="nr">H7_ACCENT_COLOR</color>
    <color name="nu">#33000000</color>
    <color name="nx">#66ffffff</color>
    <color name="o1">#66ffffff</color>
    <color name="o7">#99ffffff</color>
    <color name="of">#ffffffff</color>
    <color name="oh">#ffe5e5e5</color>
    <color name="ou">H7_BACKGROUND</color>
    <color name="p0">#dbffffff</color>
    <color name="p1">H7_ACCENT_COLOR</color>
    <color name="p9">H7_BACKGROUND</color>
    <color name="pb">#dbffffff</color>
    <color name="pc">H7_ACCENT_COLOR</color>
    <color name="pk">#ffe6e6e6</color>
    <color name="pl">H7_ACTIONBAR</color>
    <color name="pt">#ffe6e6e6</color>
    <color name="pv">H7_BACKGROUND</color>
    <color name="pz">H7_BACKGROUND</color>
    <color name="q5">H7_ACCENT_COLOR_DISABLED</color>
    <color name="qf">#19ffffff</color>
    <color name="qk">#19ffffff</color>
    <color name="qr">H7_ACCENT_COLOR_DISABLED</color>
    <color name="s4">#1affffff</color>
    <color name="sk">#66ffffff</color>
    <color name="su">#33ffffff</color>
    <color name="t1">#80ffffff</color>
    <color name="t4">#66ffffff</color>
    <color name="t_">H7_BACKGROUND</color>
    <color name="uk">#ff643810</color>
    <color name="un">H7_ACCENT_COLOR</color>
    <color name="up">#19ffffff</color>
    <color name="uq">#4cffffff</color>
    <color name="ur">#0cffffff</color>
    <color name="us">#99ffffff</color>
    <color name="ut">#a5ffffff</color>
    <color name="uu">#b2ffffff</color>
    <color name="uv">#fff4f4f4</color>
    <color name="uw">H7_BACKGROUND</color>
    <color name="ux">#00ffffff</color>
    <color name="uy">#19000000</color>
    <color name="uz">H7_BACKGROUND</color>
    <color name="v0">#26000000</color>
    <color name="v1">#66000000</color>
    <color name="v2">#a5000000</color>
    <color name="v4">H7_ACTIONBAR</color>
    <color name="v5">#0cffffff</color>
    <color name="v6">#26222222</color>
    <color name="vb">#e6ffffff</color>
    <color name="vc">#ff313131</color>
    <color name="vg">H7_BACKGROUND</color>
    <color name="vh">H7_ACCENT_COLOR</color>
    <color name="vj">#ffd94838</color>
    <color name="vl">H7_ACTIONBAR</color>
    <color name="vm">#cc202224</color>
    <color name="vp">#19ffffff</color>
    <color name="vr">#19ffffff</color>
    <color name="vt">#ff5ba854</color>
    <color name="vv">H7_ACCENT_COLOR</color>
    <color name="vx">H7_ACCENT_COLOR</color>
    <color name="vz">#ffffffff</color>
    <color name="w3">#ffd94838</color>
    <color name="w5">#33ffffff</color>
    <color name="w7">#dbffffff</color>
    <color name="w9">#99ffffff</color>
    <color name="wa">#66ffffff</color>
    <color name="wc">#19ffffff</color>
    <color name="wd">#19ffffff</color>
    <color name="wg">#33ffffff</color>
    <color name="wi">H7_ACCENT_COLOR</color>
    <color name="wj">#ffe08c3a</color>
    <color name="wl">#ffd1a738</color>
    <color name="wq">H7_ACCENT_COLOR</color>
    <color name="ws">H7_ACCENT_COLOR</color>
    <color name="wu">#ff5ba854</color>
    <color name="ww">#ff86ad53</color>
    <color name="wy">#ff8c55c2</color>
    <color name="x0">#ffd64966</color>
    <color name="x2">#ffd94838</color>
    <color name="x4">#ffdb6b42</color>
    <color name="x8">H7_ACTIONBAR</color>
    <color name="x_">H7_ACCENT_COLOR</color>
    <color name="xb">#33ffffff</color>
    <color name="xd">#dbffffff</color>
    <color name="xh">#99ffffff</color>
    <color name="xj">#66ffffff</color>
    <color name="xl">#ffdb6b42</color>
    <color name="y8">#19ffffff</color>
    <color name="yp">#ffe6e6e6</color>
    <color name="z2">#66ffffff</color>
    <color name="z6">#ff242424</color>
    <color name="zi">#dbffdddd</color>
    <color name="zj">#dbffecee</color>
    <color name="zk">#dbffebd2</color>
    <color name="zl">#dbfff2dd</color>
    <color name="zm">#ffb39977</color>
    <color name="zn">H7_BACKGROUND</color>
    <color name="ud">#ff616161</color>
    <color name="uh">#ff616161</color>
    <color name="t9">#191f69ff</color>
</resources>
