<?xml version="1.0" encoding="utf-8"?>
<hwthemes>
	<color name="translucent_background">#80ffffff</color>
	<color name="emui_button_text_disabled">#41ffffff</color>
	<color name="emui_button_text_color">#d8ffffff</color>
	<color name="black_70_percent">#b3ffffff</color>
	<color name="cloudbackup_black">#ffffffff</color>
	<color name="cloudbackup_disable_text">#19ffffff</color>
	<color name="activity_bg">#00000000</color>
	<color name="startupguide_tip_text">#ffffffff</color>
	<color name="subtitle_color">#a6ffffff</color>
	<color name="hint_color">#26ffffff</color>
	<color name="phonfinder_net">#4dffffff</color>
	<color name="maintitle_color">#d9ffffff</color>
	<color name="diver_color">#26ffffff</color>
	<color name="title_color_85">#d0ffffff</color>
	<color name="title_color_30">#4cffffff</color>
	<color name="slide_color">#20ffffff</color>
	<color name="sub_tx_color_old2">#a6ffffff</color>
	<color name="black_65">#a6ffffff</color>
	<color name="black_45">#73ffffff</color>
	<color name="dialog_text_color">#ffffffff</color>
	<color name="black_50_disable">#40ffffff</color>
	<color name="first_tx_color">#ffffffff</color>
	<color name="first_tx_disable_color">#4cffffff</color>
	<color name="black">#ffffffff</color>
	<color name="sub_tx_color">#80ffffff</color>
	<color name="sub_tx_disable_color">#4cffffff</color>
	<color name="attention_color">#6299e9</color>
	<color name="black_75">#c0ffffff</color>
	<color name="black_60">#9affffff</color>
	<color name="black_50">#80ffffff</color>
	<color name="black_30">#4cffffff</color>
	<color name="black_20">#33ffffff</color>
	<color name="black_10">#19ffffff</color>
	<color name="black_5">#0dffffff</color>
	<color name="black_3">#08ffffff</color>
	<color name="CS_link_color">#ffffffff</color>
	<color name="CS_black">#ffffffff</color>
	<color name="CS_background">#ff6299e9</color>
	<color name="CS_hint_color">#26ffffff</color>
	<color name="CS_hint_color_emui5">#51ffffff</color>
	<color name="CS_gray_color">#33ffffff</color>
	<color name="CS_black_100_percent">#ffffffff</color>
	<color name="CS_black_90_percent">#e6ffffff</color>
	<color name="CS_black_85_percent">#daffffff</color>
	<color name="CS_both_black_85_percent">#daffffff</color>
	<color name="CS_both_black_80_percent">#ccffffff</color>
	<color name="CS_black_75_percent">#c0ffffff</color>
	<color name="CS_black_70_percent">#b3ffffff</color>
	<color name="CS_black_65_percent">#a6ffffff</color>
	<color name="CS_black_60_percent">#99ffffff</color>
	<color name="CS_black_50_percent">#80ffffff</color>
	<color name="CS_black_30_percent">#4cffffff</color>
	<color name="CS_black_15_percent">#26ffffff</color>
	<color name="CS_black_10_percent">#19ffffff</color>
	<color name="CS_black_5_percent">#0dffffff</color>
	<color name="CS_black_2_percent">#05ffffff</color>
	<color name="CS_blue_text">#f1f1f1</color>
</hwthemes>
