<?xml version="1.0" encoding="UTF-8"?><resources>
    <color name="editor_cursor_light">H7_ACCENT_COLOR</color>
    <color name="emui_accent">H7_ACCENT_COLOR</color>
    <color name="emui_accent_pressed">H7_ACCENT_COLOR</color>
    <color name="emui_activated">H7_ACCENT_COLOR</color>
    <color name="emui_activated_end">H7_ACCENT_COLOR</color>
    <color name="emui_activated_start">H7_ACCENT_COLOR</color>
    <color name="emui_appbar_bg">H7_BACKGROUND</color>
    
    
    <color name="emui_appbar_subbg">H7_BACKGROUND</color>
    
    
    
    
    
    <color name="emui_bottombar_bg">H7_BACKGROUND</color>
    <color name="emui_bottombar_bg_blur">H7_BACKGROUND</color>
    
    
    
    <color name="emui_bottombar_icon_on">H7_ACCENT_COLOR</color>
    
    <color name="emui_bottombar_subbg">H7_BACKGROUND</color>
    <color name="emui_bottombar_subbg_blur">H7_BACKGROUND</color>
    
    <color name="emui_bottombar_text_on">H7_ACCENT_COLOR</color>
    <color name="emui_bottomsheet_bg">H7_ACTIONBAR</color>
    
    
    <color name="emui_card_bg">H7_ACTIONBAR</color>
    <color name="emui_card_panel_bg">H7_ACTIONBAR</color>
    <color name="emui_center_color">H7_ACCENT_COLOR</color>
    
    <color name="emui_color_1">H7_ACCENT_COLOR</color>
    
    
    <color name="emui_color_2">H7_ACCENT_COLOR</color>
    <color name="emui_color_3">H7_ACCENT_COLOR</color>
    
    
    
    
    
    
    <color name="emui_color_badge">H7_ACCENT_COLOR</color>
    <color name="emui_color_bg">H7_BACKGROUND</color>
    <color name="emui_color_bg_floating">H7_ACTIONBAR</color>
    
    
    
    
    <color name="emui_color_fg_1">H7_ACCENT_COLOR</color>
    
    
    
    
    
    
    
    
    
    
    
    
    
    <color name="emui_color_gray_1">H7_ACTIONBAR</color>
    
    <color name="emui_color_gray_2">H7_ACTIONBAR</color>
    <color name="emui_color_gray_3">H7_ACTIONBAR</color>
    <color name="emui_color_gray_4">H7_ACTIONBAR</color>
    
    
    
    
    
    
    
    
    
    <color name="emui_color_shadow">H7_BACKGROUND</color>
    
    <color name="emui_color_subbg">H7_BACKGROUND</color>
    
    
    <color name="emui_color_text_highlight">H7_ACCENT_COLOR_DISABLED</color>
    
    
    
    <color name="emui_color_tips_bg">H7_ACTIONBAR</color>
    <color name="emui_color_tooltips_bg">H7_ACTIONBAR</color>
    
    <color name="emui_control_focused">H7_ACCENT_COLOR</color>
    <color name="emui_control_focused_outline">H7_ACCENT_COLOR</color>
    <color name="emui_control_highlight">H7_ACCENT_COLOR</color>
    
    
    
    <color name="emui_dialog_bg">H7_ACTIONBAR</color>
    <color name="emui_end_color">H7_ACCENT_COLOR</color>
    <color name="emui_fab_bg_normal">H7_ACCENT_COLOR</color>
    <color name="emui_fab_bg_pressed">H7_ACCENT_COLOR</color>
    <color name="emui_fab_shadow_end">H7_ACCENT_COLOR_DISABLED</color>
    <color name="emui_fab_shadow_start">H7_ACCENT_COLOR_DISABLED</color>
    
    
    
    <color name="emui_functional_blue">H7_ACCENT_COLOR</color>
    
    
    
    
    
    
    
    
    
    
    
    
    
    
    
    
    
    <color name="emui_start_color">H7_ACCENT_COLOR</color>
    <color name="emui_subtab_bg">H7_BACKGROUND</color>
    <color name="emui_subtab_line_on">H7_ACCENT_COLOR</color>
    
    <color name="emui_subtab_text_on">H7_ACCENT_COLOR</color>
    
    
    
    
    
    
    
    <color name="emui_toolbar_bg">H7_BACKGROUND</color>
    
    <color name="emui_toolbar_icon_actived">H7_ACCENT_COLOR</color>
    <color name="emui_toolbar_subbg">H7_BACKGROUND</color>
    
    <color name="emui_toolbar_text_actived">H7_ACCENT_COLOR</color>
    
    
    
    
    <color name="hiad_color_bg">H7_BACKGROUND</color>
    <color name="hiad_color_text_highlight">H7_ACCENT_COLOR_DISABLED</color>
    <color name="hiad_control_focused_outline">H7_ACCENT_COLOR</color>
    
    
    <color name="hiad_emui_accent">H7_ACCENT_COLOR</color>
    
    
    
    <color name="hiad_emui_color_subbg">H7_BACKGROUND</color>
    <color name="hiad_install_success_card_color">H7_ACTIONBAR</color>
    
    
    <color name="hiad_landing_app_down_normal_bg_hm">H7_ACCENT_COLOR</color>
    
    
    
    
    <color name="hiad_switch_open_lock">H7_ACCENT_COLOR_DISABLED</color>
    
    <color name="hiad_video_progress_blue_hm">H7_ACCENT_COLOR</color>
    <color name="hwadvancedcardview_Shadow_Color_light">H7_BACKGROUND</color>
    <color name="id_fa_color_activated">H7_ACCENT_COLOR</color>
    
    <color name="id_fa_color_background">H7_ACTIONBAR</color>
    
    
    
    
    <color name="id_fa_color_emphasize">H7_ACCENT_COLOR</color>
    <color name="id_fa_color_emphasize_outline">H7_ACCENT_COLOR</color>
    
    
    
    
    
    
    
    
    
    
    <color name="id_fa_color_palette1">H7_ACCENT_COLOR</color>
    
    
    <color name="id_fa_color_palette2">H7_ACCENT_COLOR</color>
    <color name="id_fa_color_palette3">H7_ACCENT_COLOR</color>
    
    
    
    
    
    
    <color name="id_fa_color_sub_background">H7_ACTIONBAR</color>
    
    <color name="id_fa_color_text_activated">H7_ACCENT_COLOR</color>
    
    
    
    
    
    <color name="theme_color">H7_ACCENT_COLOR</color>
</resources>
