﻿<?xml version="1.0" encoding="utf-8"?>
<resources>
	<color name="btn_disable_text_color">#808080</color>
	<color name="emui_gray_4">H7_ACTIONBAR</color>
   <color name="hwtoolbar_menu_clicked_emui">H7_ACCENT_COLOR</color>
   <color name="hwtoolbar_splitbackground">H7_ACTIONBAR</color>
   <color name="hwtoolbar_splitbackground_translucent">#00FFFFFF</color>
   <color name="hwtoolbar_background_translucent">#00FFFFFF</color>
   <color name="hwtoolbar_menu_clicked_emui_translucent">#33ffffff</color>
	<color name="hwtoolbar_background">H7_ACTIONBAR</color>
   <color name="hidisk_white">H7_BACKGROUND_TWO</color>
   <color name="hidisk_black">#ffffff</color>
   <color name="select">H7_ACCENT_COLOR</color>
   <color name="list_item_black">#1e1e1e</color>
   <!-- 下载管理 -->
   <!-- 应用管理 -->
   <color name="text_color_gray">#ff666666</color>
   <!-- 通讯录 -->
   <color name="contact_text_black">#1e1e1e</color>
   <color name="contact_text_gray">#646464</color>
   <!--搜索结果分割线  add by zys 20150717 end-->
   <color name="hidisk_search_list_divider_gray">#d9d7d7</color>
   <!-- HAP5.2 默认背景  add by huangjunjun KF62407 2011-12-16 -->
   <color name="hidisk_default_background">#00000000</color>
   <color name="hidisk_list_file_size_color">#6b6b6b</color>
   <!-- add by jiayunan jkf65707 20120109 end -->
   <color name="hidisk_list_file_name_color">#ffffffff</color>
   <!-- 
   <color name="list_item_bg_selected">H7_ACCENT_COLOR_DISABLED</color>
     -->
   <color name="hidisk_list_item_bg_activiated">#6623a7d9</color>
   <color name="hidisk_list_item_group_bg_selected">#8fccdf</color>
   <!-- 文件 管理器   add by huangjunjun KF62407 -->
   <!-- DTS2011092601365 shaodeqing 20110926 begin -->
   <color name="hidisk_btn_disable_text_color">#d9d9d9</color>
   <color name="hidisk_help_paper_background">H7_ACTIONBAR</color>
   <!--UX检视使用FF3320<color name="hidisk_control_warn_red">#ffd43e25</color> -->
   <color name="hidisk_control_warn_red">#ffff3320</color>
   <color name="hw_control_disable_gray">#19ffffff</color>
   <!-- A light Holo shade of blue -->
   <color name="hidisk_progressbar_bgcolor">#ffdbd9d9</color>
   <color name="hidisk_progressbar_frontcolor">#ff23a7d9</color>
   <color name="hidisk_color_black_alpha_85">#d9ffffff</color>
   <color name="hidisk_color_blcak_alpha_30">#80ffffff</color>
   <color name="hidisk_color_black_alpha_100">#ffffffff</color>
   <color name="hidisk_color_black_alpha_65">#a6ffffff</color>
   <color name="hidisk_color_black_alpha_50">#7fffffff</color>
   <color name="color_blcak_alpha_75">#bfffffff</color>
   <color name="color_black_alpha_75">#bfffffff</color>
   <color name="hidisk_color_black_alpha_90">#e6ffffff</color>
   <color name="hidisk_color_white_alpha_90">#e6202125</color>
   <color name="hidisk_color_white_alpha_60">#99202125</color>
   <color name="hidisk_color_black_alpha_75">#bfffffff</color>
   <color name="hidisk_color_black_alpha_30">#4dffffff</color>
   <color name="hidisk_color_black_alpha_80">#ccffffff</color>
   <color name="hidisk_color_black_alpha_60">#99ffffff</color>
   <color name="hidisk_color_failed_red">#f0460e</color>
   <!--超链接的颜色 -->
   <!--<color name="hidisk_autolink_color">H7_ACCENT_COLOR</color>-->
   <color name="hidisk_color_about_backgroud">#00000000</color>
   <color name="hidisk_color_default_point">H7_BACKGROUND_TWO</color>
   <color name="hicloud_activity_bg">#00000000</color>
   <color name="diver_color">#33ffffff</color>
   <color name="hicloud_section_color">H7_ACTIONBAR</color>
   <color name="bg_color_light">#00000000</color>
   <color name="exe_text_pressed">#52ffffff</color>
   <color name="exe_text_unpressed">#80ffffff</color>
   <color name="exe_text_unenable">#31ffffff</color>
   <color name="hidisk_color_listview_divider">#33ffffff</color>
   <color name="hicloud_color_black_alpha_50">#7fffffff</color>
   <color name="hicloud_color_black_alpha_100">#ffffffff</color>
   <color name="hicloud_bg_color_border">H7_ACTIONBAR</color>
   <color name="hicloud_bg_color_dark">H7_ACTIONBAR</color>
   <color name="hidisk_select_title_black">#ffffff</color>
   <color name="hidisk_list_seletor_color">#1affffff</color>
   <color name="color_loading_bottom_view_bg">#00000000</color>
   <color name="hidisk_color_storage_detail_background">H7_ACTIONBAR</color>
   <color name="hidisk_roundpercentbar_black">#ffffff</color>
   <color name="roundpercentbar_black_alpha_50">#80ffffff</color>
   <color name="hidisk_policy_textview_normal">H7_ACCENT_COLOR</color>
   <color name="hidisk_policy_textview_pressed">#07afc9</color>
   <color name="hidisk_color_search_online">H7_ACCENT_COLOR</color>
   <color name="black_10">#19ffffff</color>
   <color name="line">#48474c</color>
   <color name="line_green">#0dffffff</color>
   <color name="default_text_color">#ffffff</color>
   <color name="first_tx_color">#ffffff</color>
   <color name="first_tx_disable_color">#4cffffff</color>
   <color name="sub_tx_color">#80ffffff</color>
   <color name="sub_tx_disable_color">#4cffffff</color>
   <color name="dividing_line_color">#33ffffff</color>
   <color name="btn_text_unselect">#80ffffff</color>
   <color name="bottom_bar_btn_pressed">#84d2ef</color>
   <!-- 搜索框输入框色值 -->
   <color name="hidisk_search_input_color">#ffffffff</color>
   <color name="hidisk_search_input_color_8">#ffffffff</color>
   <color name="hidisk_search_hint_color">#33ffffff</color>
   <color name="hidisk_search_hint_color_8">#33ffffff</color>
   <!-- 删除红色字体 -->
   <color name="delete_red">#d43e25</color>
   <!-- 列表item按下去颜色值 -->
   <drawable name="list_item_press_bg">#13ffffff</drawable>
   <drawable name="list_item_bg">#00000000</drawable>
   <drawable name="list_header_bg">#00000000</drawable>
   <drawable name="activity_bg">#00000000</drawable>
   <!--列表item选中状态的颜色值  -->
   <drawable name="item_selected_bg">#ff0000</drawable>
   <!--蓝色title文字颜色 -->
   <color name="title_text_color">H7_ACCENT_COLOR</color>
   <!--title文字下方分割线颜色 -->
   <color name="title_divider_line">H7_ACCENT_COLOR</color>
   <drawable name="top_bar_bg">#0097a8</drawable>
   <color name="top_bar_bg_white">H7_ACTIONBAR</color>
   <color name="white_65">#a6ffffff</color>
   <color name="white_70">#b2ffffff</color>
   <color name="white_90">#e6ffffff</color>
   <color name="white_85">#daffffff</color>
   <color name="white_80">#cdffffff</color>
   <color name="waring_red">#daf0460e</color>
   <color name="gray_white">#26ffffff</color>
   <!--超链接的颜色 -->
   <color name="hidisk_autolink_color">H7_ACCENT_COLOR</color>
   <color name="blue_emui5_text">H7_ACCENT_COLOR</color>
   <color name="black_45">#73ffffff</color>
   <color name="dialog_text_color">#ffffff</color>
   <!-- clone -->
   <!-- 列表item按下去和选中状态的颜色值 -->
   <drawable name="item_press_bg">#cc23a7d9</drawable>
   <!-- 网格点击色 -->
   <drawable name="grid_item_press">#cae7eb</drawable>
   <!-- 蓝色title文字颜色 -->
   <color name="title_text_color_clone">#BFffffff</color>
   <!-- 以下为手机克隆添加的 -->
   <color name="pink">#fd5d7b</color>
   <color name="invite_gray">#4a4a4a</color>
   <color name="invite_red">#ff4444</color>
   <color name="dialog_title_color">#0a9dcd</color>
   <drawable name="clone_blue_bg">#2068b0</drawable>
   <color name="white_d8">#d8ffffff</color>
   <color name="black_50">#80ffffff</color>
   <color name="black_50_disable">#33ffffff</color>
   <color name="black_65">#a5ffffff</color>
   <color name="black_85">#daffffff</color>
   <color name="black_80">#CEffffff</color>
   <color name="black_3">H7_ACTIONBAR</color>
   <color name="green_D8">#D8ffffff</color>
   <color name="serach_tips">#D8ffffff</color>
   <color name="blue_53">#5395d9</color>
   <color name="black_d8">#d8ffffff</color>
   <color name="bf_zereo">#BFffffff</color>
   <color name="list_divider">#33ffffff</color>
   <!-- 超链接的颜色 -->
   <color name="blak_a5">#A5ffffff</color>
   <!-- 功能介绍界面详情介绍字体颜色 -->
   <color name="black_A6">#A6ffffff</color>
   <color name="blue_color">#197dd2</color>
   <color name="blue_color_50">#80197dd2</color>
   <color name="time_warning_color">#daff694e</color>
   <color name="send_btn_text_color">#ffffff</color>
   <color name="send_btn_text_color_disable">#80ffffff</color>
   <color name="white_text_color">#ffffff</color>
   <color name="white_text_press_color">#80ffffff</color>
   <color name="blue_text_color">H7_ACCENT_COLOR</color>
   <color name="black_text_color">#ffffff</color>
   <color name="black_text_press_color">#43ffffff</color>
   <color name="trans_data_suc">#91d13f</color>
   <!-- 备份管理界面介质选择颜色 -->
   <color name="medium_row_default_bg">#00000000</color>
   <color name="medium_row_selected_bg">#00ffff</color>
   <color name="row_text_color_default">#00000C</color>
   <color name="row_text_color_inverse">#ffffff</color>
   <!-- EMUI 4.0 小面积雅兰色 -->
   <color name="small_area_jalam">#00bcd5</color>
   <color name="small_area_jalam_disable">#4c00bcd5</color>
   <!-- qrcode -->
   <color name="result_view">#b0ffffff</color>
   <color name="status_text">#ffffffff</color>
   <color name="result_minor_text">#ffc0c0c0</color>
   <color name="result_text">#ffffffff</color>
   <color name="result_points">#c099cc00</color>
   <color name="viewfinder_laser">#ff01b9ff</color>
   <color name="viewfinder_mask">H7_BACKGROUND_TWO</color>
   <!--<color name="viewfinder_frame">#ff00c0ff</color> -->
   <color name="possible_result_points">#c0ffbd21</color>
   <color name="clone_choose_type">H7_ACTIONBAR</color>
   <color name="text_color">H7_ACCENT_COLOR</color>
   <color name="text_color_press">#0a7fc9</color>
   <color name="code_text_color">#353535</color>
   <color name="text_color_red">#ff3320</color>
   <color name="all_background_color">#00000000</color>
   <color name="list_divider_color">#00000000</color>
   <color name="dividing_progress_color">#80ffffff</color>
   <color name="frame_color">#ffdc1a</color>
   <color name="frame_color_angle">#fddb18</color>
   <color name="black_30">#4bffffff</color>
   <color name="black_50">#80ffffff</color>
   <color name="black_75">#bfffffff</color>
   <color name="hidisk_dialog_message_text_color">#ffffff</color>
   <color name="device_admin_waring_text">#ffffff</color>
   <color name="hidisk_color_category_storage_layout_bg">H7_ACTIONBAR</color>
   <color name="hidisk_color_custom_open_resolver_grid_emui_tv">#80ffffff</color>
   <color name="pay_white">#ffffff</color>
   <color name="attention_color">#1596D1</color>
   <color name="oobe_btn_pressed">#0a7fc9</color>
   <color name="tab_unselected_text_color">H7_ACCENT_COLOR</color>
   <color name="tab_selected_text_color2">#0a7fc9</color>
   <color name="attention_color_30">H7_ACCENT_COLOR_PRESS</color>
   <!-- feedback dark theme-->
   <color name="feedback_blue">H7_ACCENT_COLOR</color>
   <color name="feedback_title_bar_unnormal_color">H7_ACTIONBAR</color>
   <color name="feedback_transparent">#00000000</color>
   <color name="feedback_white">#FFFFFF</color>
   <color name="feedback_light_white">#55FFFFFF</color>
   <color name="feedback_divideline">#00000000</color>
   <color name="feedback_background">#f7f7f7</color>
   <color name="feedback_text_color1">#FFFFFF</color>
   <color name="feedback_text_color2">#80FFFFFF</color>
   <color name="feedback_text_color_75">#C0FFFFFF</color>
   <!--     30% -->
   <color name="feedback_text_color3">#33FFFFFF</color>
   <color name="feedback_highlight_color_old">H7_ACCENT_COLOR</color>
   <color name="feedback_record_listview_title">#14FFFFFF</color>
   <color name="feedback_question_type_color">#f0460e</color>
   <color name="feedback_highlight_color">H7_ACCENT_COLOR</color>
   <!-- 20%透明度 -->
   <color name="feedback_highlight_color_disable">H7_ACCENT_COLOR_PRESS</color>
   <color name="feedback_highlight_color_disable_old">#3328c0c6</color>
   <color name="feedback_blue_disable">H7_ACCENT_COLOR_DISABLED</color>
   <color name="feedback_smarthelper_textview_bg">#33FFFFFF</color>
   <color name="feedback_black_10">#26FFFFFF</color>
   <color name="feedback_smarthelper_user_textview_bg">H7_ACCENT_COLOR</color>
   <color name="feedback_black_03">#07202125</color>
   <color name="feedback_spannable_click_color">#0a7fc9</color>
   <!-- 多主题适配 -->
   <color name="feedback_text_color_data">#FFFFFF</color>
   <color name="feedback_text_color_customer_service">#FFFFFF</color>
   <!-- 下载进度文字颜色 -->
   <color name="hidisk_autolink_color1">#FFFFFF</color>
   <color name="hidisk_color_download_text">#FFFFFF</color>
   <color name="hidisk_color_download_progress_widget_background_solid">H7_ACCENT_COLOR_PRESS</color>
   <color name="hidisk_color_download_progress_widget_background">H7_ACCENT_COLOR</color>
   <color name="hidisk_color_download_progress_widget_background_stroke">H7_ACCENT_COLOR</color>
   <color name="hidisk_color_download_progress_widget_secondaryprogress_solid">H7_BACKGROUND_TWO</color>
   <color name="hidisk_color_download_progress_widget_secondaryprogress_stroke">H7_ACCENT_COLOR</color>
   <color name="hidisk_color_download_progress_widget_progress_solid">H7_ACCENT_COLOR_PRESS</color>
   <!-- ffffff 20% -->
   <color name="black_disbale_color">#33ffffff</color>
   <!-- ffffff 20% -->
   <color name="black_50_disable_color">#33ffffff</color>
   <!-- 升级SDK -->
   <color name="hidisk_upsdk_black">#FFFFFFFF</color>
   <!-- emui9.0深色主题适配 -->
   <color name="emui_primary">#E6E6E6</color>
   <color name="emui_accent">H7_ACCENT_COLOR</color>
   <color name="emui_black">#E6E6E6</color>
   <color name="emui_white">#E6E6E6</color>
   <color name="emui_white_bg">#00000000</color>
   <color name="emui_color_gray_10">#E6E6E6</color>
   <color name="emui_color_gray_9">#CCCCCC</color>
   <color name="emui_color_gray_8">#B3B3B3</color>
   <color name="emui_color_gray_7">#808080</color>
   <color name="emui_color_gray_6">#666666</color>
   <color name="emui_color_gray_5">#4CE6E6E6</color>
   <color name="emui_color_gray_4">H7_ACTIONBAR</color>
   <color name="emui_color_gray_3">H7_ACTIONBAR</color>
   <color name="emui_color_gray_2">#1A1A1A</color>
   <color name="emui_color_gray_1">H7_ACTIONBAR</color>
   <color name="emui_functional_red">#ED2A2B</color>
   <color name="emui_functional_green">#3DB03D</color>
   <color name="emui_functional_blue">#1596D1</color>
   <color name="hwdivider_horizontal_color_emui">#33ffffff</color>
   <!--9.0分割线色值-->
   <color name="emui9_divider_color">#33ffffff</color>
   <!--9.0列表条目点击色值-->
   <color name="emui9_list_seletor_color">#1AFFFFFF</color>
   <!--actionbar背景色-->
   <color name="hidisk_action_bar_bg_white">H7_ACTIONBAR</color>
   <color name="hidisk_action_bar_bg_gray">H7_ACTIONBAR</color>
   <!--navigationbar背景色-->
   <color name="hidisk_navigation_bar_bg_white">H7_ACTIONBAR</color>
   <color name="hidisk_navigation_bar_bg_gray">H7_ACTIONBAR</color>
   <!--8.0actionbar背景色-->
   <color name="hidisk_action_bar_bg_white_8_0">H7_ACTIONBAR</color>
   <color name="hidisk_action_bar_bg_gray_8_0">H7_ACTIONBAR</color>
	<!-- subtab背景 -->
   <color name="hidisk_sub_tab_bg">H7_ACTIONBAR</color>
   <!-- HwEdittext hint字体颜色 -->
   <color name="hwedit_emui_black_color_alpha_30">#4CFFFFFF</color>
   <!-- 压缩dialog 还原压缩文件中默认字体颜色 -->
   <color name="hidisk_upsdk_half_black">#80FFFFFF</color>
	 <!-- 饼图的按压 -->
   <color name="hidisk_color_select_pressed">#1AFFFFFF</color>
	 <!--最近更多的按压效果 -->
   <color name="hidisk_list_item_bg_pressed">#1AFFFFFF</color>
	<!--最近分隔条效果 -->
   <color name="hidisk_list_line_bg">H7_ACTIONBAR</color>
   <!--饼图正常状态颜色效果 -->
   <color name="hidisk_color_windowtitle_text">H7_BACKGROUND_TWO</color>
<!--分类饼状图的颜色-->
<color name="hidisk_pieview_total_phone">#332700</color>
<color name="hidisk_pieview_avail_phone">#FFBA40</color>
<!-- 云空间正常的颜色 -->
<color name="hidisk_pieview_total_cloud">#001933</color>
<color name="hidisk_pieview_avail_cloud">#57A4F7</color>
<!-- 云空间将满，已满的颜色 -->
<color name="hidisk_pieview_total_cloud_full">#331700</color>
<color name="hidisk_pieview_avail_cloud_full">#FF7500</color>
<!--搜索出字体高亮颜色效果 -->
<color name="hidisk_search_hight_light_color">H7_ACCENT_COLOR</color>
<!-- 搜索光标的颜色-->
   <color name="hidisk_search_cursor_color">H7_ACCENT_COLOR</color>
   <color name="hidisk_search_cursor_color_8">H7_ACCENT_COLOR</color>
   <!--外部程序跳转文件管理器选择文件的actionbar title的颜色-->
<color name="hidisk_actionbar_title_color">#ffffff</color>
<color name="hidisk_color_about_stongbox">H7_ACTIONBAR</color>
<!--HwSwitch Colors-->
<color name="hwswitch_bg_off_emui">#FF515151</color>
<color name="hwswitch_bg_off_disable_emui">#1f1f1f</color>
<color name="hwswitch_thumb_emui">#FFFFFFFF</color>
<color name="hwswitch_thumb_emui_dark">#FFFFFFFF</color>
<color name="hwswitch_thumb_disable_emui">#33FFFFFF</color>
<color name="hwswitch_thumb_disable_emui_dark">#33FFFFFF</color>
<color name="hwswitch_on_disable_dark_emui">H7_ACCENT_COLOR_PRESS</color>
<color name="hwswitch_off_disable_dark_emui">H7_BACKGROUND_TWO</color>
<color name="hwswitch_emui_list_dark_disabled">#33ffffff</color>
<color name="hwswitch_emui_list_secondary_text_dark">#80ffffff</color>
<color name="hwswitch_accent_emui">H7_ACCENT_COLOR</color>
<color name="hwswitch_accent_on_dark_emui">H7_ACCENT_COLOR</color>
<color name="hwswitch_accent_off_dark_emui">#33FFFFFF</color>
<color name="hwswitch_thumb_color">#e6e6e6</color>
<!--HwEdittext的颜色适配-->
<color name="hwedit_emui_black_color_alpha_30">#4CE6E6E6</color>
<color name="hwedit_emui_edit_text_hint_color">#33ffffff</color>
<!-- 9.0异常背景色 -->
<color name="color_red_alpha_90">#1AED2A2B</color>
<!-- 升级云存储空间点击效果颜色-->
<color name="emui_driver">#1Affffff</color>
 <!-- 文件管理navigation颜色-->
<color name="hwbottomnavigationview_bg">H7_ACTIONBAR</color>
<color name="hwclickeffic_default_color_emui">#19FFFFFF</color>
<color name="hwclickeffic_default_color_emui_dark">#19FFFFFF</color>
<!-- 升级云存储空间描边颜色-->
<color name="color_pay_img_cloud_bg_normal_shape">#99ffffff</color>
<!-- hwdownloadbar颜色适配-->
<color name="hwdownload_color">H7_ACCENT_COLOR</color>//使用了HwDownLoadWidget的需要
<color name="hwdownload_button_text_emphasize_disabled">#41ffffff</color>//使用了HwDownLoadWidget的需要
<color name="hwdownload_button_text_emphasize_color">#D8ffffff</color>//使用了HwDownLoadWidget的t需要
<!--hwcheckbox-->
<color name="hwcheckbox_inner_checked_mark">#e6e6e6</color>
<color name="hwcheckbox_off_mask">H7_BACKGROUND_TWO</color>
<color name="accent_on_disable_dark_emui">H7_ACCENT_COLOR_PRESS</color>
<color name="hwcheckbox_inner_disable_dark">#33ffffff</color>
<color name="hwcheckbox_accent_off_disable_dark_emui">#19FFFFFF</color>
<color name="hwcheckbox_accent_on_dark_emui">H7_ACCENT_COLOR</color>
<color name="hwcheckbox_accent_off_dark_emui">#33FFFFFF</color>
<color name="hwcheckbox_inner_normal_dark">#80ffffff</color>
<!-- EMUI Secondary Colors hwresource-->
<color name="emui_color_1">#4d5ceb</color>
<color name="emui_color_2">#1596d1</color>
<color name="emui_color_3">#15a5ad</color>
<color name="emui_color_4">#40ae3f</color>
<color name="emui_color_5">#77b40f</color>
<color name="emui_color_6">#923ae4</color>
<color name="emui_color_7">#e20277</color>
<color name="emui_color_8">#ed2a2b</color>
<color name="emui_color_9">#e16808</color>
<color name="emui_color_10">#da830b</color>
<color name="emui_color_11">#d49f0f</color>
   <!--HwSpinner Colors-->
   <color name="hwspinner_item_default">#d8ffffff</color>
   <color name="hwspinner_item_pressed">#6bffffff</color>
   <color name="hwspinner_item_disabled">#33ffffff</color>
   <color name="hwspinner_item_default_dark">#ffffffff</color>
   <color name="hwspinner_item_pressed_dark">#ffcccccc</color>
   <color name="hwspinner_item_disabled_dark">#33ffffff</color>
   <color name="hwspinner_dropdown_item_default_dark">H7_BACKGROUND_TWO</color>
   <color name="hwspinner_dropdown_item_pressed_dark">H7_BACKGROUND_TWO</color>
   <color name="hwspinner_dropdown_item_disabled_dark">H7_BACKGROUND_TWO</color>
   <color name="hwspinner_dropdown_item_default_emphasize">#ffffffff</color>
   <color name="hwspinner_dropdown_item_pressed_emphasize">#ffffffff</color>
   <color name="hwspinner_dropdown_item_disabled_emphasize">#3fffffff</color>
   <color name="hwspinner_accent_emui_dark">H7_ACCENT_COLOR</color>
   <color name="hwspinner_accent_emui_text_hightlight_dark">#FFCCCCCC</color>
   <color name="hwspinner_emui_master_color_0">#FFFFFFFF</color>
   <color name="hwspinner_accent_emui_emphasize_disabled">H7_ACCENT_COLOR_PRESS</color>
   <color name="hwspinner_accent_emui_emphasize_pressed">#FF0A7FC9</color>
   <color name="hwspinner_accent_emui_emphasize">H7_ACCENT_COLOR</color>
   <color name="hwspinner_emui_text_dark">#ffffff</color>
   <color name="hwspinner_emui_text_disabled">#33ffffff</color>
   <color name="divider_horizontal_color_emui">#33ffffff</color>
   <color name="emui_primary">#E6E6E6</color>
   <color name="emui_color_gray_10">#E6E6E6</color>
   <!--深色主题是30%透明度-->
   <color name="color_red_alpha_90">#4DFA2A2D</color>
   <color name="white">H7_BACKGROUND_TWO</color>
   <color name="black">#ffffff</color>
   <color name="select">H7_ACCENT_COLOR</color>
   <color name="list_item_black">#1e1e1e</color>
   <!-- 下载管理 -->
   <!-- 应用管理 -->
   <color name="text_color_gray">#ff666666</color>
   <!-- 通讯录 -->
   <color name="contact_text_black">#1e1e1e</color>
   <color name="contact_text_gray">#646464</color>
   <!--搜索结果分割线  add by zys 20150717 end-->
   <color name="search_list_divider_gray_color">#d9d7d7</color>
   <!-- HAP5.2 默认背景  add by huangjunjun KF62407 2011-12-16 -->
   <color name="default_background">#00000000</color>
   <color name="list_file_size_color">#6b6b6b</color>
   <!-- add by jiayunan jkf65707 20120109 end -->
   <color name="list_file_name_color">#ffffffff</color>
   <!-- 
   <color name="list_item_bg_selected">H7_ACCENT_COLOR_DISABLED</color>
     -->
   <color name="list_item_bg_activiated">#6623a7d9</color>
   <color name="list_item_group_bg_selected">#8fccdf</color>
   <!-- 文件 管理器   add by huangjunjun KF62407 -->
   <!-- DTS2011092601365 shaodeqing 20110926 begin -->
   <color name="btn_disable_text_color">#d9d9d9</color>
   <color name="help_paper_background">H7_ACTIONBAR</color>
   <!--UX检视使用FF3320<color name="hw_control_warn_red">#ffd43e25</color> -->
   <color name="hw_control_warn_red">#ffff3320</color>
   <color name="hw_control_disable_gray">#19ffffff</color>
   <!-- A light Holo shade of blue -->
   <color name="hw_progressbar_bgcolor">#ffdbd9d9</color>
   <color name="hw_progressbar_frontcolor">#ff23a7d9</color>
   <color name="color_black_alpha_85">#d9ffffff</color>
   <color name="color_blcak_alpha_30">#80ffffff</color>
   <color name="color_black_alpha_100">#ffffffff</color>
   <color name="color_black_alpha_65">#a6ffffff</color>
   <color name="color_black_alpha_50">#7fffffff</color>
   <color name="color_blcak_alpha_90">#e6ffffff</color>
   <color name="color_white_alpha_90">#e6ffffff</color>
   <color name="color_black_alpha_30">#4dffffff</color>
   <color name="color_blcak_alpha_80">#ccffffff</color>
  <color name="color_blcak_alpha_60">#80ffffff</color>
   <color name="color_black_alpha_60">#E6E6E6</color>
   <color name="color_failed_red">#f0460e</color>
   <!--超链接的颜色 -->
   <color name="autolink_color">H7_ACCENT_COLOR</color>
   <color name="color_about_backgroud">#00000000</color>
   <color name="color_current_point">H7_ACCENT_COLOR</color>
   <color name="color_default_point">H7_BACKGROUND_TWO</color>
   <!--  圆环分类的颜色 -->
   <color name="color_image">#fb7437</color>
   <color name="color_audio">#fec131</color>
   <color name="color_video">#3ccd58</color>
   <color name="color_document">#18bae3</color>
   <color name="color_archive">#fa5996</color>
   <color name="color_application">#8e5bf0</color>
   <color name="color_other">#3498fe</color>
   <color name="color_background">#eaeaea</color>
   <color name="activity_bg">#00000000</color>
   <color name="diver_color">#33ffffff</color>
   <color name="section_color">H7_ACTIONBAR</color>
   <color name="bg_color_light">#00000000</color>
   <color name="exe_text_pressed">#52ffffff</color>
   <color name="exe_text_unpressed">#80ffffff</color>
   <color name="exe_text_unenable">#31ffffff</color>
   <color name="color_listview_divider">#33ffffff</color>
   <color name="color_blcak_alpha_75">#bfffffff</color>
   <color name="color_path_navi_control_Layout">H7_ACTIONBAR</color>
   <!--<color name="color_black_alpha_50">#ffffff</color> -->
   <color name="bg_color_border">H7_ACTIONBAR</color>
   <color name="bg_color_dark">H7_ACTIONBAR</color>
   <color name="color_black_alpha_75">#bfffffff</color>
   <color name="select_title_black">#ffffff</color>
   <color name="list_seletor_color">#1affffff</color>
   <color name="color_loading_bottom_view_bg">#00000000</color>
   <color name="color_storage_detail_background">H7_ACTIONBAR</color>
   <color name="roundpercentbar_black">#ffffff</color>
   <color name="roundpercentbar_black_alpha_50">#80ffffff</color>
   <color name="policy_textview_normal">H7_ACCENT_COLOR</color>
   <color name="policy_textview_pressed">#07afc9</color>
   <color name="color_search_online">H7_ACCENT_COLOR</color>
   <color name="black_10">#19ffffff</color>
   <color name="line">#48474c</color>
   <color name="line_green">#0dffffff</color>
   <color name="default_text_color">#ffffff</color>
   <color name="first_tx_color">#ffffff</color>
   <color name="first_tx_disable_color">#4cffffff</color>
   <color name="sub_tx_color">#80ffffff</color>
   <color name="sub_tx_disable_color">#4cffffff</color>
   <color name="dividing_line_color">#33ffffff</color>
   <color name="btn_text_unselect">#80ffffff</color>
   <color name="bottom_bar_btn_pressed">#84d2ef</color>
   <!-- 搜索框输入框色值 -->
   <color name="search_input_color">#ffffffff</color>
   <color name="search_hint_color">#33ffffff</color>
   <color name="search_hint_color_category">#33ffffff</color>
   <!-- 删除红色字体 -->
   <color name="delete_red">#d43e25</color>
   <!-- 列表item按下去颜色值 -->
   <drawable name="list_item_press_bg">#13ffffff</drawable>
   <drawable name="list_item_bg">#00000000</drawable>
   <drawable name="list_header_bg">H7_ACTIONBAR</drawable>
   <drawable name="activity_bg">#00000000</drawable>
   <!--列表item选中状态的颜色值  -->
   <drawable name="item_selected_bg">#ff0000</drawable>
   <!--蓝色title文字颜色 -->
   <color name="title_text_color">H7_ACCENT_COLOR</color>
   <!--title文字下方分割线颜色 -->
   <color name="title_divider_line">H7_ACCENT_COLOR</color>
   <drawable name="top_bar_bg">#0097a8</drawable>
   <color name="top_bar_bg_white">H7_ACTIONBAR</color>
   <color name="white_65">#a6ffffff</color>
   <color name="white_70">#b2ffffff</color>
   <color name="white_90">#e6ffffff</color>
   <color name="white_85">#daffffff</color>
   <color name="white_80">#cdffffff</color>
   <color name="waring_red">#daf0460e</color>
   <color name="gray_white">#26ffffff</color>
   <!--超链接的颜色 -->
   <color name="autolink_color">H7_ACCENT_COLOR</color>
   <color name="blue_emui5_text">H7_ACCENT_COLOR</color>
   <color name="black_45">#73ffffff</color>
   <color name="dialog_text_color">#ffffff</color>
   <!-- clone -->
   <!-- 列表item按下去和选中状态的颜色值 -->
   <drawable name="item_press_bg">#cc23a7d9</drawable>
   <!-- 网格点击色 -->
   <drawable name="grid_item_press">#cae7eb</drawable>
   <!-- 蓝色title文字颜色 -->
   <color name="title_text_color_clone">#BFffffff</color>
   <!-- 以下为手机克隆添加的 -->
   <color name="pink">#fd5d7b</color>
   <color name="invite_gray">#4a4a4a</color>
   <color name="invite_red">#ff4444</color>
   <color name="dialog_title_color">#0a9dcd</color>
   <drawable name="clone_blue_bg">#2068b0</drawable>
   <color name="white_d8">#d8ffffff</color>
   <color name="black_50">#80ffffff</color>
   <color name="black_50_disable">#33ffffff</color>
   <color name="black_65">#a5ffffff</color>
   <color name="black_85">#daffffff</color>
   <color name="black_80">#CEffffff</color>
   <color name="black_3">H7_ACTIONBAR</color>
   <color name="green_D8">#D8ffffff</color>
   <color name="serach_tips">#D8ffffff</color>
   <color name="blue_53">#5395d9</color>
   <color name="black_d8">#d8ffffff</color>
   <color name="bf_zereo">#BFffffff</color>
   <color name="list_divider">#33ffffff</color>
   <!-- 超链接的颜色 -->
   <color name="blak_a5">#A5ffffff</color>
   <!-- 功能介绍界面详情介绍字体颜色 -->
   <color name="black_A6">#A6ffffff</color>
   <color name="blue_color">#197dd2</color>
   <color name="blue_color_50">#80197dd2</color>
   <color name="time_warning_color">#daff694e</color>
   <color name="send_btn_text_color">#ffffff</color>
   <color name="send_btn_text_color_disable">#80ffffff</color>
   <color name="white_text_color">#ffffff</color>
   <color name="white_text_press_color">#80ffffff</color>
   <color name="blue_text_color">H7_ACCENT_COLOR</color>
   <color name="black_text_color">#ffffff</color>
   <color name="black_text_press_color">#43ffffff</color>
   <color name="trans_data_suc">#91d13f</color>
   <!-- 备份管理界面介质选择颜色 -->
   <color name="medium_row_default_bg">#00000000</color>
   <color name="medium_row_selected_bg">#00ffff</color>
   <color name="row_text_color_default">#00000C</color>
   <color name="row_text_color_inverse">#ffffff</color>
   <!-- EMUI 4.0 小面积雅兰色 -->
   <color name="small_area_jalam">#00bcd5</color>
   <color name="small_area_jalam_disable">#4c00bcd5</color>
   <!-- qrcode -->
   <color name="result_view">#b0ffffff</color>
   <color name="status_text">#ffffffff</color>
   <color name="result_minor_text">#ffc0c0c0</color>
   <color name="result_text">#ffffffff</color>
   <color name="result_points">#c099cc00</color>
   <color name="viewfinder_laser">#ff01b9ff</color>
   <color name="viewfinder_mask">H7_BACKGROUND_TWO</color>
   <!--<color name="viewfinder_frame">#ff00c0ff</color> -->
   <color name="possible_result_points">#c0ffbd21</color>
   <color name="clone_choose_type">H7_ACTIONBAR</color>
   <color name="text_color">H7_ACCENT_COLOR</color>
   <color name="text_color_press">#0a7fc9</color>
   <color name="code_text_color">#353535</color>
   <color name="text_color_red">#ff3320</color>
   <color name="all_background_color">#00000000</color>
   <color name="list_divider_color">#33ffffff</color>
   <color name="dividing_progress_color">#80ffffff</color>
   <color name="frame_color">#ffdc1a</color>
   <color name="frame_color_angle">#fddb18</color>
   <color name="black_30">#4bffffff</color>
   <color name="black_50">#80ffffff</color>
   <color name="black_75">#bfffffff</color>
   <color name="dialog_message_text_color">#ffffff</color>
   <color name="device_admin_waring_text">#ffffff</color>
   <color name="color_category_storage_layout_bg">H7_ACTIONBAR</color>
   <color name="color_custom_open_resolver_grid_emui_tv">#80ffffff</color>
   <color name="pay_white">#ffffff</color>
   <color name="attention_color">#1596D1</color>
   <color name="oobe_btn_pressed">#0a7fc9</color>
   <color name="tab_unselected_text_color">H7_ACCENT_COLOR</color>
   <color name="tab_selected_text_color2">#0a7fc9</color>
   <color name="attention_color_30">H7_ACCENT_COLOR_PRESS</color>
   <!-- feedback dark theme-->
   <color name="feedback_blue">H7_ACCENT_COLOR</color>
   <color name="feedback_title_bar_unnormal_color">#0D202125</color>
   <color name="feedback_transparent">#00000000</color>
   <color name="feedback_white">#FFFFFF</color>
   <color name="feedback_light_white">#55FFFFFF</color>
   <color name="feedback_divideline">#00000000</color>
   <color name="feedback_background">#f7f7f7</color>
   <color name="feedback_text_color1">#FFFFFF</color>
   <color name="feedback_text_color2">#80FFFFFF</color>
   <color name="feedback_text_color_75">#C0FFFFFF</color>
   <!--     30% -->
   <color name="feedback_text_color3">#33FFFFFF</color>
   <color name="feedback_highlight_color_old">H7_ACCENT_COLOR</color>
   <color name="feedback_record_listview_title">#14FFFFFF</color>
   <color name="feedback_question_type_color">#f0460e</color>
   <color name="feedback_highlight_color">H7_ACCENT_COLOR</color>
   <!-- 20%透明度 -->
   <color name="feedback_highlight_color_disable">H7_ACCENT_COLOR_PRESS</color>
   <color name="feedback_highlight_color_disable_old">#3328c0c6</color>
   <color name="feedback_blue_disable">H7_ACCENT_COLOR_DISABLED</color>
   <color name="feedback_smarthelper_textview_bg">#33FFFFFF</color>
   <color name="feedback_black_10">#26FFFFFF</color>
   <color name="feedback_smarthelper_user_textview_bg">H7_ACCENT_COLOR</color>
   <color name="feedback_black_03">#07202125</color>
   <color name="feedback_spannable_click_color">#0a7fc9</color>
   <!-- 多主题适配 -->
   <color name="feedback_text_color_data">#FFFFFF</color>
   <color name="feedback_text_color_customer_service">#FFFFFF</color>
   <!-- 下载进度文字颜色 -->
   <color name="autolink_color1">#FFFFFF</color>
   <color name="color_download_text">#FFFFFF</color>
   <color name="color_download_progress_widget_background_solid">H7_ACCENT_COLOR_PRESS</color>
   <color name="color_download_progress_widget_background">H7_ACCENT_COLOR</color>
   <color name="color_download_progress_widget_background_stroke">H7_ACCENT_COLOR</color>
   <color name="color_download_progress_widget_secondaryprogress_solid">H7_BACKGROUND_TWO</color>
   <color name="color_download_progress_widget_secondaryprogress_stroke">H7_ACCENT_COLOR</color>
   <color name="color_download_progress_widget_progress_solid">H7_ACCENT_COLOR_PRESS</color>
   <!-- ffffff 20% -->
   <color name="black_disbale_color">#33ffffff</color>
   <!-- ffffff 20% -->
   <color name="black_50_disable_color">#33ffffff</color>
   <!-- 升级SDK -->
   <color name="upsdk_black">#FFFFFFFF</color>
   <!-- emui9.0深色主题适配 -->
   <color name="emui_primary">#E6E6E6</color>
   <color name="emui_accent">H7_ACCENT_COLOR</color>
   <color name="emui_black">#E6E6E6</color>
   <color name="emui_white">#E6E6E6</color>
   <color name="emui_white_bg">#00000000</color>
   <color name="emui_color_gray_10">#E6E6E6</color>
   <color name="emui_color_gray_9">#CCCCCC</color>
   <color name="emui_color_gray_8">#B3B3B3</color>
   <color name="emui_color_gray_7">#808080</color>
   <color name="emui_color_gray_6">#666666</color>
   <color name="emui_color_gray_5">#4CE6E6E6</color>
   <color name="emui_color_gray_4">H7_ACTIONBAR</color>
   <color name="emui_color_gray_3">H7_ACTIONBAR</color>
   <color name="emui_color_gray_2">#1A1A1A</color>
   <color name="emui_color_gray_1">H7_ACTIONBAR</color>
   <color name="emui_functional_red">#ED2A2B</color>
   <color name="emui_functional_green">#3DB03D</color>
   <color name="emui_functional_blue">#1596D1</color>
   <color name="hwdivider_horizontal_color_emui">#33ffffff</color>
   <!--9.0分割线色值-->
   <color name="emui9_divider_color">#33ffffff</color>
   <!--9.0列表条目点击色值-->
   <color name="emui9_list_seletor_color">#1AFFFFFF</color>
   <!--actionbar背景色-->
   <color name="action_bar_bg_white">H7_ACTIONBAR</color>
   <color name="action_bar_bg_gray">H7_ACTIONBAR</color>
   <!--navigationbar背景色-->
   <color name="navigation_bar_bg_white">H7_ACTIONBAR</color>
   <color name="navigation_bar_bg_gray">H7_ACTIONBAR</color>
   <!--8.0actionbar背景色-->
   <color name="action_bar_bg_white_8_0">H7_ACTIONBAR</color>
   <color name="action_bar_bg_gray_8_0">H7_ACTIONBAR</color>
	<!-- subtab背景 -->
   <color name="sub_tab_bg">H7_ACTIONBAR</color>
   <!-- HwEdittext hint字体颜色 -->
   <color name="hwedit_emui_black_color_alpha_30">#4CFFFFFF</color>
   <!-- 压缩dialog 还原压缩文件中默认字体颜色 -->
   <color name="upsdk_half_black">#80FFFFFF</color>
	 <!-- 饼图的按压 -->
   <color name="color_select_pressed">#1AFFFFFF</color>
	 <!--最近更多的按压效果 -->
   <color name="list_item_bg_pressed">#1AFFFFFF</color>
	<!--最近分隔条效果 -->
   <color name="emui_color_gray_per_1">H7_ACTIONBAR</color>
   <!--饼图正常状态颜色效果 -->
   <color name="color_windowtitle_text">H7_BACKGROUND_TWO</color>
<!--分类饼状图的颜色-->
<color name="pieview_total_phone">#332700</color>
<color name="pieview_avail_phone">#FFBF00</color>
<!-- 云空间正常的颜色 -->
<color name="pieview_total_cloud">#001933</color>
<color name="pieview_avail_cloud">#007DFF</color>
<!-- 云空间将满，已满的颜色 -->
<color name="pieview_total_cloud_full">#331700</color>
<color name="pieview_avail_cloud_full">#FF7500</color>
<!--搜索出字体高亮颜色效果 -->
<color name="search_hight_light_color">H7_ACCENT_COLOR</color>
<!-- 搜索光标的颜色-->
<color name="search_cursor_color">H7_ACCENT_COLOR</color>
<!--外部程序跳转文件管理器选择文件的actionbar title的颜色-->
<color name="actionbar_title_color">#ffffff</color>
<color name="list_line_bg">H7_ACTIONBAR</color>
<color name="color_about_stongbox">H7_ACTIONBAR</color>
<!--HwSwitch Colors-->
<color name="hwswitch_bg_off_emui">#FF515151</color>
<color name="hwswitch_bg_off_disable_emui">#1f1f1f</color>
<color name="hwswitch_thumb_emui">#FFFFFFFF</color>
<color name="hwswitch_thumb_emui_dark">#FFFFFFFF</color>
<color name="hwswitch_thumb_disable_emui">#33FFFFFF</color>
<color name="hwswitch_thumb_disable_emui_dark">#33FFFFFF</color>
<color name="hwswitch_on_disable_dark_emui">H7_ACCENT_COLOR_PRESS</color>
<color name="hwswitch_off_disable_dark_emui">H7_BACKGROUND_TWO</color>
<color name="hwswitch_emui_list_dark_disabled">#33ffffff</color>
<color name="hwswitch_emui_list_secondary_text_dark">#80ffffff</color>
<color name="hwswitch_accent_emui">H7_ACCENT_COLOR</color>
<color name="hwswitch_accent_on_dark_emui">H7_ACCENT_COLOR</color>
<color name="hwswitch_accent_off_dark_emui">#33FFFFFF</color>
<color name="hwswitch_thumb_color">#e6e6e6</color>
<!--HwEdittext的颜色适配-->
<color name="hwedit_emui_black_color_alpha_30">#4CE6E6E6</color>
<color name="hwedit_emui_edit_text_hint_color">#33ffffff</color>
<color name="emui_color_gray_10">#E6E6E6</color>
<!-- 9.0异常背景色 -->
<color name="color_red_alpha_90">#1AED2A2B</color>
<!-- 升级云存储空间点击效果颜色-->
<color name="emui_driver">#1Affffff</color>
 <!-- 文件管理navigation颜色-->
<color name="hwbottomnavigationview_bg">H7_ACTIONBAR</color>
<!-- 升级云存储空间描边颜色-->
<color name="color_pay_img_cloud_bg_normal_shape">#99ffffff</color>
	<color name="action_bar_bg_gray">H7_ACTIONBAR</color>
	<color name="action_bar_bg_gray_8_0">H7_ACTIONBAR</color>
	<color name="album_cover_background">H7_ACTIONBAR</color>
	<color name="bright_foreground_emui">H7_ACTIONBAR</color>
	<color name="bg_color_border">H7_ACTIONBAR</color>
	<color name="bg_color_dark">H7_ACTIONBAR</color>
	<color name="emui_color_gray_1">H7_ACTIONBAR</color>
	<color name="emui_color_gray_per_1">H7_ACTIONBAR</color>
	<color name="emui_gray_6">H7_ACTIONBAR</color>
	<color name="gray_white">H7_ACTIONBAR</color>
	<color name="hwbottomnavigationview_bg">H7_ACTIONBAR</color>
	<color name="list_line_bg">H7_ACTIONBAR</color>
	<color name="navigation_bar_bg_gray">H7_ACTIONBAR</color>
	<color name="sub_tab_bg">H7_ACTIONBAR</color>
    <color name="hidisk_white">H7_BACKGROUND_TWO</color>
    <color name="hidisk_black">#ffffff</color>
    <color name="select">H7_ACCENT_COLOR</color>
    <color name="list_item_black">#1e1e1e</color>
    <!-- 下载管理 -->
    <!-- 应用管理 -->
    <color name="text_color_gray">#ff666666</color>
    <!-- 通讯录 -->
    <color name="contact_text_black">#1e1e1e</color>
    <color name="contact_text_gray">#646464</color>
    <!--搜索结果分割线  add by zys 20150717 end-->
    <color name="hidisk_search_list_divider_gray">#d9d7d7</color>
    <!-- HAP5.2 默认背景   2011-12-16 -->
    <color name="hidisk_default_background">#00000000</color>
    <color name="hidisk_list_file_size_color">#6b6b6b</color>
    <!--  20120109 end -->
    <color name="hidisk_list_file_name_color">#ffffffff</color>
    <!-- 
    <color name="list_item_bg_selected">H7_ACCENT_COLOR_DISABLED</color>
     -->
    <color name="hidisk_list_item_bg_activiated">#6623a7d9</color>
    <color name="hidisk_list_item_group_bg_selected">#8fccdf</color>
    <!-- DTS2011092601365  begin -->
    <color name="hidisk_btn_disable_text_color">#d9d9d9</color>
    <color name="hidisk_btn_lock_bgcolor">#00000000</color>
    <color name="hidisk_help_paper_background">#333333</color>
    <!--UX检视使用FF3320 <color name="hidisk_control_warn_red">#ffd43e25</color> -->
    <color name="hidisk_control_warn_red">#ffff3320</color>
    <color name="hw_control_disable_gray">#19ffffff</color>
    <!-- A light Holo shade of blue -->
    <color name="hidisk_progressbar_bgcolor">#ffdbd9d9</color>
    <color name="hidisk_progressbar_frontcolor">#ff23a7d9</color>
    <color name="hidisk_color_black_alpha_85">#d9ffffff</color>
    <color name="hidisk_color_blcak_alpha_30">#80ffffff</color>
    <color name="hidisk_color_black_alpha_100">#ffffffff</color>
    <color name="hidisk_color_black_alpha_65">#a6ffffff</color>
    <color name="hidisk_color_black_alpha_50">#7fffffff</color>
    <color name="color_blcak_alpha_75">#bfffffff</color>
    <color name="color_black_alpha_75">#bfffffff</color>
    <color name="hidisk_color_black_alpha_90">#e6ffffff</color>
    <color name="hidisk_color_black_alpha_75">#bfffffff</color>
    <color name="hidisk_color_black_alpha_30">#4dffffff</color>
    <color name="hidisk_color_black_alpha_80">#ccffffff</color>
    <color name="hidisk_color_black_alpha_60">#99ffffff</color>
    <color name="hidisk_color_failed_red">#f0460e</color>
    <!--超链接的颜色 -->
    <!--<color name="hidisk_autolink_color">H7_ACCENT_COLOR</color>-->
    <color name="hidisk_color_about_backgroud">#00000000</color>
    <color name="hidisk_color_default_point">H7_ACTIONBAR</color>
    <color name="hicloud_activity_bg">#00000000</color>
    <color name="diver_color">#33ffffff</color>
    <color name="hicloud_section_color">H7_ACTIONBAR</color>
    <color name="bg_color_light">H7_BACKGROUND_TWO</color>
    <color name="exe_text_pressed">#52ffffff</color>
    <color name="exe_text_unpressed">#80ffffff</color>
    <color name="exe_text_unenable">#31ffffff</color>
    <color name="hidisk_color_listview_divider">#33ffffff</color>
    <color name="hicloud_color_black_alpha_50">#7fffffff</color>
    <color name="hicloud_color_black_alpha_100">#ffffffff</color>
    <color name="hicloud_bg_color_border">H7_ACTIONBAR</color>
    <color name="hicloud_bg_color_dark">H7_ACTIONBAR</color>
    <color name="hidisk_select_title_black">#ffffff</color>
    <color name="hidisk_list_seletor_color">#1affffff</color>
    <color name="color_loading_bottom_view_bg">#00000000</color>
    <color name="hidisk_color_storage_detail_background">H7_ACTIONBAR</color>
    <color name="hidisk_roundpercentbar_black">#ffffff</color>
    <color name="roundpercentbar_black_alpha_50">#80ffffff</color>
    <color name="hidisk_policy_textview_normal">H7_ACCENT_COLOR</color>
    <color name="hidisk_policy_textview_pressed">#07afc9</color>
    <color name="hidisk_color_search_online">H7_ACCENT_COLOR</color>
    <color name="black_10">#19ffffff</color>
    <color name="line">#48474c</color>
    <color name="line_green">#0dffffff</color>
    <color name="default_text_color">#ffffff</color>
    <color name="first_tx_color">#ffffff</color>
    <color name="first_tx_disable_color">#4cffffff</color>
    <color name="sub_tx_color">#80ffffff</color>
    <color name="sub_tx_disable_color">#4cffffff</color>
    <color name="dividing_line_color">#33ffffff</color>
    <color name="btn_text_unselect">#80ffffff</color>
    <color name="bottom_bar_btn_pressed">#84d2ef</color>
    <!-- 搜索框输入框色值 -->
    <color name="hidisk_search_input_color">#ffffffff</color>
    <color name="hidisk_search_input_color_8">#ffffffff</color>
    <color name="hidisk_search_hint_color">#33ffffff</color>
    <color name="hidisk_search_hint_color_8">#33ffffff</color>
    <!-- 删除红色字体 -->
    <color name="delete_red">#d43e25</color>
    <!-- 列表item按下去颜色值 -->
    <drawable name="list_item_press_bg">#13ffffff</drawable>
    <drawable name="list_item_bg">#00000000</drawable>
    <drawable name="list_header_bg">H7_ACTIONBAR</drawable>
    <drawable name="activity_bg">#00000000</drawable>
    <!--列表item选中状态的颜色值  -->
    <drawable name="item_selected_bg">#ff0000</drawable>
    <!--蓝色title文字颜色 -->
    <color name="title_text_color">H7_ACCENT_COLOR</color>
    <!--title文字下方分割线颜色 -->
    <color name="title_divider_line">H7_ACCENT_COLOR</color>
    <drawable name="top_bar_bg">#0097a8</drawable>
    <color name="top_bar_bg_white">H7_ACTIONBAR</color>
    <color name="white_65">#a6ffffff</color>
    <color name="white_70">#b2ffffff</color>
    <color name="white_90">#e6ffffff</color>
    <color name="white_85">#daffffff</color>
    <color name="white_80">#cdffffff</color>
    <color name="waring_red">#daf0460e</color>
    <color name="gray_white">#26ffffff</color>
    <!--超链接的颜色 -->
    <color name="hidisk_autolink_color">H7_ACCENT_COLOR</color>
    <color name="blue_emui5_text">H7_ACCENT_COLOR</color>
    <color name="black_45">#73ffffff</color>
    <color name="dialog_text_color">#ffffff</color>
    <!-- clone -->
    <!-- 列表item按下去和选中状态的颜色值 -->
    <drawable name="item_press_bg">#cc23a7d9</drawable>
    <!-- 网格点击色 -->
    <drawable name="grid_item_press">#cae7eb</drawable>
    <!-- 蓝色title文字颜色 -->
    <color name="title_text_color_clone">#BFffffff</color>
    <!-- 以下为手机克隆添加的 -->
    <color name="pink">#fd5d7b</color>
    <color name="invite_gray">#4a4a4a</color>
    <color name="invite_red">#ff4444</color>
    <color name="dialog_title_color">H7_ACCENT_COLOR</color>
    <drawable name="clone_blue_bg">#2068b0</drawable>
    <color name="white_d8">#d8ffffff</color>
    <color name="black_50">#80ffffff</color>
    <color name="black_50_disable">#33ffffff</color>
    <color name="black_65">#a5ffffff</color>
    <color name="black_85">#daffffff</color>
    <color name="black_80">#CEffffff</color>
    <color name="black_3">H7_ACTIONBAR</color>
    <color name="green_D8">#D8ffffff</color>
    <color name="serach_tips">#D8ffffff</color>
    <color name="blue_53">#5395d9</color>
    <color name="black_d8">#d8ffffff</color>
    <color name="bf_zereo">#BFffffff</color>
    <color name="list_divider">#33ffffff</color>
    <!-- 超链接的颜色 -->
    <color name="blak_a5">#A5ffffff</color>
    <!-- 功能介绍界面详情介绍字体颜色 -->
    <color name="black_A6">#A6ffffff</color>
    <color name="blue_color">#197dd2</color>
    <color name="blue_color_50">#80197dd2</color>
    <color name="time_warning_color">#daff694e</color>
    <color name="send_btn_text_color">#ffffff</color>
    <color name="send_btn_text_color_disable">#80ffffff</color>
    <color name="white_text_color">#ffffff</color>
    <color name="white_text_press_color">#80ffffff</color>
    <color name="blue_text_color">H7_ACCENT_COLOR</color>
    <color name="black_text_color">#ffffff</color>
    <color name="black_text_press_color">#43ffffff</color>
    <color name="trans_data_suc">#91d13f</color>
    <!-- 备份管理界面介质选择颜色 -->
    <color name="medium_row_default_bg">#00000000</color>
    <color name="medium_row_selected_bg">#00ffff</color>
    <color name="row_text_color_default">#00000C</color>
    <color name="row_text_color_inverse">#ffffff</color>
    <!-- EMUI 4.0 小面积雅兰色 -->
    <color name="small_area_jalam">#00bcd5</color>
    <color name="small_area_jalam_disable">#4c00bcd5</color>
    <!-- qrcode -->
    <color name="result_view">#b0ffffff</color>
    <color name="status_text">#ffffffff</color>
    <color name="result_minor_text">#ffc0c0c0</color>
    <color name="result_text">#ffffffff</color>
    <color name="result_points">#c099cc00</color>
    <color name="viewfinder_laser">#ff01b9ff</color>
    <color name="viewfinder_mask">H7_BACKGROUND_TWO</color>
    <!-- <color name="viewfinder_frame">#ff00c0ff</color> -->
    <color name="possible_result_points">#c0ffbd21</color>
    <color name="clone_choose_type">#333333</color>
    <color name="text_color">H7_ACCENT_COLOR</color>
    <color name="text_color_press">H7_ACCENT_COLOR</color>
    <color name="code_text_color">#353535</color>
    <color name="text_color_red">#ff3320</color>
    <color name="all_background_color">#00000000</color>
    <color name="list_divider_color">#33ffffff</color>
    <color name="dividing_progress_color">#80ffffff</color>
    <color name="frame_color">#ffdc1a</color>
    <color name="frame_color_angle">#fddb18</color>
    <color name="black_30">#4bffffff</color>
    <color name="black_50">#80ffffff</color>
    <color name="black_75">#bfffffff</color>
    <color name="hidisk_dialog_message_text_color">#ffffff</color>
    <color name="device_admin_waring_text">#ffffff</color>
    <color name="hidisk_color_category_storage_layout_bg">H7_ACTIONBAR</color>
    <color name="hidisk_color_custom_open_resolver_grid_emui_tv">#80ffffff</color>
    <color name="pay_white">#ffffff</color>
    <color name="attention_color">#1596D1</color>
    <color name="oobe_btn_pressed">H7_ACCENT_COLOR</color>
    <color name="tab_unselected_text_color">H7_ACCENT_COLOR</color>
    <color name="tab_selected_text_color2">H7_ACCENT_COLOR</color>
    <color name="attention_color_30">H7_ACCENT_COLOR_PRESS</color>
    <!-- 问题反馈SDK的主题信息BEGIN -->
    <color name="feedback_blue">H7_ACCENT_COLOR</color>
    <color name="feedback_title_bar_unnormal_color">#0D202125</color>
    <color name="feedback_transparent">#00000000</color>
    <color name="feedback_white">#FFFFFF</color>
    <color name="feedback_light_white">#55FFFFFF</color>
    <color name="feedback_divideline">#00000000</color>
    <color name="feedback_background">#f7f7f7</color>
    <color name="feedback_text_color1">#FFFFFF</color>
    <color name="feedback_text_color2">#80FFFFFF</color>
    <color name="feedback_text_color_75">#C0FFFFFF</color>
    <color name="feedback_text_color3">#33FFFFFF</color>
    <color name="feedback_highlight_color_old">H7_ACCENT_COLOR</color>
    <color name="feedback_record_listview_title">#14FFFFFF</color>
    <color name="feedback_question_type_color">#f0460e</color>
    <color name="feedback_highlight_color">H7_ACCENT_COLOR</color>
    <color name="feedback_highlight_color_disable">H7_ACCENT_COLOR_PRESS</color>
    <color name="feedback_highlight_color_disable_old">#3328c0c6</color>
    <color name="feedback_blue_disable">H7_ACCENT_COLOR_DISABLED</color>
    <color name="feedback_smarthelper_textview_bg">#33FFFFFF</color>
    <color name="feedback_black_10">#26FFFFFF</color>
    <color name="feedback_smarthelper_user_textview_bg">H7_ACCENT_COLOR</color>
    <color name="feedback_black_03">#07202125</color>
    <color name="feedback_spannable_click_color">H7_ACCENT_COLOR</color>
    <color name="feedback_text_color_data">#FFFFFF</color>
    <color name="feedback_text_color_customer_service">#FFFFFF</color>
    <color name="feedback_common_black_5">#0cffffff</color>
    <color name="feedback_et_bg">#3d3d3d</color>
    <color name="feedback_bg_press">#0DFFFFFF</color>
    <color name="feedback_actionbar_bg">H7_ACTIONBAR</color>
    <!-- 问题反馈SDK的主题信息END -->
    <!--     30% -->
    <color name="feedback_text_color3">#33FFFFFF</color>
    <color name="feedback_highlight_color_old">H7_ACCENT_COLOR</color>
    <color name="feedback_record_listview_title">#14FFFFFF</color>
    <color name="feedback_question_type_color">#f0460e</color>
    <color name="feedback_highlight_color">H7_ACCENT_COLOR</color>
    <!-- 20%透明度 -->
    <color name="feedback_highlight_color_disable">H7_ACCENT_COLOR_PRESS</color>
    <color name="feedback_highlight_color_disable_old">#3328c0c6</color>
    <color name="feedback_blue_disable">H7_ACCENT_COLOR_DISABLED</color>
    <color name="feedback_smarthelper_textview_bg">#33FFFFFF</color>
    <color name="feedback_black_10">#26FFFFFF</color>
    <color name="feedback_smarthelper_user_textview_bg">H7_ACCENT_COLOR</color>
    <color name="feedback_black_03">#07202125</color>
    <color name="feedback_spannable_click_color">H7_ACCENT_COLOR</color>
    <!-- 多主题适配 -->
    <color name="feedback_text_color_data">#FFFFFF</color>
    <color name="feedback_text_color_customer_service">#FFFFFF</color>
    <!-- 下载进度文字颜色 -->
    <color name="hidisk_autolink_color1">#FFFFFF</color>
    <color name="hidisk_color_download_text">#FFFFFF</color>
    <color name="hidisk_color_download_progress_widget_background_solid">H7_ACCENT_COLOR_PRESS</color>
    <color name="hidisk_color_download_progress_widget_background">H7_ACCENT_COLOR</color>
    <color name="hidisk_color_download_progress_widget_background_stroke">H7_ACCENT_COLOR</color>
    <color name="hidisk_color_download_progress_widget_secondaryprogress_solid">H7_BACKGROUND_TWO</color>
    <color name="hidisk_color_download_progress_widget_secondaryprogress_stroke">H7_ACCENT_COLOR</color>
    <color name="hidisk_color_download_progress_widget_progress_solid">H7_ACCENT_COLOR_PRESS</color>
    <!-- ffffff 20% -->
    <color name="black_disbale_color">#33ffffff</color>
    <!-- ffffff 20% -->
    <color name="black_50_disable_color">#33ffffff</color>
    <!-- 升级SDK -->
    <color name="hidisk_upsdk_black">#FFFFFFFF</color>
    <!-- emui9.0深色主题适配 -->
    <color name="emui_primary">#E6E6E6</color>
    <color name="emui_accent">H7_ACCENT_COLOR</color>
    <color name="emui_black">#E6E6E6</color>
    <color name="emui_white">#E6E6E6</color>
    <color name="emui_white_bg">#00000000</color>
    <color name="emui_color_gray_10">#E6E6E6</color>
    <color name="emui_color_gray_9">#CCCCCC</color>
    <color name="emui_color_gray_8">#B3B3B3</color>
    <color name="emui_color_gray_7">#808080</color>
    <color name="emui_color_gray_6">#666666</color>
    <color name="emui_color_gray_5">#4CE6E6E6</color>
    <color name="emui_color_gray_4">#333333</color>
    <color name="emui_color_gray_3">H7_ACTIONBAR</color>
    <color name="emui_color_gray_2">#1A1A1A</color>
    <color name="emui_color_gray_1">H7_ACTIONBAR</color>
    <color name="emui_functional_red">#ED2A2B</color>
    <color name="emui_functional_green">#3DB03D</color>
    <color name="emui_functional_blue">#1596D1</color>
    <color name="hwdivider_horizontal_color_emui">#33ffffff</color>
    <!--9.0分割线色值-->
    <color name="emui9_divider_color">#33ffffff</color>
    <!--9.0列表条目点击色值-->
    <color name="emui9_list_seletor_color">#1AFFFFFF</color>
    <!--actionbar背景色-->
    <color name="hidisk_action_bar_bg_white">H7_ACTIONBAR</color>
    <color name="hidisk_action_bar_bg_gray">H7_ACTIONBAR</color>
    <!--navigationbar背景色-->
    <color name="hidisk_navigation_bar_bg_white">H7_ACTIONBAR</color>
    <color name="hidisk_navigation_bar_bg_gray">H7_ACTIONBAR</color>
    <!--8.0actionbar背景色-->
    <color name="hidisk_action_bar_bg_white_8_0">H7_ACTIONBAR</color>
    <color name="hidisk_action_bar_bg_gray_8_0">H7_ACTIONBAR</color>
    <!-- subtab背景 -->
    <color name="hidisk_sub_tab_bg">H7_ACTIONBAR</color>
    <!-- HwEdittext hint字体颜色 -->
    <color name="hwedit_emui_black_color_alpha_30">#4CFFFFFF</color>
    <!-- 压缩dialog 还原压缩文件中默认字体颜色 -->
    <color name="hidisk_upsdk_half_black">#80FFFFFF</color>
    <!-- 饼图的按压 -->
    <color name="hidisk_color_select_pressed">#26FFFFFF</color>
    <!--最近更多的按压效果 -->
    <color name="hidisk_list_item_bg_pressed">#1AFFFFFF</color>
    <!--最近分隔条效果 -->
    <color name="hidisk_list_line_bg">#0Dffffff</color>
    <!--饼图正常状态颜色效果 -->
    <color name="hidisk_color_windowtitle_text">H7_BACKGROUND_TWO</color>
    <!--分类饼状图的颜色-->
    <color name="hidisk_pieview_total_phone">#332700</color>
    <color name="hidisk_pieview_avail_phone">#FFBA40</color>
    <!-- 云空间正常的颜色 -->
    <color name="hidisk_pieview_total_cloud">#001933</color>
    <color name="hidisk_pieview_avail_cloud">#57A4F7</color>
    <!-- 云空间将满，已满的颜色 -->
    <color name="hidisk_pieview_total_cloud_full">#331700</color>
    <color name="hidisk_pieview_avail_cloud_full">#FF7500</color>
    <!--搜索出字体高亮颜色效果 -->
    <color name="hidisk_search_hight_light_color">H7_ACCENT_COLOR</color>
    <!-- 搜索光标的颜色-->
    <color name="hidisk_search_cursor_color">H7_ACCENT_COLOR</color>
    <color name="hidisk_search_cursor_color_8">H7_ACCENT_COLOR</color>
    <!--外部程序跳转文件管理器选择文件的actionbar title的颜色-->
    <color name="hidisk_actionbar_title_color">#ffffff</color>
    <color name="hidisk_color_about_stongbox">#333333</color>
    <!--HwSwitch Colors-->
    <color name="hwswitch_bg_off_emui">#FF515151</color>
    <color name="hwswitch_bg_off_disable_emui">#1f1f1f</color>
    <color name="hwswitch_thumb_emui">#FFFFFFFF</color>
    <color name="hwswitch_thumb_emui_dark">#FFFFFFFF</color>
    <color name="hwswitch_thumb_disable_emui">#33FFFFFF</color>
    <color name="hwswitch_thumb_disable_emui_dark">#33FFFFFF</color>
    <color name="hwswitch_on_disable_dark_emui">H7_ACCENT_COLOR_PRESS</color>
    <color name="hwswitch_off_disable_dark_emui">H7_BACKGROUND_TWO</color>
    <color name="hwswitch_emui_list_dark_disabled">#33ffffff</color>
    <color name="hwswitch_emui_list_secondary_text_dark">#80ffffff</color>
    <color name="hwswitch_accent_emui">H7_ACCENT_COLOR</color>
    <color name="hwswitch_accent_on_dark_emui">H7_ACCENT_COLOR</color>
    <color name="hwswitch_accent_off_dark_emui">#33FFFFFF</color>
    <color name="hwswitch_thumb_color">#e6e6e6</color>
    <!--HwEdittext的颜色适配-->
    <color name="hwedit_emui_black_color_alpha_30">#4CE6E6E6</color>
    <color name="hwedit_emui_edit_text_hint_color">#33ffffff</color>
    <!-- 9.0异常背景色 -->
    <color name="color_red_alpha_90">#1AED2A2B</color>
    <!-- 升级云存储空间点击效果颜色-->
    <color name="emui_driver">#1Affffff</color>
    <!-- 文件管理navigation颜色-->
    <color name="hwbottomnavigationview_bg">H7_ACTIONBAR</color>
    <color name="hwbottomnav_item_default">#7FFFFFFF</color>
    <color name="hwbottomnav_blue_color">H7_ACTIONBAR</color>
    <color name="hwclickeffic_default_color_emui">#19FFFFFF</color>
    <color name="hwclickeffic_default_color_emui_dark">#19FFFFFF</color>
    <!-- 升级云存储空间描边颜色-->
    <color name="color_pay_img_cloud_bg_normal_shape">#99ffffff</color>
    <!-- hwdownloadbar颜色适配-->
    <color name="hwdownload_color">H7_ACCENT_COLOR</color>//使用了HwDownLoadWidget的需要
    <color name="hwdownload_button_text_emphasize_disabled">#41ffffff</color>
    //使用了HwDownLoadWidget的需要
    <color name="hwdownload_button_text_emphasize_color">#D8ffffff</color>//使用了HwDownLoadWidget的t需要
    <color name="hwdownload_emui_color_gray_10">#E6E6E6</color>
    <color name="hwdownload_click_effect_color">#19ffffff</color>
    <!--hwcheckbox-->
    <color name="hwcheckbox_inner_checked_mark">#e6e6e6</color>
    <color name="hwcheckbox_off_mask">H7_BACKGROUND_TWO</color>
    <color name="accent_on_disable_dark_emui">H7_ACCENT_COLOR_PRESS</color>
    <color name="hwcheckbox_inner_disable_dark">#33ffffff</color>
    <color name="hwcheckbox_accent_off_disable_dark_emui">#19FFFFFF</color>
    <color name="hwcheckbox_accent_on_dark_emui">H7_ACCENT_COLOR</color>
    <color name="hwcheckbox_accent_off_dark_emui">#33FFFFFF</color>
    <color name="hwcheckbox_inner_normal_dark">#80ffffff</color>
    <!-- EMUI Secondary Colors hwresource-->
    <color name="emui_color_1">#4d5ceb</color>
    <color name="emui_color_2">#1596d1</color>
    <color name="emui_color_3">#15a5ad</color>
    <color name="emui_color_4">#40ae3f</color>
    <color name="emui_color_5">#77b40f</color>
    <color name="emui_color_6">#923ae4</color>
    <color name="emui_color_7">#e20277</color>
    <color name="emui_color_8">#ed2a2b</color>
    <color name="emui_color_9">#e16808</color>
    <color name="emui_color_10">#da830b</color>
    <color name="emui_color_11">#d49f0f</color>
    <!--HwSpinner Colors-->
    <color name="hwspinner_item_default">#d8ffffff</color>
    <color name="hwspinner_item_pressed">#6bffffff</color>
    <color name="hwspinner_item_default_dark">#ffffffff</color>
    <color name="hwspinner_item_pressed_dark">#ffcccccc</color>
    <color name="hwspinner_item_disabled_dark">#33ffffff</color>
    <color name="hwspinner_dropdown_item_default_dark">H7_BACKGROUND_TWO</color>
    <color name="hwspinner_dropdown_item_pressed_dark">H7_BACKGROUND_TWO</color>
    <color name="hwspinner_dropdown_item_disabled_dark">H7_BACKGROUND_TWO</color>
    <color name="hwspinner_dropdown_item_default_emphasize">#ffffffff</color>
    <color name="hwspinner_dropdown_item_pressed_emphasize">#ffffffff</color>
    <color name="hwspinner_dropdown_item_disabled_emphasize">#3fffffff</color>
    <color name="hwspinner_accent_emui_dark">H7_ACCENT_COLOR</color>
    <color name="hwspinner_accent_emui_text_hightlight_dark">#FFCCCCCC</color>
    <color name="hwspinner_emui_master_color_0">#FFFFFFFF</color>
    <color name="hwspinner_accent_emui_emphasize_disabled">H7_ACCENT_COLOR_PRESS</color>
    <color name="hwspinner_accent_emui_emphasize_pressed">H7_ACCENT_COLOR</color>
    <color name="hwspinner_accent_emui_emphasize">H7_ACCENT_COLOR</color>
    <color name="hwspinner_emui_text_dark">#ffffff</color>
    <color name="hwspinner_emui_text_disabled">#33ffffff</color>
    <color name="divider_horizontal_color_emui">#33ffffff</color>
    <color name="emui_primary">#E6E6E6</color>
    <color name="emui_color_gray_10">#E6E6E6</color>
    <!--深色主题是30%透明度-->
    <color name="color_red_alpha_90">#4DFA2A2D</color>
    <!--账号sdk-->
    <color name="CS_emui_color_gray_10">#E6E6E6</color>
    <color name="CS_black_20_percent">#33FFFFFF</color>
    <color name="CS_black_100_percent">#ffFFFFFF</color>
    <color name="CS_black">#FFFFFF</color>
    <color name="CS_background">#00000000</color>
    <color name="CS_black_50_percent">#80ffffff</color>
    <!--本地空间进度条颜色-->
    <color name="hidisk_roundpercentbar_graywhite">#1Affffff</color>
    <!--文件管理图片描边背景色-->
    <color name="hidisk_image_corner_color">#26ffffff</color>
    <!--light theme-->
    <!--on 外圈填充-->
    <color name="emui_accent">H7_ACCENT_COLOR</color>
    <!--on 内圈填充-->
    <color name="emui_white">#e6e6e6</color>
    <!--on 内圈填充阴影-->
    <color name="emui_color_gray_10">#E6E6E6</color>
    <!--off 外框-->
    <color name="emui_color_gray_5">#4CE6E6E6</color>
    <!--off 内部填充-->
    <color name="hwradiobutton_off_mask">H7_BACKGROUND_TWO</color>
    <color name="hwradiobutton_off_stroke">#4dffffff</color>
    <color name="hwradiobutton_off_path_inner_bg">#4d202125</color>
    <!--animation end color-->
    <color name="hwradiobutton_accent_off_emui">#33ffffff</color>
    <color name="emui_color_gray_8_F2">#F2B3B3B3</color>
    <!--thumb.0 ux适配-->
    <color name="emui10_colorForeground_20">#404040</color>
    <color name="emui10_divider_color">#00CCCCCC</color>
    <color name="emui10_colorAccent">H7_ACCENT_COLOR</color>
    <color name="emui10_textColorPrimary">#E6FFFFFF</color>
    <color name="emui10_textColorSecondary">#80FFFFFF</color>
    <color name="emui10_colorSubheaderDivider">#0DFFFFFF</color>
    <color name="emui10_textColorPrimaryActivated">H7_ACCENT_COLOR</color>
    <color name="emui10_textColorLink">H7_ACCENT_COLOR</color>
    <color name="emui10_colorForegroundInverse">#FFFFFF</color>
    <color name="emui10_colorError">#FA2A2D</color>
    <color name="emui10_colorError_95">#1AFA2A2D</color>
    <color name="emui10_colorBackground">#00000000</color>
    <color name="emui10_textColorTertiary">#61FFFFFF</color>
    <color name="emui10_colorForeground">#FFFFFF</color>
    <color name="emui10_textColorPrimaryInverse">#E6FFFFFF</color>
    <color name="package_time_recyclerview_item_choose_color">#321C08</color>
    <color name="emui10_colorForeground_03">#0DFFFFFF</color>
    <!--thumb.0 ux适配-->
    <color name="emui10_colorForeground_95">#1AFFFFFF</color>
    <color name="package_time_recyclerview_item_unchoose_color">#80FFFFFF</color>
    <!-- 沉浸式效果 statusbar 黑色透明底色 -->
    <color name="mc_trans_white">#00000000</color>
    <!-- 试试深度搜索高亮字体颜色 -->
    <color name="emui10_tabTextActive">H7_ACCENT_COLOR</color>
    <color name="emui10_actionBarBackPressColor">#1AFFFFFF</color>
    <!--HwSubTab深色主题适配-->
    <color name="hwsubtab_emui_color_bg">H7_BACKGROUND_TWO</color>
    <color name="hwsubtab_emui_subtab_text_on">H7_ACCENT_COLOR</color>
    <color name="hwsubtab_emui_subtab_text_off">#66ffffff</color>
    <color name="hwsubtab_indicator_color">H7_ACCENT_COLOR</color>
    <color name="hwsubtab_click_effect_color">#19ffffff</color>
    <color name="emui_accent_inverse">H7_ACCENT_COLOR</color>
    <color name="emui_accent_pressed">H7_ACCENT_COLOR</color>
    <color name="emui_button_default">#1AFFFFFF</color>
    <color name="emui_button_default_disabled">#0AFFFFFF</color>
    <color name="emui_color_bg">#00000000</color>
    <color name="emui_color_connected">#41ba41</color>
    <color name="emui_color_divider_horizontal">#33FFFFFF</color>
    <color name="emui_color_fg">#FFFFFFFF</color>
    <color name="emui_color_fg_inverse">#E5E5E5</color>
    <color name="emui_color_handup">#FA2A2D</color>
    <color name="emui_color_list_divider">#33FFFFFF</color>
    <color name="emui_color_primary">#A9FFFFFF</color>
    <color name="emui_color_secondary">#80FFFFFF</color>
    <color name="emui_color_tertiary">#61ffffff</color>
    <color name="emui_color_text_highlight">#6126a69a</color>
    <color name="emui_color_text_primary">#A9ffffff</color>
    <color name="emui_color_text_secondary">#80FFFFFF</color>
    <color name="emui_color_text_tertiary">#61ffffff</color>
    <color name="emui_color_warning">#FF7500</color>
    <color name="emui_control_highlight">H7_ACCENT_COLOR</color>
    <color name="emui_control_normal">#19FFFFFF</color>
    <color name="emui_control_normal_disabled">#0AFFFFFF</color>
    <color name="emui_functional_blue_inverse">H7_ACCENT_COLOR</color>
    <color name="emui_list_separator_text">H7_BACKGROUND_TWO</color>
    <color name="emui_primary_inverse">#FFFFFF</color>
    <color name="emui_text_disabled">#61FFFFFF</color>
    <color name="emui_text_hint">#7Fffffff</color>
    <color name="emui_text_hint_inverse">#99FFFFFF</color>
    <color name="emui_text_primary">#FFFFFF</color>
    <color name="emui_text_primary_inverse">#ffffff</color>
    <color name="emui_text_secondary_inverse">#99FFFFFF</color>
    <color name="emui_text_tertiary_inverse">#61FFFFFF</color>
    <color name="hwspinner_icon_emui">#A9FFFFFF</color>
    <color name="hwspinner_item_disabled">#40FFFFFF</color>
    <color name="hwswitch_off_track_bg">#ff515151</color>
    <color name="hwswitch_thumb_disable">#616161</color>
</resources>