<?xml version="1.0" encoding="UTF-8"?><resources>
    <color name="contact_detail_item_selected">H7_ACCENT_COLOR</color>
    <!-- DTS2014051906107 20140519 d00106329 add begin -->
    <color name="settings_bg_color">H7_BACKGROUND</color>
    <!-- DTS2014051906107 20140519 d00106329 add end -->
    <!-- Weather Content Color Start -->
    <color name="weather_current_color">H7_ACCENT_COLOR</color>
    <!-- Weather Content Color End -->
    <!-- Stock Content Color Start -->
    <!-- Stock Content Color End -->
    <!-- Music Content Color Start -->
    <!-- Music Content Color End -->
    <!-- Restaurant content color Start -->
    <!-- Restaurant content color Start -->
    <!-- DTS2015010811153  h00173023/z00181027 20150104 add begin. -->
    <!-- preference title color -->
    <!-- preference summary color -->
    <!-- DTS2015010811153  h00173023/z00181027 20150104 add end. -->
    <color name="va_privacy_color">H7_ACCENT_COLOR</color>
</resources>