﻿<?xml version="1.0" encoding="utf-8"?>

<resources>
	<color name="emui_list_separator_default">H7_COLOR_OPTIMIZER</color>
    <color name="action_bar_bg">H7_COLOR_OPTIMIZER</color>
    <color name="app_lock_pwd_dot">H7_COLOR_OPTIMIZER</color>
    <color name="applock_button_text_color">H7_COLOR_OPTIMIZER</color>
    <color name="applock_button_text_pressed_color">H7_COLOR_OPTIMIZER_PRESS</color>
    <color name="black_100_opacity">H7_COLOR_OPTIMIZER</color>
    <color name="black_50_opacity">H7_COLOR_OPTIMIZER_PRESS</color>
    <color name="color_button_text">H7_COLOR_OPTIMIZER</color>
    <color name="color_button_text_pressed">H7_COLOR_OPTIMIZER_PRESS</color>
    <color name="color_explain_prevent_textview">H7_COLOR_OPTIMIZER_PRESS</color>
    <color name="color_no_patch_updating_textview">H7_COLOR_OPTIMIZER_PRESS</color>
    <color name="color_prevent_line">H7_COLOR_OPTIMIZER_DISABLED</color>
    <color name="emui5_theme">H7_COLOR_OPTIMIZER</color>
    <color name="emui5_theme_alpha">H7_COLOR_OPTIMIZER_DISABLED</color>
    <color name="emui5_theme_alpha20">H7_COLOR_OPTIMIZER_DISABLED</color>
    <color name="emui5_theme_alpha30">H7_COLOR_OPTIMIZER_DISABLED</color>
    <color name="emui5_theme_alpha5">H7_COLOR_OPTIMIZER_DISABLED</color>
    <color name="hsm_black_alpha60_for_canvas">H7_COLOR_OPTIMIZER_PRESS</color>
    <color name="hsm_common_button">H7_COLOR_OPTIMIZER</color>
    <color name="hsm_widget_canvas_degree_line">H7_COLOR_OPTIMIZER</color>
    <color name="hsm_widget_canvas_degree_line_alpha30">H7_COLOR_OPTIMIZER_DISABLED</color>
    <color name="hsm_widget_canvas_degree_line_alpha5">H7_COLOR_OPTIMIZER_DISABLED</color>
    <color name="hsm_widget_circleview_startcolor">H7_COLOR_OPTIMIZER</color>
    <color name="hsm_widget_circleview_yellow">H7_COLOR_OPTIMIZER</color>
    <color name="item_press">H7_COLOR_OPTIMIZER_PRESS</color>
	<color name="main_screen_scan_item_text">H7_COLOR_OPTIMIZER</color>
	<color name="main_scren_circle_background">H7_COLOR_OPTIMIZER_DISABLED</color>
	<color name="main_scren_circle_first_color">H7_COLOR_OPTIMIZER_DISABLED</color>
	<color name="main_scren_circle_degree_background">H7_COLOR_OPTIMIZER_DISABLED</color>
	<color name="main_scren_progress_circle_color">H7_COLOR_OPTIMIZER</color>
    <color name="net_chartdata_badness1">H7_COLOR_OPTIMIZER_DISABLED</color>
    <color name="net_chartdata_badness2">H7_COLOR_OPTIMIZER_DISABLED</color>
    <color name="net_chartdata_badness3">#6626a69a</color>
    <color name="net_chartdata_badness4">H7_COLOR_OPTIMIZER_PRESS</color>
    <color name="net_chartdata_badness5">H7_COLOR_OPTIMIZER_PRESS</color>
    <color name="net_chartdata_badness6">H7_COLOR_OPTIMIZER</color>
    <color name="net_chartdata_bin_mask">H7_COLOR_OPTIMIZER</color>
    <color name="net_chartdata_x_mask">#00000000</color>
    <color name="old_primary_textcolor">H7_COLOR_OPTIMIZER_PRESS</color>
    <color name="old_secondary_textcolor">H7_COLOR_OPTIMIZER_PRESS</color>
    <color name="power_bg_color">H7_COLOR_OPTIMIZER</color>
	<color name="power_powershape_shader1">H7_COLOR_OPTIMIZER</color>
    <color name="power_powershape_shader2">H7_COLOR_OPTIMIZER</color>
	<color name="power_powerwave_shader2">H7_COLOR_OPTIMIZER_PRESS</color>
	<color name="power_powerwave_midshader1">H7_COLOR_OPTIMIZER_DISABLED</color>
  	<color name="power_powerwave_midshader2">H7_COLOR_OPTIMIZER_DISABLED</color>
	<color name="power_powerwave_bgshader2">#00000000</color>
    <color name="space_manager_external_circel1">H7_COLOR_OPTIMIZER</color>
    <color name="space_manager_external_circel2">H7_COLOR_OPTIMIZER</color>
    <color name="space_manager_external_circelbg">H7_COLOR_OPTIMIZER_DISABLED</color>
    <color name="space_manager_external_text">H7_COLOR_OPTIMIZER</color>
    <color name="virtus_color_start_bg">H7_COLOR_OPTIMIZER</color>

    <color name="main_common_icon">H7_COLOR_OPTIMIZER</color>
    <color name="hsm_set_common_button">H7_COLOR_OPTIMIZER</color>
    <color name="main_cus_spinner_icon_bg">H7_COLOR_OPTIMIZER</color>
    <color name="popwindow_text">H7_COLOR_OPTIMIZER</color>
    <color name="space_manager_internal_text">H7_COLOR_OPTIMIZER</color>
    <color name="space_manager_internal_circel1">H7_COLOR_OPTIMIZER</color>
    <color name="space_manager_internal_circel2">H7_COLOR_OPTIMIZER</color>
    <color name="space_manager_internal_circelbg">H7_COLOR_OPTIMIZER_DISABLED</color>


    <color name="dragging_bar_tip_stroke">H7_COLOR_OPTIMIZER</color>
    <color name="hsm_widget_canvas_degree_line_new">H7_COLOR_OPTIMIZER</color>
    <color name="hsm_widget_canvas_degree_line_alpha50">H7_COLOR_OPTIMIZER</color>
    <color name="hsm_widget_canvas_degree_line_alpha10">H7_COLOR_OPTIMIZER_DISABLED</color>
    <color name="notificaiont_channel_top_single_informationblue">H7_COLOR_OPTIMIZER</color>

    <color name="divide_line_color">#00000000</color>
    <color name="main_screen_scan_item_text">#ffffffff</color>
    <color name="main_scren_circle_background">#08ffffff</color>
    <color name="main_scren_progress_circle_color">#ffffffff</color>
    <color name="main_scren_background_start">#00000000</color>
    <color name="main_scren_background_end">#00000000</color>
    <color name="view_title_text">#ffffff</color>
    <color name="main_screen_pop_text_color">#00000000</color>
    <color name="hsm_scan_items_bg">#00000000</color>
    <color name="cus_spinner_text">#ffffff</color>
    <color name="hsm_common_bg">#00000000</color>

    <color name="main_scren_circle_first_shader_color0">#8Fffffff</color>
    <color name="main_scren_circle_first_shader_color1">#36ffffff</color>
    <color name="main_scren_circle_first_color">#19ffffff</color>
    <color name="main_scren_circle_second_shader_color0">#36ffffff</color>
    <color name="main_scren_circle_second_shader_color1">#0Cffffff</color>
    <color name="main_scren_circle_second_color">#9Bffffff</color>
    <color name="main_scren_circle_degree_background">#4dffffff</color>
    <color name="trafficchartlineview_line">#33ffffff</color>
    <color name="emui_widget">#33ffffff</color>
    <color name="color_disable">#33ffffff</color>
    <integer name="adapter_multiply_user">7</integer>
    <color name="emui_horizontal_divider">#00000000</color>
    <color name="app_lock_pwd_dot">#bfffffff</color>
    <color name="fifty_percent_primary_color">#80ffffff</color>
    <color name="twenty_percent_primary_color">#80ffffff</color>
    <color name="whitename_cancel">#ffffff</color>
    <color name="emui_list_primary_text">#ffffff</color>
    <color name="emui_list_secondray_text">#80ffffff</color>
    <color name="emui_black_color_alpha_5">#19ffffff</color>
    <color name="power_save_mode_dialog_text_color">#A6A6A6</color>
    <color name="photo_check_box_color">H7_COLOR_OPTIMIZER</color>
    <color name="lock_finger_color">#FFFFFF</color>
    <color name="lock_password_white">#26FFFFFF</color>
    <color name="forget_password_color_white">H7_COLOR_OPTIMIZER</color>
    <color name="color_explain_prevent_textview">#7FFFFFFF</color>
    <color name="custom_actionbar_title_text_color">#FFFFFF</color>
    <color name="capacity_20_color">#33FFFFFF</color>
    <color name="circle_score_color">#ffffff</color>
    <color name="common_item_click_bg_color">#191919</color>
    <color name="emui_white">#00000000</color>
    <color name="emui_color_gray_10">#F2F2F2</color>
    <color name="main_screen_icon_bg_press">#33FFFFFF</color>
    <color name="recommend_item_textview_bg">#4dffffff</color>
    <color name="power_item_click_bg_color">#1affffff</color>
    <color name="common_arrow_bg_color">#40ffffff</color>
    <color name="common_empty_icon_color">#4dffffff</color>
    <color name="space_manager_external_circelbg">#40ffffff</color>
    <color name="space_storage_low_bg">#40ffffff</color>
    <color name="space_storage_extreme_low_bg">#40ffffff</color>
    <color name="net_applist_vertical_dividerline">#00000000</color>
    <color name="indicate_optimize_textview_color">#80ffffff</color>
    <color name="hsm_widget_canvas_degree_point">#202020</color>
	
	
    <color name="main_scren_background_start">H7_BACKGROUND</color>
    <color name="main_scren_background_end">H7_BACKGROUND</color>
    <color name="hsm_scan_items_bg">H7_BACKGROUND</color>
    <color name="hsm_common_bg">H7_BACKGROUND</color>
    <color name="common_item_click_bg_color">H7_ACTIONBAR</color>
    <color name="emui_white">H7_BACKGROUND</color>
    <color name="hsm_widget_canvas_degree_point">H7_BACKGROUND</color>
    <color name="face_anim_white">H7_BACKGROUND</color>
    <color name="hwsystemmanager_white_color">H7_BACKGROUND</color>
    <color name="ic_lock_recognize_small_color_white">H7_BACKGROUND</color>
    <color name="lock_finger_color_white">H7_BACKGROUND</color>
    <color name="similar_best_foreground_color">H7_BACKGROUND</color>
    <color name="tip_emui_white">H7_BACKGROUND</color>
    <color name="upsdk_white">H7_BACKGROUND</color>
    <color name="white">H7_BACKGROUND</color>
 </resources>
