<?xml version="1.0" encoding="UTF-8"?><resources>
	<color name="emui_list_separator_default">H7_COLOR_OPTIMIZER</color>
    <color name="action_bar_bg">H7_COLOR_OPTIMIZER</color>
    <color name="app_lock_pwd_dot">H7_COLOR_OPTIMIZER</color>
    <color name="applock_button_text_color">H7_COLOR_OPTIMIZER</color>
    <color name="applock_button_text_pressed_color">H7_COLOR_OPTIMIZER_PRESS</color>
    <color name="black_100_opacity">H7_COLOR_OPTIMIZER</color>
    <color name="black_50_opacity">H7_COLOR_OPTIMIZER_PRESS</color>
    <color name="color_button_text">H7_COLOR_OPTIMIZER</color>
    <color name="color_button_text_pressed">H7_COLOR_OPTIMIZER_PRESS</color>
    <color name="color_explain_prevent_textview">H7_COLOR_OPTIMIZER_PRESS</color>
    <color name="color_no_patch_updating_textview">H7_COLOR_OPTIMIZER_PRESS</color>
    <color name="color_prevent_line">H7_COLOR_OPTIMIZER_DISABLED</color>
    <color name="emui5_theme">H7_COLOR_OPTIMIZER</color>
    <color name="emui5_theme_alpha">H7_COLOR_OPTIMIZER_DISABLED</color>
    <color name="emui5_theme_alpha20">H7_COLOR_OPTIMIZER_DISABLED</color>
    <color name="emui5_theme_alpha30">H7_COLOR_OPTIMIZER_DISABLED</color>
    <color name="emui5_theme_alpha5">H7_COLOR_OPTIMIZER_DISABLED</color>
    <color name="hsm_black_alpha60_for_canvas">H7_COLOR_OPTIMIZER_PRESS</color>
    <color name="hsm_common_button">H7_COLOR_OPTIMIZER</color>
    <color name="hsm_widget_canvas_degree_line">H7_COLOR_OPTIMIZER</color>
    <color name="hsm_widget_canvas_degree_line_alpha30">H7_COLOR_OPTIMIZER_DISABLED</color>
    <color name="hsm_widget_canvas_degree_line_alpha5">H7_COLOR_OPTIMIZER_DISABLED</color>
    <color name="hsm_widget_circleview_startcolor">H7_COLOR_OPTIMIZER</color>
    <color name="hsm_widget_circleview_yellow">H7_COLOR_OPTIMIZER</color>
    <color name="item_press">H7_COLOR_OPTIMIZER_PRESS</color>
	<color name="main_screen_scan_item_text">H7_COLOR_OPTIMIZER</color>
	<color name="main_scren_circle_background">H7_COLOR_OPTIMIZER_DISABLED</color>
	<color name="main_scren_circle_first_color">H7_COLOR_OPTIMIZER_DISABLED</color>
	<color name="main_scren_circle_degree_background">H7_COLOR_OPTIMIZER_DISABLED</color>
	<color name="main_scren_progress_circle_color">H7_COLOR_OPTIMIZER</color>
    <color name="net_chartdata_badness1">H7_COLOR_OPTIMIZER_DISABLED</color>
    <color name="net_chartdata_badness2">H7_COLOR_OPTIMIZER_DISABLED</color>
    
    <color name="net_chartdata_badness4">H7_COLOR_OPTIMIZER_PRESS</color>
    <color name="net_chartdata_badness5">H7_COLOR_OPTIMIZER_PRESS</color>
    <color name="net_chartdata_badness6">H7_COLOR_OPTIMIZER</color>
    <color name="net_chartdata_bin_mask">H7_COLOR_OPTIMIZER</color>
    
    <color name="old_primary_textcolor">H7_COLOR_OPTIMIZER_PRESS</color>
    <color name="old_secondary_textcolor">H7_COLOR_OPTIMIZER_PRESS</color>
    <color name="power_bg_color">H7_COLOR_OPTIMIZER</color>
	<color name="power_powershape_shader1">H7_COLOR_OPTIMIZER</color>
    <color name="power_powershape_shader2">H7_COLOR_OPTIMIZER</color>
	<color name="power_powerwave_shader2">H7_COLOR_OPTIMIZER_PRESS</color>
	<color name="power_powerwave_midshader1">H7_COLOR_OPTIMIZER_DISABLED</color>
  	<color name="power_powerwave_midshader2">H7_COLOR_OPTIMIZER_DISABLED</color>
	
    <color name="space_manager_external_circel1">H7_COLOR_OPTIMIZER</color>
    <color name="space_manager_external_circel2">H7_COLOR_OPTIMIZER</color>
    <color name="space_manager_external_circelbg">H7_COLOR_OPTIMIZER_DISABLED</color>
    <color name="space_manager_external_text">H7_COLOR_OPTIMIZER</color>
    <color name="virtus_color_start_bg">H7_COLOR_OPTIMIZER</color>

    <color name="main_common_icon">H7_COLOR_OPTIMIZER</color>
    <color name="hsm_set_common_button">H7_COLOR_OPTIMIZER</color>
    <color name="main_cus_spinner_icon_bg">H7_COLOR_OPTIMIZER</color>
    <color name="popwindow_text">H7_COLOR_OPTIMIZER</color>
    <color name="space_manager_internal_text">H7_COLOR_OPTIMIZER</color>
    <color name="space_manager_internal_circel1">H7_COLOR_OPTIMIZER</color>
    <color name="space_manager_internal_circel2">H7_COLOR_OPTIMIZER</color>
    <color name="space_manager_internal_circelbg">H7_COLOR_OPTIMIZER_DISABLED</color>

    <color name="emui_color_bg">H7_BACKGROUND</color>

    <color name="emui_white">H7_BACKGROUND</color>

    <color name="harassment_subheader_bg">H7_BACKGROUND</color>
    <color name="hsm_common_bg">H7_BACKGROUND</color>

    <color name="hsm_widget_canvas_degree_point">H7_BACKGROUND</color>

    <color name="main_screen_pop_text_color">H7_BACKGROUND</color>

    <color name="dragging_bar_tip_stroke">H7_COLOR_OPTIMIZER</color>
    <color name="hsm_widget_canvas_degree_line_new">H7_COLOR_OPTIMIZER</color>
    <color name="hsm_widget_canvas_degree_line_alpha50">H7_COLOR_OPTIMIZER</color>
    <color name="hsm_widget_canvas_degree_line_alpha10">H7_COLOR_OPTIMIZER_DISABLED</color>
    <color name="notificaiont_channel_top_single_informationblue">H7_COLOR_OPTIMIZER</color>

    
    
    
    
    
    
    
    
    

    
    
    
    
    
    
    
    
    
    
    <integer name="adapter_multiply_user">7</integer>
    
    
    
    
    
    
    
    
    
    <color name="photo_check_box_color">H7_COLOR_OPTIMIZER</color>
    
    
    <color name="forget_password_color_white">H7_COLOR_OPTIMIZER</color>
    
    
    
    
    
    
    
    
    
    
    
    
    
    
    
    
	
	
	
    
    
    
    
    
    
    
    
    
    
    
    
    
    
    
    
    
    
    
    
    
    
    
    
    
    
    
    
    
    
    
    
    
    
    
    
    
    
    
    
    
    
    
    
    
    
    
    
    
    
    
    
    
    
    
    
    
    
    
    
    
    
    
    
    
    
    
    
    
    
    
    
    
    
    
    
    
    
    
    
    
    
    
    
    
    
    
    
    
    
	
 </resources>