<?xml version="1.0" encoding="utf-8"?>
<resources>
    <color name="a">H7_BACKGROUND</color>
    <color name="b">#ffffffff</color>
    <color name="d">#19ffffff</color>
    <color name="e">#33ffffff</color>
    <color name="f">#4cffffff</color>
    <color name="g">#0dffffff</color>
    <color name="h">H7_ACCENT_COLOR</color>
    <color name="i">H7_ACCENT_COLOR_DISABLED</color>
    <color name="k">H7_ACCENT_COLOR</color>
    <color name="l">#fff0460e</color>
    <color name="m">#26ffffff</color>
    <color name="p">H7_ACCENT_COLOR</color>
    <color name="t">#ffffffff</color>
    <color name="an">#08ffffff</color>
    <color name="b5">H7_BACKGROUND</color>
    <color name="b8">#ffffffff</color>
    <color name="b9">#19ffffff</color>
    <color name="b_">#80ffffff</color>
    <color name="ba">#0dffffff</color>
    <color name="bb">#0dffffff</color>
    <color name="bc">H7_BACKGROUND</color>
    <color name="bd">H7_ACCENT_COLOR</color>
    <color name="bf">H7_BACKGROUND</color>
    <color name="bi">#ff666666</color>
    <color name="bq">#80ffffff</color>
    <color name="br">#a8ffffff</color>
    <color name="bs">#ffe6e6e6</color>
    <color name="bz">H7_ACCENT_COLOR</color>
    <color name="c0">H7_ACCENT_COLOR</color>
    <color name="c6">H7_ACCENT_COLOR</color>
    <color name="c_">H7_ACCENT_COLOR</color>
    <color name="cb">H7_ACCENT_COLOR</color>
    <color name="ce">H7_ACCENT_COLOR</color>
    <color name="ci">H7_BACKGROUND</color>
    <color name="co">#dbffffff</color>
    <color name="cq">#dbffffff</color>
    <color name="cu">H7_BACKGROUND</color>
    <color name="cx">#99ffffff</color>
    <color name="d0">#dbffffff</color>
    <color name="d2">#99ffffff</color>
    <color name="d6">#ffd94838</color>
    <color name="d9">#ffe6e6e6</color>
    <color name="d_">H7_BACKGROUND</color>
    <color name="da">H7_BACKGROUND</color>
    <color name="df">#33ffffff</color>
    <color name="dg">#3fffffff</color>
    <color name="dj">#66ffffff</color>
    <color name="do">H7_ACCENT_COLOR</color>
    <color name="ds">#995291ff</color>
    <color name="dx">H7_BACKGROUND</color>
    <color name="dy">H7_BACKGROUND</color>
    <color name="e3">#99ffffff</color>
    <color name="e6">H7_ACCENT_COLOR</color>
    <color name="e9">H7_ACTIONBAR</color>
    <color name="eb">#19ffffff</color>
    <color name="ed">#0affffff</color>
    <color name="eh">H7_ACTIONBAR</color>
    <color name="ek">H7_ACTIONBAR</color>
    <color name="en">H7_ACCENT_COLOR</color>
    <color name="eq">#26ffffff</color>
    <color name="et">H7_ACCENT_COLOR</color>
    <color name="eu">#ffe08c3a</color>
    <color name="ex">#ffd1a738</color>
    <color name="f2">H7_ACCENT_COLOR</color>
    <color name="f5">H7_ACCENT_COLOR</color>
    <color name="f8">#ff5ba854</color>
    <color name="fa">#ff86ad53</color>
    <color name="fd">#ff8c55c2</color>
    <color name="fg">#ffd64966</color>
    <color name="fj">#ffd94838</color>
    <color name="fm">#ffdb6b42</color>
    <color name="fp">H7_ACCENT_COLOR</color>
    <color name="fs">H7_BACKGROUND</color>
    <color name="fu">H7_ACTIONBAR</color>
    <color name="fy">#ff5ba854</color>
    <color name="g1">#33ffffff</color>
    <color name="g4">#ffffffff</color>
    <color name="g5">H7_ACCENT_COLOR</color>
    <color name="g6">#ff9e7349</color>
    <color name="g9">#ff997e39</color>
    <color name="gd">#ff467794</color>
    <color name="gg">#ff4c7a73</color>
    <color name="gj">#ff5c8059</color>
    <color name="gm">#ff6b8052</color>
    <color name="gp">#ff634794</color>
    <color name="gs">#ffa14a5c</color>
    <color name="gv">#ff9c554b</color>
    <color name="gy">#ff9e644f</color>
    <color name="h2">#ffe5e5e5</color>
    <color name="h4">#ff666666</color>
    <color name="h9">#33ffffff</color>
    <color name="hb">H7_ACTIONBAR</color>
    <color name="hc">#ffe6e6e6</color>
    <color name="hd">H7_ACTIONBAR</color>
    <color name="he">H7_ACTIONBAR</color>
    <color name="hf">H7_ACTIONBAR</color>
    <color name="hg">#4ce6e6e6</color>
    <color name="hh">#ff666666</color>
    <color name="hj">#ffb3b3b3</color>
    <color name="hk">#ffcccccc</color>
    <color name="hl">#ffd94838</color>
    <color name="hr">#dbffffff</color>
    <color name="hu">#99ffffff</color>
    <color name="hx">#99ffffff</color>
    <color name="i0">H7_BACKGROUND</color>
    <color name="i3">#dbffffff</color>
    <color name="i6">H7_BACKGROUND</color>
    <color name="i9">#19ffffff</color>
    <color name="ib">#66ffffff</color>
    <color name="ie">H7_ACCENT_COLOR_DISABLED</color>
    <color name="ih">#dbffffff</color>
    <color name="ik">#99ffffff</color>
    <color name="in">#66ffffff</color>
    <color name="iq">H7_ACTIONBAR</color>
    <color name="it">H7_ACTIONBAR</color>
    <color name="iw">#ffdb6b42</color>
    <color name="iz">H7_ACCENT_COLOR</color>
    <color name="j1">H7_ACCENT_COLOR</color>
    <color name="j5">H7_ACCENT_COLOR</color>
    <color name="j8">#19ffffff</color>
    <color name="ja">#19ffffff</color>
    <color name="jc">#0affffff</color>
    <color name="jg">H7_ACTIONBAR</color>
    <color name="jj">H7_ACCENT_COLOR</color>
    <color name="jm">H7_ACCENT_COLOR</color>
    <color name="jp">H7_ACCENT_COLOR</color>
    <color name="k1">H7_ACCENT_COLOR_DISABLED</color>
    <color name="k4">H7_ACCENT_COLOR_DISABLED</color>
    <color name="k7">#e5ffffff</color>
    <color name="k_">#99ffffff</color>
    <color name="kc">#66ffffff</color>
    <color name="kf">H7_ACCENT_COLOR</color>
    <color name="kl">#ff007900</color>
    <color name="km">#ffd94838</color>
    <color name="kp">#19ffffff</color>
    <color name="ks">#19ffffff</color>
    <color name="ky">#99000000</color>
    <color name="l1">#b2000000</color>
    <color name="l4">#e5000000</color>
    <color name="l7">#66000000</color>
    <color name="l_">#e5000000</color>
    <color name="lf">#ffffffff</color>
    <color name="lh">#ffe5e5e5</color>
    <color name="mq">#ff392f49</color>
    <color name="mr">#ff4a4333</color>
    <color name="mw">#ff343e4a</color>
    <color name="mz">#ff3c4b34</color>
    <color name="n2">#ff443038</color>
    <color name="n5">#ff463630</color>
    <color name="n8">H7_ACCENT_COLOR</color>
    <color name="nb">H7_BACKGROUND</color>
    <color name="nh">H7_ACCENT_COLOR</color>
    <color name="nk">#99ffffff</color>
    <color name="nn">H7_ACCENT_COLOR</color>
    <color name="nq">#33000000</color>
    <color name="nt">#66ffffff</color>
    <color name="nx">#66ffffff</color>
    <color name="o3">#99ffffff</color>
    <color name="ob">#ffffffff</color>
    <color name="od">#ffe5e5e5</color>
    <color name="oq">#19ffffff</color>
    <color name="ot">H7_BACKGROUND</color>
    <color name="oz">#dbffffff</color>
    <color name="p0">H7_ACCENT_COLOR</color>
    <color name="p8">H7_BACKGROUND</color>
    <color name="pa">#dbffffff</color>
    <color name="pb">H7_ACCENT_COLOR</color>
    <color name="pj">#ffe6e6e6</color>
    <color name="pr">H7_BACKGROUND</color>
    <color name="pv">H7_BACKGROUND</color>
    <color name="py">#194281ff</color>
    <color name="qh">H7_ACCENT_COLOR_DISABLED</color>
    <color name="qs">#19ffffff</color>
    <color name="qx">#19ffffff</color>
    <color name="r4">H7_ACCENT_COLOR_DISABLED</color>
    <color name="hwid_check_theme_color">H7_BACKGROUND</color>
    <color name="sk">@color/b9</color>
    <color name="td">#66ffffff</color>
    <color name="ti">#19ffffff</color>
    <color name="tj">#33ffffff</color>
    <color name="tr">#66ffffff</color>
    <color name="tx">H7_BACKGROUND</color>
    <color name="uu">#ccffffff</color>
    <color name="uv">H7_ACCENT_COLOR</color>
    <color name="ux">#ffd94838</color>
    <color name="uz">H7_ACTIONBAR</color>
    <color name="v0">#cc202224</color>
    <color name="v3">#19ffffff</color>
    <color name="v5">#19ffffff</color>
    <color name="v7">#ff5ba854</color>
    <color name="v9">H7_ACCENT_COLOR</color>
    <color name="va">H7_ACCENT_COLOR</color>
    <color name="vc">#ffffffff</color>
    <color name="vg">#ffd94838</color>
    <color name="vi">#ffffffff</color>
    <color name="vk">#33ffffff</color>
    <color name="vm">#dbffffff</color>
    <color name="vq">#99ffffff</color>
    <color name="vs">#66ffffff</color>
    <color name="vu">#19ffffff</color>
    <color name="vv">#19ffffff</color>
    <color name="vy">#33ffffff</color>
    <color name="w0">H7_ACCENT_COLOR</color>
    <color name="w1">#ffe08c3a</color>
    <color name="w3">#ffd1a738</color>
    <color name="w8">H7_ACCENT_COLOR</color>
    <color name="w_">H7_ACCENT_COLOR</color>
    <color name="wb">#ff5ba854</color>
    <color name="wd">#ff86ad53</color>
    <color name="wf">#ff8c55c2</color>
    <color name="wh">#ffd64966</color>
    <color name="wj">#ffd94838</color>
    <color name="wl">#ffdb6b42</color>
    <color name="wn">H7_ACTIONBAR</color>
    <color name="wp">#ffffffff</color>
    <color name="wq">H7_ACCENT_COLOR</color>
    <color name="wt">#33ffffff</color>
    <color name="wv">#dbffffff</color>
    <color name="wz">#99ffffff</color>
    <color name="x1">#66ffffff</color>
    <color name="x3">#ffdb6b42</color>
    <color name="xi">#00000000</color>
    <color name="xw">H7_ACCENT_COLOR</color>
    <color name="y8">#4c262626</color>
    <color name="yg">#00000000</color>
    <color name="tw">#191f69ff</color>
</resources>
