<?xml version="1.0" encoding="UTF-8"?><resources>
    <color name="common_background">H7_BACKGROUND</color>
    <color name="emui_accent">H7_ACCENT_COLOR</color>
    <color name="emui_accent_inverse">H7_ACCENT_COLOR</color>
    <color name="emui_accent_pressed">H7_ACCENT_COLOR</color>
    
    
    
    
    
    
    
    <color name="emui_card_bg">H7_ACTIONBAR</color>
    
    
    
    <color name="emui_color_2">H7_ACCENT_COLOR</color>
    <color name="emui_color_3">H7_ACCENT_COLOR</color>
    
    
    
    
    <color name="emui_color_bg">H7_BACKGROUND</color>
    
    
    
    
    
    <color name="emui_color_gray_1">H7_ACTIONBAR</color>
    
    <color name="emui_color_gray_2">H7_ACTIONBAR</color>
    <color name="emui_color_gray_3">H7_ACTIONBAR</color>
    <color name="emui_color_gray_4">H7_ACTIONBAR</color>
    
    
    
    
    
    
    
    
    
    
    <color name="emui_color_text_highlight">H7_ACCENT_COLOR_DISABLED</color>
    
    
    
    
    <color name="emui_control_highlight">H7_ACCENT_COLOR</color>
    
    
    <color name="emui_fab_bg_normal">H7_ACCENT_COLOR</color>
    <color name="emui_fab_bg_pressed">H7_ACCENT_COLOR</color>
    <color name="emui_functional_blue">H7_ACCENT_COLOR</color>
    <color name="emui_functional_blue_inverse">H7_ACCENT_COLOR</color>
    
    
    
    
    
    <color name="emui_text_highlight_inverse">H7_ACCENT_COLOR_DISABLED</color>
    
    
    <color name="emui_toolbar_bg">H7_ACTIONBAR</color>
    
    
    
    
    
    
    
    
    
    
    
</resources>
