<?xml version="1.0" encoding="UTF-8"?><resources>
    
    
    
    
    <color name="emui_control_focused_outline">H7_ACCENT_COLOR</color>
    
    <color name="emui_functional_blue">H7_ACCENT_COLOR</color>
	
	
	<color name="card_panel_bg">H7_ACTIONBAR</color>
    
    <color name="common_background">H7_BACKGROUND</color>
    <color name="emui_accent">H7_ACCENT_COLOR</color>
    <color name="emui_activated">H7_ACCENT_COLOR</color>
    
    
    
    <color name="emui_color_gray_1">H7_ACTIONBAR</color>
    
    
    <color name="emui_color_subbg">H7_BACKGROUND</color>
    
    
    
    
    
    
    
    
    <color name="statement_agreementchanged_background">H7_BACKGROUND</color>
    <color name="switch_accent_disable">H7_ACCENT_COLOR_DISABLED</color>
    
    <color name="switch_focused_outline">H7_ACCENT_COLOR</color>
    
</resources>
