﻿<?xml version="1.0" encoding="utf-8"?>
<resources>

    <bool name="dark_mode_enable">true</bool>

    <item type="drawable" name="notification_template_icon_bg">#3333b5e5</item>
    <item type="drawable" name="notification_template_icon_low_bg">#0cffffff</item>


    <color name="dialog_title_color">#ffffffff</color>
    <color name="chips_drop_down_item_bg">#ff2e2e2e</color>
    <color name="black_5">#19ffffff</color>
    <color name="black_20">#33ffffff</color>
    <color name="actionable_toast_default_color">#ff4d4d4d</color>
    <color name="appbar_icon_color">#99ffffff</color>
    <color name="btn_fab_default_bcg_color">H7_ACCENT_COLOR</color>
    <color name="btn_fab_icon_color">#ffe6e6e6</color>
    <color name="btn_fab_pressed_bcg_color">#19000000</color>
    <color name="chips_item_bg">H7_ACTIONBAR</color>
    <color name="default_folder_background_color">#ff2e2e2e</color>
    <color name="default_shadow_start_color">H7_BACKGROUND_TWO</color>
    <color name="divider_line">#33ffffff</color>
    <color name="emui_accent">H7_ACCENT_COLOR</color>
    <color name="emui_accent_inverse">H7_ACCENT_COLOR</color>
    <color name="emui_accent_pressed">H7_ACCENT_COLOR</color>
    <color name="emui_black">#ffe6e6e6</color>
    <color name="emui_button_default">#1affffff</color>
    <color name="emui_button_default_disabled">#0affffff</color>
    <color name="emui_card_bg">#ff404040</color>
    <color name="emui_color_1">#ff4d5ceb</color>
    <color name="emui_color_10">#ffda830b</color>
    <color name="emui_color_11">#ffd49f0f</color>
    <color name="emui_color_2">#ff1596d1</color>
    <color name="emui_color_3">#ff15a5ad</color>
    <color name="emui_color_4">#ff40ae3f</color>
    <color name="emui_color_5">#ff77b40f</color>
    <color name="emui_color_6">#ff923ae4</color>
    <color name="emui_color_7">#ffe20277</color>
    <color name="emui_color_8">#ffed2a2b</color>
    <color name="emui_color_9">#ffe16808</color>
    <color name="emui_color_bg">H7_BACKGROUND_TWO</color>
    <color name="emui_color_connected">#ff41ba41</color>
    <color name="emui_color_divider_horizontal">#33ffffff</color>
    <color name="emui_color_fg">#ffffffff</color>
    <color name="emui_color_fg_inverse">#ffe5e5e5</color>
    <color name="emui_color_gray_1">#ff0d0d0d</color>
    <color name="emui_color_gray_10">#ffe6e6e6</color>
    <color name="emui_color_gray_2">H7_ACTIONBAR</color>
    <color name="emui_color_gray_3">H7_ACTIONBAR</color>
    <color name="emui_color_gray_4">H7_ACTIONBAR</color>
    <color name="emui_color_gray_5">#ff4d4d4d</color>
    <color name="emui_color_gray_6">#ff666666</color>
    <color name="emui_color_gray_7">#ff808080</color>
    <color name="emui_color_gray_8">#ffb3b3b3</color>
    <color name="emui_color_gray_9">#ffcccccc</color>
    <color name="emui_color_handup">#fffa2a2d</color>
    <color name="emui_color_list_divider">#33ffffff</color>
    <color name="emui_color_primary">#a9ffffff</color>
    <color name="emui_color_secondary">#80ffffff</color>
    <color name="emui_color_subheader_divider">#19ffffff</color>
    <color name="emui_color_tertiary">#61ffffff</color>
    <color name="emui_color_text_highlight">#610d9ffb</color>
    <color name="emui_color_text_primary">#a9ffffff</color>
    <color name="emui_color_text_secondary">#80ffffff</color>
    <color name="emui_color_text_tertiary">#61ffffff</color>
    <color name="emui_color_warning">#ffff7500</color>
    <color name="emui_control_highlight">H7_ACCENT_COLOR</color>
    <color name="emui_control_normal">#19ffffff</color>
    <color name="emui_control_normal_disabled">#0affffff</color>
    <color name="emui_fab_bg_normal">H7_ACCENT_COLOR</color>
    <color name="emui_fab_bg_pressed">H7_ACCENT_COLOR</color>
    <color name="emui_fab_icon">#ffffffff</color>
    <color name="emui_functional_blue">H7_ACCENT_COLOR</color>
    <color name="emui_functional_blue_inverse">H7_ACCENT_COLOR</color>
    <color name="emui_functional_green">#ff3db03d</color>
    <color name="emui_functional_red">#ffed2a2b</color>
    <color name="emui_list_separator_text">#80000000</color>
    <color name="emui_primary">#ffffffff</color>
    <color name="emui_primary_inverse">#ffffffff</color>
    <color name="emui_text_disabled">#61ffffff</color>
    <color name="emui_text_hint">#7fffffff</color>
    <color name="emui_text_hint_inverse">#99ffffff</color>
    <color name="emui_text_inverse_disable">#61ffffff</color>
    <color name="emui_text_primary">#ffffffff</color>
    <color name="emui_text_primary_inverse">#ffffffff</color>
    <color name="emui_text_secondary_inverse">#99ffffff</color>
    <color name="emui_text_tertiary_inverse">#61ffffff</color>
    <color name="emui_white">#ffe6e6e6</color>
    <color name="functional_blue_text">#ff1596d1</color>
    <color name="hwclickeffic_default_color_emui">#19ffffff</color>
    <color name="hwscrollbar_thumb">#cc666666</color>
    <color name="hwsubtab_click_effect_color">#19ffffff</color>
    <color name="hwsubtab_emui_color_bg">H7_BACKGROUND_TWO</color>
    <color name="hwsubtab_emui_subtab_text_off">#66ffffff</color>
    <color name="hwsubtab_emui_subtab_text_on">H7_ACCENT_COLOR</color>
    <color name="hwsubtab_indicator_color">H7_ACCENT_COLOR</color>
    <color name="ic_no_email_color">#4dffffff</color>
    <color name="ic_sign_detail_color">#4dffffff</color>
    <color name="light_gray">H7_BACKGROUND_TWO</color>
    <color name="mdm_account_item_loading_color">#61ffffff</color>
    <color name="multiselect_button_delete_text_color">#ffd43e25</color>
    <color name="oauth2_failed_color">#80ffffff</color>
    <color name="power_save_text_area_background">#19fa2a2d</color>
    <color name="recurrence_bubble_text_color">#ffffffff</color>
    <color name="shortcut_email_bg_color">#ff4d4d4d</color>
    <color name="shortcut_email_icon_color">#99ffffff</color>
    <color name="status_bar_bg_color">#00000000</color>
    <color name="subheader_header_splitter_color">#1affffff</color>
    <color name="swipe_move_to_pressed_bg_color">#ff59d159</color>
    <color name="swipe_read_or_unread_pressed_bg_color">#ff1baae4</color>
    <color name="swipe_trash_pressed_bg_color">#fffa3e41</color>
    <color name="swiped_bg_color">#ff202020</color>
    <color name="tile_divider_color">#33ffffff</color>
    <color name="toolbar_actived">H7_ACCENT_COLOR</color>
    <color name="toolbar_bg">H7_ACTIONBAR</color>
    <color name="toolbar_text_bg">#a9ffffff</color>
    <color name="tranlate_tip_text_color">#ffffffff</color>
    <color name="vip_icon_text_color">#e6000000</color>
    <color name="white_100">H7_BACKGROUND_TWO</color>
    <color name="widget_primary_color">#ffe6e6e6</color>
    <color name="account_setup_account_type_exchange_action">H7_BACKGROUND_TWO</color>
    <color name="account_setup_other_action">H7_ACCENT_COLOR</color>
    <color name="attachment_bg_color">#33dddddd</color>
    <color name="holo_light_background_color">H7_BACKGROUND_TWO</color>










    <color name="account_setup_guide_background">#fcfcfc</color>
    <color name="dialog_title_color">#ffffffff</color>
    <color name="text_secondary_color">#80ffffff</color>
    <color name="preference_disable_text_color">#33ffffff</color>
    <color name="show_attachments_button_textColor">#ffffff</color>
    <color name="default_background_color">H7_BACKGROUND_TWO</color>
    <color name="checkbox_background_color">H7_ACCENT_COLOR</color>
    <color name="time_axis_background_color">H7_BACKGROUND_TWO</color>
    <color name="black_3">#19ffffff</color>
    <color name="black_5">#19ffffff</color>
    <color name="black_10">#19ffffff</color>
    <color name="black_15">#26ffffff</color>
    <color name="black_20">#33ffffff</color>
    <color name="black_30">#4Cffffff</color>
    <color name="black_40">#66ffffff</color>
    <color name="black_50">#7fffffff</color>
    <color name="black_60">#99ffffff</color>
    <color name="black_65">#a6ffffff</color>
    <color name="black_75">#bfffffff</color>
    <color name="black_85">#d9ffffff</color>
    <color name="black_90">#e6ffffff</color>
    <color name="black_100">#ffffff</color>
    <color name="white_50">#H7_BACKGROUND_PRESS</color>
    <color name="white_100">H7_BACKGROUND_TWO</color>
    <color name="gray_9d9d9d">#ff9d9d9d</color>
    <color name="divider_line">#33ffffff</color>
    <color name="divider_line_for_search_view_bottom">#33ffffff</color>
    <color name="message_text_pressed">#80ffffff</color>
    <color name="delete_button_text_color">#ff3320</color>
    <color name="disable_button_text_color">#41ffffff</color>
    <color name="folder_list_header_border_color">#33ffffff</color>
    <color name="chips_drop_down_item_bg">H7_BACKGROUND_PRESS</color>
    <color name="general_lisg_bg_pressed">#1affffff</color>
    <color name="general_lisg_divider_normal">#33ffffff</color>
    <color name="toolbar_text_default_for_pad">#99FFFFFF</color>
    <color name="toolbar_text_default_pressed_for_pad">#80FFFFFF</color>
    <color name="toolbar_text_default_disabled_for_pad">#33ffffff</color>
    <color name="conversation_list_default_for_pad">H7_BACKGROUND_PRESS</color>
    <color name="cover_pane_color_for_pad">#33ffffff</color>
    <color name="empty_list_color">#66ffffff</color>
    <color name="status_bar_bg_color">H7_ACTIONBAR</color>
    <color name="status_bar_bg_color_with_drawer">H7_ACTIONBAR</color>
    <color name="multiselect_button_delete_text_color">#ffd43e25</color>
    <color name="gray_text_color">#80ffffff</color>
    <color name="attachment_bg_color">#33dddddd</color>
    <color name="swiped_bg_color">H7_BACKGROUND_PRESS</color>
    <color name="holo_light_background_color">H7_BACKGROUND_PRESS</color>
    <color name="default_folder_background_color">H7_BACKGROUND_PRESS</color>
    <color name="list_background_color">H7_BACKGROUND_PRESS</color>
    <color name="conversation_view_border_color">#33ffffff</color>
    <color name="letter_tile_font_color">#ffffff</color>
    <color name="tile_divider_color">#33ffffff</color>
    <!--<color name="search_result_key_foreground_color">#ff12d4dc</color>-->
    <color name="recurrence_bubble_text_color">#ffffff</color>
    <color name="add_new_account_text_color">H7_ACCENT_COLOR</color>
    <color name="avatar_unread_count_color">#FFFFFF</color>
    <color name="menu_state_pressed_dark_icon">H7_ACCENT_COLOR</color>
    <color name="menu_state_focused_dark_icon">H7_ACCENT_COLOR</color>
    <color name="menu_state_selected_dark_icon">H7_ACCENT_COLOR</color>
    <color name="menu_state_disabled_dark_icon">H7_ACCENT_COLOR_DISABLED</color>
    <color name="menu_state_default_dark_icon">H7_ACCENT_COLOR</color>
    <color name="searchview_container_background_color">H7_ACTIONBAR</color>
    <color name="searchview_inner_background_color">#33ffffff</color>
    <color name="drawer_background_color">H7_BACKGROUND</color>
    <color name="subject_text_color_unread">#ff9800</color>
    <color name="senders_text_color_unread">#ff9800</color>
    <color name="subject_text_color_read">#80ffffff</color>
    <color name="senders_text_color_read">#80ffffff</color>
    <color name="ic_folder_color">#7fffffff</color>
    <color name="ic_no_email_color">#4Dffffff</color>
    <color name="chips_text_color">#ffffff</color>
    <color name="search_view_hint_font_color">#33ffffff</color>
    <color name="search_view_font_color">#ffffff</color>
    <color name="tips_bg_color">H7_BACKGROUND_TWO</color>
    <color name="message_label">#7fffffff</color>
    <color name="wait_for_sync_bg_color">H7_ACTIONBAR</color>
    <color name="default_shadow_start_color">H7_ACTIONBAR</color>
    <color name="folder_title_count_bg_color">H7_BACKGROUND_TWO</color>
    <color name="folder_title_count_color">#ffffff</color>
    <color name="searchview_in_actionbar_background_color">H7_BACKGROUND_TWO</color>
    <color name="list_load_more_view_normal_text_color">H7_ACCENT_COLOR</color>
    <color name="text_primary_color">#ffffffff</color>
    <color name="account_setup_account_type_exchange_action">H7_ACTIONBAR</color>
    <color name="account_setup_other_action">H7_ACCENT_COLOR</color>
    <color name="folder_name_text_color">#ffffff</color>
    <color name="account_name_text_color">#7fffffff</color>
    <color name="actionbar_spinner_text_color">#ffffff</color>
    <color name="searchview_inner_background_color_in_actionbar">#33ffffff</color>
    <color name="search_result_key_foreground_color">H7_ACCENT_COLOR</color>
    <color name="secure_star_icon_color">#7fffffff</color>
    <color name="vip_icon_for_message_title_color">#7fffffff</color>
    <color name="mdm_account_password_bg_color">H7_ACTIONBAR</color>
    <color name="email_cust_actionbar_icon_color">H7_ACCENT_COLOR</color>
    <color name="email_cust_actionbar_icon_color_pressed">H7_ACCENT_COLOR</color>
    <color name="email_cust_actionbar_icon_color_disabled">H7_ACCENT_COLOR_DISABLED</color>
    <!-- Add for smime  -->
    <color name="ic_sign_list_color">#7fffffff</color>
    <color name="ic_sign_normal">#2196f3</color>
    <color name="chip_red_color">#ef0e0e</color>
    <color name="ic_sign_detail_color">#4dffffff</color>
    <color name="oauth2_failed_color">#80ffffff</color>
    <!-- DTS2018032011481 l00248649 20180329 begin -->
    <color name="translate_area_bg">H7_ACTIONBAR</color>
    <color name="translate_text_button_color">H7_ACCENT_COLOR</color>
    <color name="translate_text_color">#808080</color>
    <color name="translated_text_color">#CCCCCC</color>
    <color name="translated_service_text_color">#FFFFFF</color>
    <color name="translated_service_content_color">#80FFFFFF</color>
    <color name="ic_translated_expand_arrow_color">#E6E6E6</color>
    <color name="ic_translated_expand_cancel_color">#E6E6E6</color>
    <!-- DTS2018032011481 l00248649 20180329 end -->
    <color name="exchange_notice_bottom_text_color">#80FFFFFF</color>
    <color name="light_gray">H7_ACTIONBAR</color>
    <color name="subheader_header_splitter_color">H7_ACTIONBAR</color>
    <color name="bottom_toolbar_for_pad">H7_ACTIONBAR</color>
    <color name="chips_item_bg">H7_ACTIONBAR</color>
    <!-- EMUI Primary Colors -->
    <color name="emui_primary">#E6E6E6</color>
    <color name="emui_primary_disable">#4dE6E6E6</color>
    <color name="emui_accent">H7_ACCENT_COLOR</color>
    <color name="emui_white">H7_BACKGROUND_TWO</color>
    <!-- Black and Gray Shades -->
    <color name="emui_black">#FFFFFF</color>
    <color name="emui_color_gray_1">H7_ACTIONBAR</color>
    <color name="emui_color_gray_2">H7_ACTIONBAR</color>
    <color name="emui_color_gray_3">H7_ACTIONBAR</color>
    <color name="emui_color_gray_4">H7_ACTIONBAR</color>
    <color name="emui_color_gray_5">#4D4D4D</color>
    <color name="emui_color_gray_6">#666666</color>
    <color name="emui_color_gray_7">#808080</color>
    <color name="emui_color_gray_8">#B3B3B3</color>
    <color name="emui_color_gray_9">#CCCCCC</color>
    <color name="emui_color_gray_10">#E6E6E6</color>
    <!-- Functional Colors -->
    <color name="emui_functional_red">#ED2A2B</color>
    <color name="emui_functional_green">#3DB03D</color>
    <color name="emui_functional_blue">H7_ACCENT_COLOR</color>
</resources>