﻿<?xml version="1.0" encoding="utf-8"?>
<!-- desxxxfdual2card created -->


<resources>

<color name="emui_primary_text_dark_disabled">#4cffffff</color>

<color name="emui_text_dark">#ffffff</color>

<color name="emui_list_primary_default">#ffffff</color>

<color name="emui_summary_text_dark_disabled">#4cffffff</color>
 
<color name="emui_text_summary_dark">#80ffffff</color>
 
<color name="emui_list_summary_default">#80ffffff</color>

<!-- DTS2015020700341 tangguibin/00214430 20150207 begin -->

<color name="emui_text_nomal_dark">#A6ffffff</color>
  
<!-- DTS2015020700341 tangguibin/00214430 20150207 end -->

<!-- BEGIN PN:02160512001 ,Added by zhaojinlong/z00292255, 2016/05/12 -->
 
<!-- 50% transparency-->

<color name="emui_text_half_dark">#7Fffffff</color>

<color name="emui_text_full_dark">#ffffff</color>

<color name="emui_edit_text_hint_dark">#4De6e6e6</color>

<!-- BEGIN PN:02160512001 ,Added by zhaojinlong/z00292255, 2016/05/12 -->


<color name="emui_text_nomal_dark">#80ffffff</color>

<color name="preference_divider_grey">#33ffffff</color>

<color name="nano_sim_card_normal_default">#80ffffff</color>

<color name="nano_sim_card_on_default">H7_ACCENT_COLOR</color>

<color name="nano_sim_card_off_default">#33ffffff</color>

<color name="arrow_default">#33ffffff</color>

<color name="card_background">H7_ACTIONBAR</color>^

<color name="pressed_color">#0c97ee</color>

<color name="emui_primary">#FFE6E6E6</color>

<color name="emui_white">H7_ACTIONBAR</color>

<color name="emui_color_gray_1">H7_BACKGROUND</color>

<color name="emui_color_grey">#808080</color>

<color name="disable_color">#4DE6E6E6</color>

<color name="emui_primary_title_text_dark_disabled">#33ffffff</color>

<color name="ic_point_color">#E6E6E6</color>

</resources>
