<?xml version="1.0" encoding="UTF-8"?><!-- desxxxfdual2card created --><resources>








 

 


<!-- DTS2015020700341 tangguibin/00214430 20150207 begin -->


  
<!-- DTS2015020700341 tangguibin/00214430 20150207 end -->

<!-- BEGIN PN:02160512001 ,Added by zhaojinlong/z00292255, 2016/05/12 -->
 
<!-- 50% transparency-->







<!-- BEGIN PN:02160512001 ,Added by zhaojinlong/z00292255, 2016/05/12 -->








<color name="nano_sim_card_on_default">H7_ACCENT_COLOR</color>





<color name="card_background">H7_ACTIONBAR</color>^





<color name="emui_white">H7_ACTIONBAR</color>

<color name="emui_color_gray_1">H7_BACKGROUND</color>









</resources>