<?xml version="1.0" encoding="UTF-8"?><resources>
	<color name="qs_user_detail_name">H7_COLOR_SYSTEMUI_VERSION</color>
	<color name="brightness_bar_left_color">H7_COLOR_SYSTEMUI_VERSION</color>
	<color name="brightness_bar_right_color">H7_COLOR_SYSTEMUI_VERSION</color>
	<color name="volume_image_color">H7_COLOR_SYSTEMUI_VERSION</color>

	<color name="notification_material_background_dimmed_color">H7_BACKGROUND</color>

	<color name="qs_customize_background_color1">H7_COLOR_QSBG</color>
	<color name="qs_customize_background_color2">H7_COLOR_QSBG</color>
	<color name="qs_panel_background_color">H7_COLOR_QSBG</color>
	
	<color name="accessibility_volume_icon_color">H7_COLOR_SYSTEMUI_VERSION</color>
	<color name="brightness_image_color">H7_COLOR_SYSTEMUI_VERSION</color>
	<color name="brightness_image_color_dark">H7_COLOR_SYSTEMUI_VERSION</color>
	<color name="colorBlue">H7_COLOR_SYSTEMUI_VERSION</color>
	<color name="icon_flash_light_on_color">H7_COLOR_SYSTEMUI_VERSION</color>
	<color name="ksh_application_group_color">H7_COLOR_SYSTEMUI_VERSION</color>
	<color name="ksh_system_group_color">H7_COLOR_SYSTEMUI_VERSION</color>
	<color name="magazine_detail_link_text_color">H7_COLOR_SYSTEMUI_VERSION</color>
	<color name="settings_menu_color">H7_COLOR_SYSTEMUI_VERSION</color>
	<color name="system_accent_color">H7_COLOR_SYSTEMUI_VERSION</color>
	<color name="notification_guts_button_text_color">H7_COLOR_SYSTEMUI_VERSION</color>
	<color name="qs_tile_tint_on">H7_COLOR_SYSTEMUI_VERSION</color>
	<color name="qs_tile_tint_opening">H7_COLOR_SYSTEMUI_VERSION</color>
	<color name="qs_detail_button">H7_COLOR_SYSTEMUI_VERSION</color>
	<color name="qs_tile_tint_opening">H7_COLOR_SYSTEMUI_VERSION</color>
	<color name="docked_menu_bkg">H7_COLOR_SYSTEMUI_VERSION</color>
	<color name="docked_menu_press_bkg">H7_COLOR_SYSTEMUI_VERSION</color>
	<color name="global_screenshot_btn_ic_color">H7_COLOR_SYSTEMUI_VERSION</color>
	<color name="global_screenshot_edit_btn_ic_color">H7_COLOR_SYSTEMUI_VERSION</color>
	<color name="global_screenshot_long_screen_btn_ic_color">H7_COLOR_SYSTEMUI_VERSION</color>
	<color name="quick_settings_footer_dialog_text_color_link">H7_COLOR_SYSTEMUI_VERSION</color>
	<color name="ic_public_send_color">H7_COLOR_SYSTEMUI_VERSION</color>
	<color name="float_tips_settings_sub_txt_color">H7_COLOR_SYSTEMUI_VERSION</color>
	<color name="notification_manager_tip_color">H7_COLOR_SYSTEMUI_VERSION</color>
	<color name="mw_divide_bg">H7_COLOR_SYSTEMUI_VERSION</color>
	
	
	<color name="docked_menu_bkg">H7_COLOR_SYSTEMUI_VERSION</color>
	
	
	
	
	
	
	
	<color name="global_screenshot_btn_ic_color">H7_COLOR_SYSTEMUI_VERSION</color>
	<color name="global_screenshot_edit_btn_ic_color">H7_COLOR_SYSTEMUI_VERSION</color>
	<color name="global_screenshot_long_screen_btn_ic_color">H7_COLOR_SYSTEMUI_VERSION</color>
	
	
	
	
	
	
	
	<color name="qs_panel_background">H7_COLOR_QSBG</color>
	<color name="qs_customize_content_backgroundcolor">H7_COLOR_QSBG</color>
	
	
	
	<color name="qs_tile_tint_on">H7_COLOR_SYSTEMUI_VERSION</color>
	
	
	
	
	
	
	
	
    <bool name="gradient_color_enable">false</bool>
    <bool name="gradient_color_enable_dark">false</bool>
    <bool name="gradient_color_enable_translucent">false</bool>
    <bool name="hw_blur_effect_enable">false</bool>
    <bool name="emui_light_status_bar">true</bool>
    <bool name="emui_light_navigation_bar">true</bool>	
	
</resources>