<?xml version="1.0" encoding="UTF-8"?><resources>

    <color name="white">H7_BACKGROUND</color>
    
    <!-- 超链接的颜色 -->
    <color name="autolink_color">H7_ACCENT_COLOR</color>
    
    <color name="activity_bg">H7_BACKGROUND</color>
    
    
    
    
    
    
    
    
    
    
    

    <!-- 删除红色字体 -->

    

    <!-- 列表item按下去颜色值 -->

    
    <drawable name="list_item_bg">H7_BACKGROUND</drawable>
    <drawable name="list_header_bg">H7_BACKGROUND</drawable>
    <drawable name="activity_bg">H7_BACKGROUND</drawable>

    <!-- 列表item选中状态的颜色值 -->

    

    <!-- 蓝色title文字颜色 -->

    <color name="title_text_color">H7_ACCENT_COLOR</color>

    <!-- title文字下方分割线颜色 -->

    <color name="title_divider_line">H7_ACCENT_COLOR</color>

    

    <color name="top_bar_bg_white">H7_BACKGROUND</color>
    
    
    
    
    
    

    <!-- 超链接的颜色 -->

    <color name="autolink_color">H7_ACCENT_COLOR</color>
    <color name="blue_emui5_text">H7_ACCENT_COLOR</color>
    
    

    <!-- clone -->

    <!-- 列表item按下去和选中状态的颜色值 -->

    <drawable name="item_press_bg">H7_ACCENT_COLOR_PRESS</drawable>

    <!-- 网格点击色 -->

    

    <!-- 蓝色title文字颜色 -->

    

    <!-- 以下为手机克隆添加的 -->

    
    
    
    

    

    
    
    
    
    
    
    
    
    
    
    
    
    

    <!-- 超链接的颜色 -->

    

    <!-- 功能介绍界面详情介绍字体颜色 -->

    
    <color name="blue_color">H7_ACCENT_COLOR</color>
    <color name="blue_color_50">H7_ACCENT_COLOR_PRESS</color>
    
    
    
    
    
    <color name="blue_text_color">H7_ACCENT_COLOR</color>
    
    
    

    <!-- 备份管理界面介质选择颜色 -->

    <color name="medium_row_default_bg">H7_BACKGROUND</color>
    
    
    

    <!-- EMUI 4.0 小面积雅兰色 -->

    <color name="small_area_jalam">H7_ACCENT_COLOR</color>
    <color name="small_area_jalam_disable">H7_ACCENT_COLOR_DISABLED</color>

    <!-- qrcode -->

    
    
    
    
    
    
    <color name="viewfinder_mask">H7_BACKGROUND_PRESS</color>

    <!-- <color name="viewfinder_frame">#ff00c0ff</color> -->

    
    
    <color name="text_color">H7_ACCENT_COLOR</color>
    <color name="text_color_press">H7_ACCENT_COLOR</color>
    
    
    <color name="all_background_color">H7_BACKGROUND</color>
    
    
    
    
    
    
    
    <color name="clone_white_actionbar">H7_BACKGROUND</color>
    
	
	  <color name="feedback_blue">H7_ACCENT_COLOR</color>
    <color name="feedback_title_bar_unnormal_color">H7_BACKGROUND_PRESS</color>
    <color name="feedback_transparent">H7_BACKGROUND00</color>
    
    
    
    
    
    
    
  
<!--     30% -->
    
	
	<color name="feedback_highlight_color_old">H7_ACCENT_COLOR_DISABLED</color> 
	
	
	<color name="feedback_highlight_color">H7_ACCENT_COLOR</color>
	<!-- 20%透明度 -->
	<color name="feedback_highlight_color_disable">H7_ACCENT_COLOR_DISABLED</color>
	
	<color name="feedback_blue_disable">H7_ACCENT_COLOR_DISABLED</color>
	
	
	
	
	<color name="feedback_smarthelper_user_textview_bg">H7_ACCENT_COLOR</color>
	
	<color name="feedback_black_03">H7_BACKGROUND_PRESS</color>
	
	<color name="feedback_spannable_click_color">H7_ACCENT_COLOR</color>
	<!-- 多主题适配 -->
	
	
	
	
	<!--EMUI 9.0 Colors 需要UX给出主题颜色值-->
    <color name="emui_primary">H7_ACCENT_COLOR</color>
    <color name="emui_accent">H7_ACCENT_COLOR</color>
    
    
    
    
    
    
    
    
    
    
    
    
    
    
    
    
    <color name="emui_functional_blue">H7_ACCENT_COLOR</color>

    
</resources>