<?xml version="1.0" encoding="UTF-8"?><resources>
    <color name="pad_numeric_background_color">H7_ACTIONBAR</color>
    <color name="pad_advanced_background_color">H7_ACTIONBAR</color>
    <drawable name="pad_advanced_background_press_color">H7_ACTIONBAR</drawable>
    <color name="divider_color">H7_BACKGROUND</color>
    <color name="pad_background_color">H7_BACKGROUND</color>
    <drawable name="pad_operator_normal_color">H7_BACKGROUND</drawable>
    <drawable name="bg_calculater_number_pressed">H7_ACTIONBAR</drawable>
    <drawable name="bg_calculater_portrait_equalitybg_pressed">H7_COLOR_CALCULATOR</drawable>
    <drawable name="bg_calculater_portrait_equalitybg_normal">H7_COLOR_CALCULATOR</drawable>
	<color name="digitNormalBg">H7_ACTIONBAR</color>
    <color name="digit_bg_normal_night">H7_ACTIONBAR</color>
    <color name="digit_bg_press_night">H7_ACTIONBAR</color>
</resources>