<?xml version="1.0" encoding="UTF-8"?><resources>





	<!--   sns  -->
	<!-- 投诉提示文字 -->
	<color name="sns_complain_notice">H7_ACCENT_COLOR</color>

	<!-- 投诉种类选择文字链接颜色 -->
	<color name="sns_stop_visit_url_learn_more_unpress">H7_ACCENT_COLOR</color>
	<color name="sns_stop_visit_url_learn_more_press">H7_ACCENT_COLOR_PRESS</color>

	<!-- 小助手菜单文字 -->
	<color name="sns_assist_menu_normal_text_color">H7_ACCENT_COLOR</color>
	<color name="sns_assist_menu_pressed_text_color">H7_ACCENT_COLOR_PRESS</color>

	<!-- 聊天界面发送方背景图 -->
	<color name="sns_chat_right_background_normal_bg">H7_ACCENT_COLOR</color>
	<color name="sns_chat_right_background_pressed_bg">H7_ACCENT_COLOR_PRESS</color>

	<!-- 按钮文字颜色 -->
	<color name="sns_button_text_nomal">H7_ACCENT_COLOR</color>
	<color name="sns_button_text_pressed">H7_ACCENT_COLOR_PRESS</color>

	<!-- 5.0版本tab的文本颜色 -->
	<color name="sns_tab_color_emui5_selected">H7_ACCENT_COLOR</color>

	<!-- 高亮文字颜色 -->
	<color name="sns_search_word_color">H7_ACCENT_COLOR</color>

	<!-- Color of the background of the contact detail and editor pages -->
    
    <!-- 搜索联系人字母高亮显示 -->
    <color name="sns_zimu_color">H7_BACKGROUND</color>
    
    <color name="sns_white">H7_ACTIONBAR</color>

	<color name="sns_background_90_percent">H7_ACTIONBAR</color>

    <color name="sns_assist_msg_bg_color">H7_ACTIONBAR</color>
    <color name="sns_chat_left_msg_bg_pressed">H7_ACTIONBAR</color>

    <!-- 100% white -->
    
    <!-- 90% white -->
    
    <!-- 80% white -->
    
    <!-- 60% white -->
    
    <!-- 50% white -->
    
    <!-- 20% white -->
    
    <!-- 0% white -->
    

    <!-- 85% black -->
    
    <!-- 80% black -->
    
    <!-- 75% black -->
    
    <!-- 90% black -->
    
    <!-- 65% black -->
    
    <!-- 50% black -->
    
    <!-- 100% black -->
    
    <!-- 30% black -->
    
    <!-- 20% black -->
    
    <!-- 10% black -->
    
    <!-- 60% black -->
    
    
    
    
    <color name="sns_background">H7_BACKGROUND</color>
    
    
    <color name="sns_search_word_color">H7_ACCENT_COLOR</color>
    <!-- 2% black -->
    
    <!-- 3% black -->
    
    <!-- 85% -->
    
    <!-- 85% -->
    
    <color name="sns_emui4_default_color">H7_BACKGROUND</color>
    
    
    <!-- 删除的颜色 -->
    

    <!-- 100% -->
    
    

    <!-- 图片发送页面发送文字颜色 -->
    <color name="sns_photo_send">H7_ACCENT_COLOR</color>

    <!-- 面板背景颜色 -->
    <color name="sns_panel_bg">H7_BACKGROUND</color>

    <color name="album_list_bg">H7_BACKGROUND</color>

    <!-- 进度框颜色 -->
    
    

    <!-- M版本tab的文本颜色 -->
    
    <color name="sns_tab_color_emui4_selected">H7_ACCENT_COLOR</color>

    <!-- 默认tab的文本颜色 -->
    

    <!--图片预览界面标题文字颜色-->
    

    <!-- 新的朋友背景色 -->
    <color name="sns_new_friend_background_color">H7_ACCENT_COLOR_DISABLED</color>

    <!-- 相册列表选中的背景色 -->
    
    
    
    <!-- 好友选择器actionbar数字背景颜色 -->
    
    <!-- 30% black -->
    

	
    

    <!-- 选择数字气泡 -->
    
    

	
    <color name="sns_fast_search_pup_num_color">H7_ACCENT_COLOR</color>
    <!--系统通知号消息背景-->
    
    <!--系统通知号消息按压背景-->
    
    <!--系统通知号消息背景边框-->
    
    <!--系统通知号消息详情背景-->
    
    <!--系统通知号消息详情按压背景-->
    
    
    <!--底部栏颜色  95%透明度-->
    <color name="sns_bottom_navigation_bg_color">H7_ACTIONBAR</color>
    <!--输入框底色-->
    
    <!--主题颜色，用来判断当前是哪个主题，该颜色值不要变动，除了判断主题其他地方不要使用-->
    <color name="sns_check_theme_color">H7_BACKGROUND</color>

    <!--输入框底色-->
    

    <!--内置浏览器进度条颜色值-->
    <color name="sns_dowanload_progressbar_color">H7_ACCENT_COLOR</color>

	<!--链接背景色-->
    <color name="sns_chat_link_background">H7_ACTIONBAR</color>

	<!--输入框背景色-->
    <color name="sns_input_bg_color">H7_ACTIONBAR</color>

	<!--搜索选中框-->
    

	<!--粗分隔条颜色-->
    <color name="sns_divider_blod_color">H7_ACTIONBAR</color>

	<!--左边聊天框背景色 -->
    

    <!--左边聊天框选中背景色 -->
    

	<!--兼容非10.0的一级文本颜色 -->
    

	<!--选中背景色 -->
    

    <!-- 透明度38% 不可点击-->
    

	<!-- 社交背景色-->
    <color name="sns_bg_color">H7_BACKGROUND</color>


    <!--   push  -->

	 <!-- HMS push 用户协议文本颜色 -->
    
    <!-- HMS push 华为隐私政策文本颜色 -->
    <color name="hmspush_click_span">H7_ACCENT_COLOR</color>
	<!-- listview背景-->
	<color name="hwpush_bgcolor_gray">H7_BACKGROUND</color>
	<!-- list项的标题-->
	
	<!-- list项的内容-->
	
	<!-- list项下面的下划线-->
	
	<!-- 没有通知收藏的颜色-->
	

	<!--   hwid  -->
	<!--   问题反馈   -->
    
    
    
    
    
    
    
    
    
    

    <!--     30% -->
    

    
    
    
    <color name="feedback_highlight_color">H7_ACCENT_COLOR</color>
    <!-- 20%透明度 -->
    <color name="feedback_highlight_color_disable">H7_ACCENT_COLOR_DISABLED</color>
    
    

    
    

    <color name="feedback_smarthelper_user_textview_bg">H7_ACCENT_COLOR</color>

    

    
    <!-- 多主题适配 -->
    
    
    
    
    
	<color name="feedback_actionbar_bg">H7_ACTIONBAR</color>
	<!-- 多主题适配 -->
    
    
    
    
    
    
    
    
    <color name="CS_background">H7_BACKGROUND</color>
	<color name="CS_background_801_oversea">H7_BACKGROUND</color>
    
    
    
    
    <!-- textview jump color -->
    <color name="CS_textview_jump_color">H7_ACCENT_COLOR</color>
    <!-- 90% black -->
    
    
    <!-- 85% black -->
    
    <!-- use both_black_85 black in oobe and not oobe -->
    
    <!-- 75% black -->
    
    <!-- 70% black -->
    
    <!-- 65% black -->
    
    <!-- 50% black -->
    
    <!-- 30% black -->
    
    <!-- 15% black -->
    
    <!-- 10% black -->
    
    <!-- 5% black -->
    
	
    <!-- red delete -->
    

    <color name="CS_more_detail">H7_ACCENT_COLOR</color>

    <!-- 沉浸蓝-->
    

    
    
    
    <!-- 字体蓝色 -->
    <color name="CS_blue_color">H7_ACCENT_COLOR</color>
    
    

    
    
    
    

    <!-- 显示成8% 白色 -->
    

    

    
    

    <!-- 90% black -->
    
    
    <!-- 85% black -->
    
    <!-- 75% black -->
    
    <!-- 70% black -->
    
    <!-- 65% black -->
    
    <!-- 50% black -->
    
    <!-- 30% black -->
    
    <!-- 10% black -->
    
    <!-- 5% black -->
    

    

    <color name="cloudsetting_dowanload_progressbar_color">H7_ACCENT_COLOR</color>

    

    

    <!-- 字体蓝色 -->
    <color name="CS_blue_text">H7_ACCENT_COLOR</color>
    <color name="CS_blue_text_pressed">H7_ACCENT_COLOR_PRESS</color>
    <color name="CS_blue_text_20_percent">H7_ACCENT_COLOR_DISABLED</color>

    
    

    <!-- 账号中心 5.0主题颜色 -->
    <color name="cloudsetting_color_primary_theme5">H7_BACKGROUND</color>

    <color name="cloudsetting_color_actionbar_themecolor">H7_BACKGROUND</color>

    <!-- 在深色主题下，将要将改颜色值改为黑色 -->
    <color name="cloudsetting_white_needchange">H7_BACKGROUND</color>

    <!-- 登录验证框，在黑色主题下改为10的透明度 -->
    
    
    
    
    <!-- 字体蓝色 -->
    <color name="ql_blue_text">H7_ACCENT_COLOR</color>

    
    
    
    

	<!--   pay  -->
	
	<!-- agreement背景色 -->
    

	
    <!-- 通用黑色  95%透明-->
    
    <!-- 通用黑色  90%透明-->
    
    <!-- 通用黑色  85%透明-->
    
    <!-- 通用黑色  80%透明-->
    
    <!-- 通用黑色  75%透明-->
    
    <!-- 通用黑色  70%透明-->
    
    <!-- 通用黑色  65%透明-->
    
    <!-- 通用黑色  60%透明-->
    
    <!-- 通用黑色  55%透明-->
    
    <!-- 通用黑色  50%透明-->
    
    <!-- 通用黑色  45%透明-->
    
    <!-- 通用黑色  40%透明-->
    
    <!-- 通用黑色  35%透明-->
    
    <!-- 通用黑色  30%透明-->
    
    <!-- 通用黑色  25%透明-->
    
    <!-- 通用黑色  20%透明-->
    
    <!-- 通用黑色  15%透明-->
    
    <!-- 通用黑色  10%透明-->
    
    <!-- 通用黑色  5%透明-->
    

    <!-- 通用白色  100%透明-->
    <color name="iap_common_white_100">H7_BACKGROUND</color>
    <!-- 通用白色  95%透明-->
    
    <!-- 通用白色  90%透明-->
    
    <!-- 通用白色  85%透明-->
    
    <!-- 通用白色  80%透明-->
    
    <!-- 通用白色  75%透明-->
    
    <!-- 通用白色  70%透明-->
    
    <!-- 通用白色  65%透明-->
    
    <!-- 通用白色  60%透明-->
    
    <!-- 通用白色  55%透明-->
    
    <!-- 通用白色  50%透明-->
    
    <!-- 通用白色  45%透明-->
    
    <!-- 通用白色  40%透明-->
    
    <!-- 通用白色  35%透明-->
    
    <!-- 通用白色  30%透明-->
    
    <!-- 通用白色  25%透明-->
    
    <!-- 通用白色  20%透明-->
    
    <!-- 通用白色  15%透明-->
    
    <!-- 通用白色  10%透明-->
    
    <!-- 通用白色  5%透明-->
    
    <!-- 0%透明度，纯透明色值-->
    

    <!--贴卡读号页面背景-->
    <color name="iap_read_card_number_flash_background">H7_BACKGROUND</color>
    <color name="iap_read_card_number_anim_background">H7_BACKGROUND</color>


    <!-- 2% black for pad offset bg -->
    <color name="iap_common_pad_offset_bg_color">H7_BACKGROUND</color>
    <!-- 应用通用默认背景色 -->
    

    <color name="iap_selection_devide_background">H7_ACTIONBAR</color>

    <!-- 添加银行卡界面 底部按钮背景 -->
    <color name="toolbar_bg_color">H7_ACTIONBAR</color>

    <!-- 协议弹框大小背景色 -->
    

    

    <!-- 密码键盘锁定数字颜色 -->
    


    <!-- wrap进度条背景颜色 -->
    <color name="iap_wrap_progress_background_color">H7_BACKGROUND</color>

    <color name="iap_f3_color">H7_BACKGROUND</color>
    

	
		<color name="iap_brandcolor">H7_ACCENT_COLOR</color>
    <color name="iap_brandcolor_7_f">H7_ACCENT_COLOR_PRESS</color>

	    <!-- 品牌色（主题色） -->
    <color name="iap_colorPrimary">H7_ACCENT_COLOR</color>
	    <!-- wrap进度条颜色 -->
    <color name="iap_wrap_progress_color">H7_ACCENT_COLOR</color>

    <!--弹框背景色，深色主题下显示灰色-->
    <color name="iap_dialog_bg_color">H7_ACTIONBAR</color>

    <!--深色主题花币充值页面“其他金额”字体的颜色-->
    <color name="iap_recharge_unit_text_color_a_33">H7_ACTIONBAR</color>

	<!--JOS-->
	<!-- 5% black -->
    
    <!-- 10% black -->
    
    <!-- 50% black -->
    
    <!-- 0% white -->
    

	<!-- FAST APP -->
    <color name="fastapp_blue_text_007dff">H7_ACCENT_COLOR</color>
    
    
	<!-- hwid start -->
	
    
    
    <color name="cs_emui_accent">H7_ACCENT_COLOR</color>
    <!--主题颜色，用来判断当前是哪个主题，该颜色值不要变动，除了判断主题其他地方不要使用-->
    <color name="hwid_check_theme_color">H7_BACKGROUND</color>
	<!-- hwid end -->


    <!-- Used in Common: default:hw_screen_background_gray H7_BACKGROUND hw_color #ffffffff hw_color_inverse H7_BACKGROUND
                         FROG   :hw_screen_background_gray #fff6f6f6 hw_color H7_BACKGROUND hw_color_inverse #ffffffff -->
    <drawable name="hw_screen_background_gray">H7_BACKGROUND</drawable>
    
    <color name="hw_color_inverse">H7_BACKGROUND</color>
    <!-- ListView Colors -->
    
	
    <!-- Progress bar -->
    <color name="emui_progressbar_loading_fill_color">H7_ACCENT_COLOR</color>
    <!-- Used in Dialog:Color will not be changed -->
    <color name="hw_black">H7_BACKGROUND</color>
    
    <color name="emui_white_dialog_bg">H7_ACTIONBAR</color>

    <!-- 华为divider颜色 -->
    

    <!-- Floating action button -->
    


    <!-- Used in SoundRecorder: default:hw_gray_a #ffffffff
                                FROG   :hw_gray_a #ff989898 -->
    

    <!-- Used in FileManager: default:hw_black_a  #ffbebebe hw_black_b #ffffffff
                              FROG   :hw_black_a  #ff1f1f1f hw_black_b #ffffffff
                              TMO    :hw_black_a  #ffbebebe hw_black_b #00ffffff -->
    
    

    <!-- Used in Messages: default:hw_unread_bgcolor #ff404040 hw_read_bgcolor  H7_BACKGROUND
                           FROG   :hw_unread_bgcolor #ffbbea80 hw_read_bgcolor  #ffffffff -->
    
    <color name="hw_read_bgcolor">H7_BACKGROUND</color>

    <!-- Used in STK: default:hw_dkgray #ffe0e0e0
                      FROG   :hw_dkgray #ff1f1f1f -->
    

    <!-- Used in BaseApp: default:hw_ampm_off #ff404040 hw_ampm_on #ffffffff hw_ltgrey #ffe0e0e0
                          FROG   :hw_ampm_off #ffb0b0b0 hw_ampm_on #ff404040 hw_ltgrey #ff404040-->
    
    
    

   <!-- Used in Settings and FileManager: Use in dialog not be changed
                                 default: hw_gray_b #bebebe hw_gray_c #ffa0a0a0-->
    
    

    <!-- Used in Settings: default:hw_gray_d #ff505050
                           FROG   :hw_gray_d #ffa0a0a0 -->
    

    <!-- Used in Launcher: default:hw_canvas_color #a5fe9a31 normal
                            FROG  :hw_canvas_color #a51ebe03 green
                            TMO   :hw_canvas_color #a5ff128c pink
                            JOY   :hw_canvas_color #a5eb0000 red   -->
    

    <!-- Used in Gallery.cropImage: default:hw_mauve_a #ffff8a00
                                    FROG   :hw_mauve_a #ffff8a00
                                    TMO    :hw_mauve_a #ffd407b3 -->
    

    <!-- Used in Calendar views: default:hw_title_header_background #ff212121 hw_title_header_text #ffbebebe
                                 FROG   :hw_title_header_background #ff88a8d0 hw_title_header_text #ffffffff -->

    
    

    <!-- Used in Contacts: default:textColor_dialer_highlight #fff6d705 IVY
                           FROG   :textColor_dialer_highlight #ff5ea800
                           TMO    :textColor_dialer_highlight #fff6d705
                           JOY    :textColor_dialer_highlight #ffdc0331 -->
    

    <!-- Used in Common for TMO BlackButton: default:hw_button_text H7_BACKGROUND
                                             TMO    :hw_button_text #ffffffff -->
    <color name="hw_button_text">H7_BACKGROUND</color>
    <!-- Used in phone-voicemail background: default:voicemail_background_theme H7_BACKGROUND
                                             FROG    :voicemail_background_theme #ffffffff  -->
    <color name="voicemail_background_theme">H7_BACKGROUND</color>
    <!-- Used in hw-launcher highlight: default:hw_menu_icon_focused H7_ACCENT_COLOR, hw_menu_icon_pressed H7_ACCENT_COLOR_PRESS
                                             FROG :hw_menu_icon_focused #ff9dec38, hw_menu_icon_pressed #ff7bbe26  -->
    <color name="hw_menu_icon_focused">H7_ACCENT_COLOR</color>
    <color name="hw_menu_icon_pressed">H7_ACCENT_COLOR_PRESS</color>
    <!-- Used in launcher2 highlight: default:hw_mainmenu_focused #ffff8e00, hw_mainmenu_pressed #ffffc300
                                             FROG :hw_mainmenu_focused #ff9dec38, hw_mainmenu_pressed #ff7bbe26  -->
    
    
    <!-- Used in phone-emergency: default:hw_emergency_dialer_bg H7_BACKGROUND
                                             FROG   :hw_emergency_dialer_bg #ff282828 -->
    <color name="hw_emergency_dialer_bg">H7_BACKGROUND</color>
    <!-- A really Emui switch font of white -->
    
    <!-- A really Emui text appearance of black-->
    <!-- RIGO_UI Modification -->
    
    <!-- RIGO_UI Modification -->
    
    
    
    
    <!-- RIGO_UI Modification -->
    
    <!-- A really Emui text appearance of 20% balck -->
    
    <!-- A really Emui text appearance of 20% balck -->
    
    <!--Highlighted text color-->
    <color name="emui_highlighted_text">H7_ACCENT_COLOR_PRESS</color>
    <!-- A light Emui shade of blue -->
    <color name="emui_blue_light">H7_ACCENT_COLOR</color>
    <color name="emui_custom_panel_background">H7_BACKGROUND</color>
    <!-- hint text color-->
    
    <!-- text inverse color for disalbed status-->
    
    <!-- RIGO_UI Modification -->
    
    <!-- secondary text color for the listItem with three lines-->
    
    
    <!-- secondary text color for disable 20% dark-->
    
    <!-- primary text color for disable 20% dark-->
    
    <!-- the color of TextArrowpreference's detail text when it's pressed-->
    <color name="emui_detail_text_pressed">H7_ACCENT_COLOR</color>
    <!-- A light Emui shade of green -->
    
    <!-- A dark Emui shade of blue -->
    <color name="emui_blue_dark">H7_ACCENT_COLOR</color>
    <!-- A dark Emui shade of green -->
    
    <!-- foreground color for windows -->
    <color name="emui_bright_foreground_light">H7_BACKGROUND</color>
    <!-- Inverse foreground color for windows -->
    
    <!-- RIGO_UI Modification -->
    
    <color name="emui_background_light">H7_ACTIONBAR</color>
    <!-- For ActionBar -->
    
    
    <!-- RIGO_UI Modification -->
    
    <color name="emui_dialog_blue_light">H7_ACCENT_COLOR</color>
    
    
    
    
    
    
    
    
    
    
    
    
    
    
    
    
    
    
    
    

    <!--RIGO_UI Modification -->
    
    
    
    
    
    
    
    
    
    
    
    
    
    
    
    
    
    
    
    
    
    
    
    
    
    <!-- colors for disable touch mode -->
    
    
    
     
    
    
    
    
    
    
    
    
    
    

    <color name="primary_emui_light">H7_ACTIONBAR</color>
    <color name="navigationbar_emui_light">H7_BACKGROUND</color>
    
    
    
    
    
    
    
    <color name="tab_title_selected_emui">H7_ACCENT_COLOR</color>
    <color name="tab_title_selected_pressed_emui">H7_ACCENT_COLOR</color>
    
    
    
    
    <color name="tab_title_selected_emui_dark">H7_ACCENT_COLOR</color>
    <color name="tab_title_selected_emui_emphasize">H7_ACCENT_COLOR</color>
    
    <color name="tab_title_selected_pressed_emui_emphasize">H7_ACCENT_COLOR</color>
    
    
    
    <color name="sub_tab_title_selected_pressed_emui">H7_ACCENT_COLOR</color>
    <color name="sub_tab_title_selected_emui">H7_ACCENT_COLOR</color>
    
    
    
    
    
    <color name="sub_tab_title_normal_emui_dark">H7_ACCENT_COLOR</color>
    
    
    
    

    <!-- LanguagePicker & RegionPicker colors -->
    
    
    
    
    
    
    
    
    
    
    
    
    
    
    <color name="toggle_button_off_bg_color_emui">H7_ACTIONBAR</color>
    
    <color name="accent_emui">H7_ACCENT_COLOR</color>
    <color name="accent_emui_pressed">H7_ACCENT_COLOR_PRESS</color>
    <color name="accent_emui_text_hightlight">H7_ACCENT_COLOR_PRESS</color>
    <color name="accent_emui_dark">H7_ACCENT_COLOR</color>
    <color name="accent_emui_emphasize">H7_ACCENT_COLOR</color>
    <color name="accent_emui_emphasize_pressed">H7_ACCENT_COLOR_PRESS</color>
    
    <color name="accent_emui_emphasize_disabled">H7_ACCENT_COLOR_DISABLED</color>
    
    
    
    
    
    <!--<color name="switch_bg_on_disable_emui">H7_ACCENT_COLOR_PRESS</color>-->
    <!--<color name="switch_bg_off_emui_dark">#33FFFFFF</color>-->
    <!--<color name="switch_bg_on_emui_dark">#B2FFFFFF</color>-->
    <!--<color name="switch_bg_off_disable_emui_dark">#19000000</color>-->
    <!--<color name="switch_bg_on_disable_emui_dark">#0CFFFFFF</color>-->
    
    
    
    
    <color name="accent_on_disable_emui">H7_ACCENT_COLOR_PRESS</color>
    
    
    <color name="accent_on_disable_dark_emui">H7_ACCENT_COLOR_DISABLED</color>
    
    
    <color name="accent_on_dark_emui">H7_ACCENT_COLOR</color>
    
    
    
    
    <color name="switch_on_disable_dark_emui">H7_ACCENT_COLOR_DISABLED</color>
    

    <!-- TextInputLayout -->
    
    <color name="clone_app_mark_bg_color">H7_ACCENT_COLOR</color>
    
    
    <color name="mw_divide_bg">H7_ACCENT_COLOR</color>
    
    

    
    

    
    
    
    
    
    <color name="emui_master_color_5">H7_ACCENT_COLOR</color>
    
    
    
    
    
    

    
    
    
    
    
    
    
    
    

    
    

    
    
    
    
    
    
    
    
    
    
    
    

    
    
    
    
    
    
    
    
    
    
    
    

    
    
    
    
    
    
    
    
    
    
    
    

    
    
    
    
    
	
	

    
    
    
    

 <!-- just for test, will be deleted in GP branch-->
    
    <!-- EMUI Primary Colors -->
    
    <color name="emui_accent">H7_ACCENT_COLOR</color>
    
	<color name="emui_white_bg">H7_BACKGROUND</color>
    <!-- EMUI Secondary Colors -->
    
    <color name="emui_color_2">H7_ACCENT_COLOR</color>
    
    
    
    
    
    
    
    
    
    <!-- Black and Gray Shades -->
    
    <color name="emui_color_gray_1">H7_ACTIONBAR</color>
    <color name="emui_color_gray_2">H7_ACTIONBAR</color>
    <color name="emui_color_gray_3">H7_ACTIONBAR</color>
    <color name="emui_color_gray_4">H7_ACTIONBAR</color>
    
    
    
    
    
    
    <!-- Functional Colors -->
    
    
    <color name="emui_functional_blue">H7_ACCENT_COLOR</color>
    <!-- HwCard -->
    
    <!-- HwToolbar menu Colors -->
    <color name="hwtoolbar_menu_clicked_emui">H7_ACCENT_COLOR</color>
    <color name="hwtoolbar_background">H7_ACTIONBAR</color>
    <color name="hwtoolbar_splitbackground">H7_ACTIONBAR</color>
    
    
    
	

    <!-- translucent -->
    
    

    <!-- AlphaIndexerListView Colors -->
    
    <color name="alphaindexer_selected_alpha_color">H7_ACCENT_COLOR</color>
    
    
    
		<!-- EMUI9.1系统控件HwButton Colors -->
   
   

   
   

       <!-- EMUI9.1系统控件hwbottomnavigation -->
    <color name="hwbottomnavigationview_bg">H7_ACTIONBAR</color>
    
    
    <!-- EMUI9.1系统控件hwcheckbox -->
        <!--对勾-->
    
    <!--off 填充-->
    <color name="hwcheckbox_off_mask">H7_BACKGROUND</color>

    <!--dark disable对勾-->
    
    <!--dark off disable线框-->
    
    <!--dark on enable填充-->
    <color name="hwcheckbox_accent_on_dark_emui">H7_ACCENT_COLOR</color>
    <!--dark off线框-->
    
    <!--dark 对勾-->
    
    <!-- EMUI9.1系统控件hwdivider-->
    
    
    <!-- EMUI9.1系统控件HwDotsPageIndicator Colors -->
    <color name="hwdotspageindicator_emui_primary">H7_ACCENT_COLOR</color>
    
    
    <!-- EMUI9.1系统控件HwEditText-->
    
    
    <!-- EMUI9.1系统控件hwradiobutton-->
    <!--off 内部填充-->
    <color name="hwradiobutton_off_mask">H7_BACKGROUND</color>
    <!--animation end color-->
    
    <!--dark theme-->
    <!--dark on 外圈填充-->
    <color name="hwradiobutton_accent_on_disable_dark_emui">H7_ACCENT_COLOR_DISABLED</color>
    <!--dark on disable内圈填充-->
    
    <!--dark off disable 外框-->
    
    <!--dark on enable 外圈填充-->
    <color name="hwradiobutton_accent_on_dark_emui">H7_ACCENT_COLOR</color>
    <!--dark on enable 内圈填充-->
    
    <!--dark off enable 外框-->
    
    <!-- EMUI9.1系统控件hwsearchview-->
    <color name="hwsearchview_accent_emui_pressed">H7_ACCENT_COLOR_PRESS</color>
    
    
    <!--EMUI9.1系统控件HwSpinner Colors-->
    
    
    
    
    
    
    
    
    
    
    
    
    <color name="hwspinner_accent_emui_dark">H7_ACCENT_COLOR</color>
    
    
    <color name="hwspinner_accent_emui_emphasize_disabled">H7_ACCENT_COLOR_DISABLED</color>
    <color name="hwspinner_accent_emui_emphasize_pressed">H7_ACCENT_COLOR_PRESS</color>
    <color name="hwspinner_accent_emui_emphasize">H7_ACCENT_COLOR</color>
    
    

    <!--EMUI9.1系统控件HwSwitch Colors-->
    
    
    
    
    
    
    <color name="hwswitch_on_disable_dark_emui">H7_ACCENT_COLOR_DISABLED</color>
    

    
    
    <color name="hwswitch_accent_emui">H7_ACCENT_COLOR</color>
    <color name="hwswitch_accent_on_dark_emui">H7_ACCENT_COLOR</color>
    
    

    <!--主题颜色-->
    

    <!--10.0控件适配-->
    <color name="emui_accent">H7_ACCENT_COLOR</color>
    <color name="emui_accent_inverse">H7_ACCENT_COLOR</color>
    <color name="emui_accent_pressed">H7_ACCENT_COLOR</color>
    
    
    
    
    
    
    <color name="emui_color_2">H7_ACCENT_COLOR</color>
    
    
    
    
    
    
    
    
    
    
    
    
    
    
    
    
    
    
    <color name="emui_color_text_highlight">H7_ACCENT_COLOR_PRESS</color>
    
    
    
    
    <color name="emui_control_highlight">H7_ACCENT_COLOR</color>
    
    
    <color name="emui_fab_bg_normal">H7_ACCENT_COLOR</color>
    
    
    <color name="emui_functional_blue">H7_ACCENT_COLOR</color>
    <color name="emui_functional_blue_inverse">H7_ACCENT_COLOR</color>
    
    
    
    
    
    
    
    
    
    
    
    
    <!--HwBottomNavigationView兼容非10.0 -->
    

    <!-- 实名认证引导语文本颜色：#000000 90%不透明 -->
    
    <!-- 副文本颜色：#000000 60%不透明 -->
    

    <!-- hw控件 -->
	
    
    
    <color name="hwsubtab_emui_color_bg">H7_BACKGROUND</color>
    <color name="hwsubtab_emui_subtab_text_on">H7_ACCENT_COLOR</color>
    
    <color name="hwsubtab_indicator_color">H7_ACCENT_COLOR</color>
    
    
    

    
    
    


    
    


    
    
    <color name="feedback_sdk_problem_question_info_bg">H7_ACTIONBAR</color>
    
    
    
    
    
    

    
    
    
    <color name="feedback_sdk_problem_photo_bg">H7_ACTIONBAR</color>
    
    
    
    <color name="feedback_sdk_common_btn_blue">H7_ACCENT_COLOR</color>
    
    
    
    
    <color name="feedback_sdk_tab_slider_bg_color_selected">H7_ACCENT_COLOR</color>
    <color name="feedback_sdk_action_bar_grey">H7_ACTIONBAR</color>
    
    <color name="feedback_sdk_notice_view_pad_background">H7_BACKGROUND</color>
    <color name="feedback_sdk_notice_view_background">H7_BACKGROUND</color>
    
    
    
    
    <color name="feedback_sdk_tab_slider_bg_color_selected_50">H7_ACCENT_COLOR_PRESS</color>
    

    <!--hwbutton-->
    <color name="hwbutton_functional_blue_disable">H7_ACCENT_COLOR_PRESS</color>
    

    <!-- alpha define dark -->
    
    
    
    
    
    
    
    

    <!--text color-->


    
    
    <!--button-->
    
    
    

    
    
    
    
    

    
    <!--button-->
    
    

    <!-- hwseekbar -->
    
    
    
    
    <color name="hwspinner_selector_background_color">H7_ACCENT_COLOR</color>
    

    

    <!--text color-->
    
    
    <!--track-->
    
    <!--thumb-->
    

    <!--datePicker-->
    
    <color name="hwdatepicker_alert_dialog_button_text_color">H7_ACCENT_COLOR</color>
    

    <!--卡片深色主题颜色-->
    <color name="cloudsetting_head_view_card_dark_background">H7_ACTIONBAR</color>
    
    
    

    

    
    
    
    <color name="feedback_tab_text_color_selected_20">H7_ACCENT_COLOR_DISABLED</color>

    <color name="center_background_color">H7_ACTIONBAR</color>
    <color name="emui_background">H7_BACKGROUND</color>
    

    <!-- PPS -->
    

    <!--faq help_and_service页面 start-->
    <!--通用异常错误页面pad下的背景色-->
    <color name="faq_sdk_notice_view_pad_background">H7_BACKGROUND</color>
    <!--通用异常错误页面的背景色-->
    <color name="faq_sdk_notice_view_background">H7_BACKGROUND</color>
    <!--通用异常页面的文字颜色-->
    
    <!--section的背景色-->
    
    <!--section的标题文字颜色-->
    
    <!--grid 分割线颜色-->
    
    <!--list 分割线颜色-->
    
    <!--list 选中状态背景色-->
    
    <!--list 每个item文字颜色-->
    
    <!--正常文本文字颜色-->
    
    <!--次级文本文字颜色-->
    
    <!--高亮文本文字颜色-->
    <color name="faq_sdk_label_highlight_text_color_normal">H7_ACCENT_COLOR</color>
    <!--list提示文本的颜色-->
    
    <!--主题颜色-->
    <color name="faq_sdk_action_bar_grey">H7_ACTIONBAR</color>
    
    <color name="faq_sdk_btn_blue">H7_ACCENT_COLOR</color>
    <!--自定义分享框背景色-->
    <color name="faq_sdk_share_bg">H7_ACTIONBAR</color>
    
    <color name="btn_blue">H7_ACCENT_COLOR</color>
    
    
    
    
    <color name="faq_sdk_category_menu_bg">H7_ACTIONBAR</color>
    <!--faq help_and_service页面 end-->

    <!-- ads kit适配深色主题资源 -->
    
    
    
    
    <color name="hiad_emui_white">H7_BACKGROUND</color>
    
    
    
    
    
    
    
    
    
    
    
    
    
    
    

    <color name="hiad_video_progress_blue">H7_ACCENT_COLOR</color>
    <color name="hiad_video_progress_buffer">H7_ACCENT_COLOR_DISABLED</color>
    
    
    
    <color name="hiad_video_buffer_progress_end">H7_ACCENT_COLOR</color>
    
    

    <!-- 下载按钮正常状态 -->
    
    
    
    <color name="hiad_down_normal_text">H7_ACCENT_COLOR_PRESS</color>

    <!--落地页下载按钮正常状态-->
    <color name="hiad_landing_app_down_normal_bg">H7_ACCENT_COLOR</color>
    <color name="hiad_landing_app_down_normal_bg_pressed">H7_ACCENT_COLOR_PRESS</color>

    

    <!-- 下载按钮下载状态 -->
    
    

    <!-- 下载按钮安装中状态 -->
    
    
    <color name="hiad_app_down_installing_text">H7_ACCENT_COLOR_PRESS</color>

    
    
    

    <color name="common_background">H7_BACKGROUND</color>

    <color name="manager_space_background">H7_BACKGROUND</color>
    
    <!--花币中心深色模式适配-->
    <color name="hcoin_background_start">H7_ACTIONBAR</color>
    <color name="hcoin_background_end">H7_ACTIONBAR</color>
    
    
    
    
    
    
    
    
    
    

    <!-- HMS优惠券深色主题下不要阴影色 -->
    









	<!--   sns  -->
	<!-- 投诉提示文字 -->
	<color name="sns_complain_notice">H7_ACCENT_COLOR</color>
	<!-- 投诉种类选择文字链接颜色 -->
	<color name="sns_stop_visit_url_learn_more_unpress">H7_ACCENT_COLOR</color>
	<color name="sns_stop_visit_url_learn_more_press">H7_ACCENT_COLOR</color>
	<!-- 小助手菜单文字 -->
	<color name="sns_assist_menu_normal_text_color">H7_ACCENT_COLOR</color>
	<color name="sns_assist_menu_pressed_text_color">H7_ACCENT_COLOR</color>
	<!-- 聊天界面发送方背景图 -->
	<color name="sns_chat_right_background_normal_bg">H7_ACCENT_COLOR</color>
	
	<!-- 按钮文字颜色 -->
	<color name="sns_button_text_nomal">H7_ACCENT_COLOR</color>
	<color name="sns_button_text_pressed">H7_ACCENT_COLOR</color>
	<!-- 5.0版本tab的文本颜色 -->
	<color name="sns_tab_color_emui5_selected">H7_ACCENT_COLOR</color>
	<!-- 高亮文字颜色 -->
	<color name="sns_search_word_color">H7_ACCENT_COLOR</color>
	<!-- Color of the background of the contact detail and editor pages -->
    
    <!-- 搜索联系人字母高亮显示 -->
    <color name="sns_zimu_color">H7_BACKGROUND</color>
    <color name="sns_zimu_bg_color">H7_ACCENT_COLOR</color>
    <color name="sns_white">H7_ACTIONBAR</color>
	<color name="sns_background_90_percent">H7_ACTIONBAR</color>
    <color name="sns_assist_msg_bg_color">H7_ACTIONBAR</color>
    
    <!-- 100% white -->
    
    <!-- 90% white -->
    
    <!-- 80% white -->
    
    <!-- 60% white -->
    
    <!-- 50% white -->
    
    <!-- 20% white -->
    
    <!-- 0% white -->
    
    <!-- 85% black -->
    
    <!-- 80% black -->
    
    <!-- 75% black -->
    
    <!-- 90% black -->
    
    <!-- 65% black -->
    
    <!-- 50% black -->
    
    <!-- 100% black -->
    
    <!-- 30% black -->
    
    <!-- 20% black -->
    
    <!-- 10% black -->
    
    <!-- 60% black -->
    
    
    
    
    <color name="sns_background">H7_BACKGROUND</color>
    
    
    <color name="sns_search_word_color">H7_ACCENT_COLOR</color>
    <!-- 2% black -->
    
    <!-- 3% black -->
    
    <!-- 85% -->
    
    <!-- 85% -->
    
    <color name="sns_emui4_default_color">H7_BACKGROUND</color>
    
    
    <!-- 删除的颜色 -->
    
    <!-- 100% -->
    
    
    <!-- 图片发送页面发送文字颜色 -->
    <color name="sns_photo_send">H7_ACCENT_COLOR</color>
    <!-- 面板背景颜色 -->
    <color name="sns_panel_bg">H7_BACKGROUND</color>
    <color name="album_list_bg">H7_BACKGROUND</color>
    <!-- 进度框颜色 -->
    
    
    <!-- M版本tab的文本颜色 -->
    
    <color name="sns_tab_color_emui4_selected">H7_ACCENT_COLOR</color>
    <!-- 默认tab的文本颜色 -->
    
    <!--图片预览界面标题文字颜色-->
    
    <!-- 新的朋友背景色 -->
    <color name="sns_new_friend_background_color">H7_ACCENT_COLOR_DISABLED</color>
    <!-- 相册列表选中的背景色 -->
    
    
    
    <!-- 好友选择器actionbar数字背景颜色 -->
    
    <!-- 30% black -->
    
	
    
    <!-- 选择数字气泡 -->
    
    
	
    <color name="sns_fast_search_pup_num_color">H7_ACCENT_COLOR</color>
    <!--系统通知号消息背景-->
    
    <!--系统通知号消息按压背景-->
    
    <!--系统通知号消息背景边框-->
    
    <!--系统通知号消息详情背景-->
    <color name="sns_assist_chat_text_detail_bg">H7_BACKGROUND_PRESS</color>
    <!--系统通知号消息详情按压背景-->
    
    
    <!--底部栏颜色  95%透明度-->
    <color name="sns_bottom_navigation_bg_color">H7_ACTIONBAR</color>
    <!--输入框底色-->
    
    <!--主题颜色，用来判断当前是哪个主题，该颜色值不要变动，除了判断主题其他地方不要使用-->
    <color name="sns_check_theme_color">H7_BACKGROUND</color>
    <!--输入框底色-->
    
    <!--内置浏览器进度条颜色值-->
    <color name="sns_dowanload_progressbar_color">H7_ACCENT_COLOR</color>
	<!--链接背景色-->
    <color name="sns_chat_link_background">H7_ACTIONBAR</color>
	<!--输入框背景色-->
    <color name="sns_input_bg_color">H7_ACTIONBAR</color>
	<!--搜索选中框-->
    
	<!--粗分隔条颜色-->
    <color name="sns_divider_blod_color">H7_ACTIONBAR</color>
	<!--左边聊天框背景色 -->
    
    <!--左边聊天框选中背景色 -->
    
	<!--兼容非10.0的一级文本颜色 -->
    
	<!--选中背景色 -->
    
    <!-- 透明度38% 不可点击-->
    
    <!--   push  -->
	 <!-- HMS push 用户协议文本颜色 -->
    
    <!-- HMS push 华为隐私政策文本颜色 -->
    <color name="hmspush_click_span">H7_ACCENT_COLOR</color>
	<!-- listview背景--> 
	<color name="hwpush_bgcolor_gray">H7_BACKGROUND</color> 
	<!-- list项的标题--> 
	 
	<!-- list项的内容--> 
	 
	<!-- list项下面的下划线--> 
	 
	<!-- 没有通知收藏的颜色--> 
	
	<!--   hwid  -->
	<!--   问题反馈   -->
    <color name="feedback_blue">H7_ACCENT_COLOR</color>
    
    
    
    
    
    
    
    
    
    <!--     30% -->
    
    
    
    
    <color name="feedback_highlight_color">H7_ACCENT_COLOR</color>
    <!-- 20%透明度 -->
    <color name="feedback_highlight_color_disable">H7_ACCENT_COLOR_DISABLED</color>
    
    <color name="feedback_blue_disable">H7_ACCENT_COLOR_DISABLED</color>
    
    
    <color name="feedback_smarthelper_user_textview_bg">H7_ACCENT_COLOR</color>
    
    <color name="feedback_spannable_click_color">H7_ACCENT_COLOR</color>
    <!-- 多主题适配 -->
    
    
    
    
    
	<color name="feedback_actionbar_bg">H7_ACTIONBAR</color>
	<!-- 多主题适配 -->
    
    
    
    
    
    
    
    
    <color name="CS_background">H7_BACKGROUND</color>
	<color name="CS_background_801_oversea">H7_BACKGROUND</color>
    
    
    
    <color name="CS_item_pressed">H7_ACCENT_COLOR_PRESS</color>
    <!-- textview jump color -->
    <color name="CS_textview_jump_color">H7_ACCENT_COLOR</color>
    <!-- 90% black -->
    
    
    <!-- 85% black -->
    
    <!-- use both_black_85 black in oobe and not oobe -->
    
    <!-- 75% black -->
    
    <!-- 70% black -->
    
    <!-- 65% black -->
    
    <!-- 50% black -->
    
    <!-- 30% black -->
    
    <!-- 15% black -->
    
    <!-- 10% black -->
    
    <!-- 5% black -->
    
	
    <!-- red delete -->
    
    <color name="CS_more_detail">H7_ACCENT_COLOR</color>
    <!-- 沉浸蓝-->
    <color name="CS_steep_blue">H7_ACCENT_COLOR</color>
    
    
    
    <!-- 字体蓝色 -->
    <color name="CS_blue_color">H7_ACCENT_COLOR</color>
    
    
    
    
    
    
    <!-- 显示成8% 白色 -->
    
    
    
    
    <!-- 90% black -->
    
    
    <!-- 85% black -->
    
    <!-- 75% black -->
    
    <!-- 70% black -->
    
    <!-- 65% black -->
    
    <!-- 50% black -->
    
    <!-- 30% black -->
    
    <!-- 10% black -->
    
    <!-- 5% black -->
    
    
    <color name="cloudsetting_dowanload_progressbar_color">H7_ACCENT_COLOR</color>
    
    <color name="cloudsetting_background_90_percent">H7_BACKGROUND_PRESS</color>
    <!-- 字体蓝色 -->
    <color name="CS_blue_text">H7_ACCENT_COLOR</color>
    <color name="CS_blue_text_pressed">H7_ACCENT_COLOR</color>
    <color name="CS_blue_text_20_percent">H7_ACCENT_COLOR_DISABLED</color>
    
    
    <!-- 账号中心 5.0主题颜色 -->
    <color name="cloudsetting_color_primary_theme5">H7_BACKGROUND</color>
    <color name="cloudsetting_color_actionbar_themecolor">H7_BACKGROUND</color>
    <!-- 在深色主题下，将要将改颜色值改为黑色 -->
    <color name="cloudsetting_white_needchange">H7_BACKGROUND</color>
    <!-- 登录验证框，在黑色主题下改为10的透明度 -->
    
    
    
    
    <!-- 字体蓝色 -->
    <color name="ql_blue_text">H7_ACCENT_COLOR</color>
    
    
    
    
	<!--   pay  -->
	
	<!-- agreement背景色 -->
    <color name="iap_agreement_bg">H7_BACKGROUND_PRESS</color>
	
    <!-- 通用黑色  95%透明-->
    
    <!-- 通用黑色  90%透明-->
    
    <!-- 通用黑色  85%透明-->
    
    <!-- 通用黑色  80%透明-->
    
    <!-- 通用黑色  75%透明-->
    
    <!-- 通用黑色  70%透明-->
    
    <!-- 通用黑色  65%透明-->
    
    <!-- 通用黑色  60%透明-->
    
    <!-- 通用黑色  55%透明-->
    
    <!-- 通用黑色  50%透明-->
    
    <!-- 通用黑色  45%透明-->
    
    <!-- 通用黑色  40%透明-->
    
    <!-- 通用黑色  35%透明-->
    
    <!-- 通用黑色  30%透明-->
    
    <!-- 通用黑色  25%透明-->
    
    <!-- 通用黑色  20%透明-->
    
    <!-- 通用黑色  15%透明-->
    
    <!-- 通用黑色  10%透明-->
    
    <!-- 通用黑色  5%透明-->
    
    <!-- 通用白色  100%透明-->
    <color name="iap_common_white_100">H7_BACKGROUND</color>
    <!-- 通用白色  95%透明-->
    <color name="iap_common_white_95">H7_BACKGROUND_PRESS</color>
    <!-- 通用白色  90%透明-->
    <color name="iap_common_white_90">H7_BACKGROUND_PRESS</color>
    <!-- 通用白色  85%透明-->
    <color name="iap_common_white_85">H7_BACKGROUND_PRESS</color>
    <!-- 通用白色  80%透明-->
    <color name="iap_common_white_80">H7_BACKGROUND_PRESS</color>
    <!-- 通用白色  75%透明-->
    <color name="iap_common_white_75">H7_BACKGROUND_PRESS</color>
    <!-- 通用白色  70%透明-->
    <color name="iap_common_white_70">H7_BACKGROUND_PRESS</color>
    <!-- 通用白色  65%透明-->
    <color name="iap_common_white_65">H7_BACKGROUND_PRESS</color>
    <!-- 通用白色  60%透明-->
    <color name="iap_common_white_60">H7_BACKGROUND_PRESS</color>
    <!-- 通用白色  55%透明-->
    <color name="iap_common_white_55">#H7_BACKGROUND_PRESS</color>
    <!-- 通用白色  50%透明-->
    <color name="iap_common_white_50">H7_BACKGROUND_PRESS</color>
    <!-- 通用白色  45%透明-->
    <color name="iap_common_white_45">H7_BACKGROUND_PRESS</color>
    <!-- 通用白色  40%透明-->
    <color name="iap_common_white_40">H7_BACKGROUND_PRESS</color>
    <!-- 通用白色  35%透明-->
    <color name="iap_common_white_35">H7_BACKGROUND_PRESS</color>
    <!-- 通用白色  30%透明-->
    <color name="iap_common_white_30">H7_BACKGROUND_PRESS</color>
    <!-- 通用白色  25%透明-->
    <color name="iap_common_white_25">H7_BACKGROUND_PRESS</color>
    <!-- 通用白色  20%透明-->
    
    <!-- 通用白色  15%透明-->
    
    <!-- 通用白色  10%透明-->
    <color name="iap_common_white_10">H7_BACKGROUND_PRESS</color>
    <!-- 通用白色  5%透明-->
    <color name="iap_common_white_5">H7_BACKGROUND_PRESS</color>
    <!-- 0%透明度，纯透明色值-->
    
    <!--贴卡读号页面背景-->
    <color name="iap_read_card_number_flash_background">H7_BACKGROUND</color>
    <color name="iap_read_card_number_anim_background">H7_BACKGROUND</color>
    <!-- 2% black for pad offset bg -->
    <color name="iap_common_pad_offset_bg_color">H7_BACKGROUND</color>
    <!-- 应用通用默认背景色 -->
    
    <color name="iap_selection_devide_background">H7_ACTIONBAR</color>
    <!-- 添加银行卡界面 底部按钮背景 -->
    
    <!-- 协议弹框大小背景色 -->
    
    
    <!-- 密码键盘锁定数字颜色 -->
    
    <!-- wrap进度条背景颜色 -->
    <color name="iap_wrap_progress_background_color">H7_BACKGROUND</color>
    <color name="iap_f3_color">H7_BACKGROUND</color>
    
	
		<color name="iap_brandcolor">H7_ACCENT_COLOR</color>
    
	    <!-- 品牌色（主题色） -->
    <color name="iap_colorPrimary">H7_ACCENT_COLOR</color>
	    <!-- wrap进度条颜色 -->
    <color name="iap_wrap_progress_color">H7_ACCENT_COLOR</color>
    <!--弹框背景色，深色主题下显示灰色-->
    
    <!--深色主题花币充值页面“其他金额”字体的颜色-->
    
	<!--JOS-->
	<!-- 5% black -->
    
    <!-- 10% black -->
    
    <!-- 50% black -->
    
    <!-- 0% white -->
    
	<!-- FAST APP -->
    <color name="fastapp_blue_text_007dff">H7_ACCENT_COLOR</color>
    
    
	<!-- hwid start -->
	
    
    
    <color name="cs_emui_accent">H7_ACCENT_COLOR</color>
    <!--主题颜色，用来判断当前是哪个主题，该颜色值不要变动，除了判断主题其他地方不要使用-->
    <color name="hwid_check_theme_color">H7_BACKGROUND</color>
	<!-- hwid end -->
    <!-- Used in Common: default:hw_screen_background_gray H7_BACKGROUND hw_color #ffffffff hw_color_inverse H7_BACKGROUND
                         FROG   :hw_screen_background_gray #fff6f6f6 hw_color H7_BACKGROUND hw_color_inverse #ffffffff -->
    <drawable name="hw_screen_background_gray">H7_BACKGROUND</drawable>
    
    <color name="hw_color_inverse">H7_BACKGROUND</color>
    <!-- ListView Colors -->
    	
	
    <!-- Progress bar -->
    <color name="emui_progressbar_loading_fill_color">H7_ACCENT_COLOR</color>
    <!-- Used in Dialog:Color will not be changed -->
    <color name="hw_black">H7_BACKGROUND</color>
    
    
    <!-- 华为divider颜色 -->
    
    <!-- Floating action button -->
    
    <!-- Used in SoundRecorder: default:hw_gray_a #ffffffff
                                FROG   :hw_gray_a #ff989898 -->
    
    <!-- Used in FileManager: default:hw_black_a  #ffbebebe hw_black_b #ffffffff
                              FROG   :hw_black_a  #ff1f1f1f hw_black_b #ffffffff
                              TMO    :hw_black_a  #ffbebebe hw_black_b #00ffffff -->
    
    
    <!-- Used in Messages: default:hw_unread_bgcolor #ff404040 hw_read_bgcolor  H7_BACKGROUND
                           FROG   :hw_unread_bgcolor #ffbbea80 hw_read_bgcolor  #ffffffff -->
    
    <color name="hw_read_bgcolor">H7_BACKGROUND</color>
    <!-- Used in STK: default:hw_dkgray #ffe0e0e0
                      FROG   :hw_dkgray #ff1f1f1f -->
    
    <!-- Used in BaseApp: default:hw_ampm_off #ff404040 hw_ampm_on #ffffffff hw_ltgrey #ffe0e0e0
                          FROG   :hw_ampm_off #ffb0b0b0 hw_ampm_on #ff404040 hw_ltgrey #ff404040-->
    
    
    
   <!-- Used in Settings and FileManager: Use in dialog not be changed
                                 default: hw_gray_b #bebebe hw_gray_c #ffa0a0a0-->
    
    
    <!-- Used in Settings: default:hw_gray_d #ff505050
                           FROG   :hw_gray_d #ffa0a0a0 -->
    
    <!-- Used in Launcher: default:hw_canvas_color #a5fe9a31 normal
                            FROG  :hw_canvas_color #a51ebe03 green
                            TMO   :hw_canvas_color #a5ff128c pink
                            JOY   :hw_canvas_color #a5eb0000 red   -->
    
    <!-- Used in Gallery.cropImage: default:hw_mauve_a #ffff8a00
                                    FROG   :hw_mauve_a #ffff8a00
                                    TMO    :hw_mauve_a #ffd407b3 -->
    
    <!-- Used in Calendar views: default:hw_title_header_background #ff212121 hw_title_header_text #ffbebebe
                                 FROG   :hw_title_header_background #ff88a8d0 hw_title_header_text #ffffffff -->
    
    
    <!-- Used in Contacts: default:textColor_dialer_highlight #fff6d705 IVY
                           FROG   :textColor_dialer_highlight #ff5ea800
                           TMO    :textColor_dialer_highlight #fff6d705
                           JOY    :textColor_dialer_highlight #ffdc0331 -->
    
    <!-- Used in Common for TMO BlackButton: default:hw_button_text H7_BACKGROUND
                                             TMO    :hw_button_text #ffffffff -->
    <color name="hw_button_text">H7_BACKGROUND</color>
    <!-- Used in phone-voicemail background: default:voicemail_background_theme H7_BACKGROUND
                                             FROG    :voicemail_background_theme #ffffffff  -->
    <color name="voicemail_background_theme">H7_BACKGROUND</color>
    <!-- Used in hw-launcher highlight: default:hw_menu_icon_focused #ffed6e00, hw_menu_icon_pressed #ffeaa300
                                             FROG :hw_menu_icon_focused #ff9dec38, hw_menu_icon_pressed #ff7bbe26  -->
    
    
    <!-- Used in launcher2 highlight: default:hw_mainmenu_focused #ffff8e00, hw_mainmenu_pressed #ffffc300
                                             FROG :hw_mainmenu_focused #ff9dec38, hw_mainmenu_pressed #ff7bbe26  -->
    
    
    <!-- Used in phone-emergency: default:hw_emergency_dialer_bg H7_BACKGROUND
                                             FROG   :hw_emergency_dialer_bg #ff282828 -->
    <color name="hw_emergency_dialer_bg">H7_BACKGROUND</color>
    <!-- A really Emui switch font of white -->
    
    <!-- A really Emui text appearance of black-->
    <!-- RIGO_UI Modification -->
    
    <!-- RIGO_UI Modification -->
    
    
    
    
    <!-- RIGO_UI Modification -->
    <color name="emui_popmenu_text_color">H7_BACKGROUND_PRESS</color>
    <!-- A really Emui text appearance of 20% balck -->
    
    <!-- A really Emui text appearance of 20% balck -->
    
    <!--Highlighted text color-->
    <color name="emui_highlighted_text">H7_ACCENT_COLOR_PRESS</color>
    <!-- A light Emui shade of blue -->
    
    <color name="emui_custom_panel_background">H7_BACKGROUND</color>
    <!-- hint text color-->
    
    <!-- text inverse color for disalbed status-->
    
    <!-- RIGO_UI Modification -->
    
    <!-- secondary text color for the listItem with three lines-->
    
    
    <!-- secondary text color for disable 20% dark-->
    
    <!-- primary text color for disable 20% dark-->
    
    <!-- the color of TextArrowpreference's detail text when it's pressed-->
    <color name="emui_detail_text_pressed">H7_ACCENT_COLOR</color>
    <!-- A light Emui shade of green -->
    
    <!-- A dark Emui shade of blue -->
    
    <!-- A dark Emui shade of green -->
    
    <!-- foreground color for windows -->
    <color name="emui_bright_foreground_light">H7_BACKGROUND</color>
    <!-- Inverse foreground color for windows -->
    
    <!-- RIGO_UI Modification -->
    
    
    <!-- For ActionBar -->
    
    
    <!-- RIGO_UI Modification -->
    
    
    
    
    
    
    
    
    
    
    
    
    
    <color name="emui_spinner_dropdown_item_default_dark">H7_BACKGROUND_PRESS</color>
    <color name="emui_spinner_dropdown_item_pressed_dark">H7_BACKGROUND_PRESS</color>
    <color name="emui_spinner_dropdown_item_disabled_dark">H7_BACKGROUND_PRESS</color>
    
    
    
    
    
    <color name="emui_time_axis_info_default">H7_BACKGROUND_PRESS</color>
    <!--RIGO_UI Modification -->
    
    
    
    
    
    
    
    
    
    
    
    
    
    
    
    
    
    
    
    
    
    
    
    
    
    <!-- colors for disable touch mode -->
    
    
    
     
    
    
    
    
    
    
    
    
    
    
    <color name="primary_emui_light">H7_ACTIONBAR</color>
    <color name="navigationbar_emui_light">H7_BACKGROUND</color>
    
    
    
    
    
    
    
    <color name="tab_title_selected_emui">H7_ACCENT_COLOR</color>
    <color name="tab_title_selected_pressed_emui">H7_ACCENT_COLOR</color>
    
    
    
    
    <color name="tab_title_selected_emui_dark">H7_ACCENT_COLOR</color>
    <color name="tab_title_selected_emui_emphasize">H7_ACCENT_COLOR</color>
    
    <color name="tab_title_selected_pressed_emui_emphasize">H7_ACCENT_COLOR</color>
    <color name="tab_bg_normal_emui">H7_BACKGROUND</color>
    
    <color name="tab_bg_normal_emui_emphasize">H7_ACTIONBAR</color>
    <color name="sub_tab_title_selected_pressed_emui">H7_ACCENT_COLOR</color>
    <color name="sub_tab_title_selected_emui">H7_ACCENT_COLOR</color>
    
    
    
    
    <color name="sub_tab_title_normal_pressed_emui_dark">H7_ACCENT_COLOR_DISABLED</color>
    <color name="sub_tab_title_normal_emui_dark">H7_ACCENT_COLOR</color>
    <color name="sub_tab_title_selected_pressed_emui_emphasize">H7_ACCENT_COLOR</color>
    <color name="sub_tab_title_selected_emui_emphasize">H7_ACCENT_COLOR</color>
    
    
    <!-- LanguagePicker & RegionPicker colors -->
    <color name="selected_text_item">H7_ACCENT_COLOR</color>
    
    <color name="hw_handle_color">H7_ACCENT_COLOR</color>
    
    
    
    
    
    
    
    
    
    
    
    <color name="toggle_button_off_bg_color_emui">H7_ACTIONBAR</color>
    
    <color name="accent_emui">H7_ACCENT_COLOR</color>
    <color name="accent_emui_pressed">H7_ACCENT_COLOR</color>
    
    <color name="accent_emui_dark">H7_ACCENT_COLOR</color>
    <color name="accent_emui_emphasize">H7_ACCENT_COLOR</color>
    <color name="accent_emui_emphasize_pressed">H7_ACCENT_COLOR</color>
    
    <color name="accent_emui_emphasize_disabled">H7_ACCENT_COLOR_DISABLED</color>
    
    
    
    
    
    <!--<color name="switch_bg_on_disable_emui">H7_ACCENT_COLOR_PRESS</color>-->
    <!--<color name="switch_bg_off_emui_dark">#33FFFFFF</color>-->
    <!--<color name="switch_bg_on_emui_dark">#B2FFFFFF</color>-->
    <!--<color name="switch_bg_off_disable_emui_dark">H7_BACKGROUND_PRESS</color>-->
    <!--<color name="switch_bg_on_disable_emui_dark">#0CFFFFFF</color>-->
    
    
    
    
    <color name="accent_on_disable_emui">H7_ACCENT_COLOR_PRESS</color>
    
    
    <color name="accent_on_disable_dark_emui">H7_ACCENT_COLOR_DISABLED</color>
    
    
    <color name="accent_on_dark_emui">H7_ACCENT_COLOR</color>
    
    
    
    
    <color name="switch_on_disable_dark_emui">H7_ACCENT_COLOR_DISABLED</color>
    <color name="switch_off_disable_dark_emui">H7_BACKGROUND_PRESS</color>
    <!-- TextInputLayout -->
    
    <color name="clone_app_mark_bg_color">H7_ACCENT_COLOR</color>
    
    <color name="mw_translucent_dark_bg">H7_BACKGROUND_PRESS</color>
    <color name="mw_divide_bg">H7_ACCENT_COLOR</color>
    
    
    
    
    
    
    
    
    
    <color name="emui_master_color_5">H7_ACCENT_COLOR</color>
    
    
    
    
    
    <color name="emui_master_color_11">H7_BACKGROUND</color>
    
    
    <color name="emui_black_color_alpha_10">H7_BACKGROUND_PRESS</color>
    
    <color name="emui_black_color_alpha_40">H7_BACKGROUND_PRESS</color>
    <color name="emui_black_color_alpha_50">H7_BACKGROUND_PRESS</color>
    <color name="emui_black_color_alpha_60">H7_BACKGROUND_PRESS</color>
    
    <color name="emui_black_color_alpha_100">H7_BACKGROUND</color>
    
    
    
    
    
    
    
    
    
    
    
    
    
    
    
    
    
    
    
    
    
    
    
    
    
    
    
    
    
    
    
    
    
    
    
    
    
    
    
    
    
    
    
	
	
    
    
    
    
 <!-- just for test, will be deleted in GP branch-->
    
    <!-- EMUI Primary Colors -->
    
    <color name="emui_accent">H7_ACCENT_COLOR</color>
    
	<color name="emui_white_bg">H7_BACKGROUND</color>
    <!-- EMUI Secondary Colors -->
    
    
    
    
    
    
    
    
    
    
    
    <!-- Black and Gray Shades -->
    
    <color name="emui_color_gray_1">H7_ACTIONBAR</color>
    
    <color name="emui_color_gray_3">H7_ACTIONBAR</color>
    
    
    
    
    
    
    
    <!-- Functional Colors -->
    
    
    
    <!-- HwCard -->
    
    <!-- HwToolbar menu Colors -->
    
    <color name="hwtoolbar_background">H7_ACTIONBAR</color>
    
    
    
    
	
    <!-- translucent -->
    
    
    <!-- AlphaIndexerListView Colors -->
    
    <color name="alphaindexer_selected_alpha_color">H7_ACCENT_COLOR</color>
    
    
    
		<!-- EMUI9.1系统控件HwButton Colors -->
   
   
   
   
       <!-- EMUI9.1系统控件hwbottomnavigation -->
    <color name="hwbottomnavigationview_bg">H7_ACTIONBAR</color>
    
    
    <!-- EMUI9.1系统控件hwcheckbox -->
        <!--对勾-->
    
    <!--off 填充-->
    <color name="hwcheckbox_off_mask">H7_BACKGROUND</color>
    <!--dark disable对勾-->
    
    <!--dark off disable线框-->
    
    <!--dark on enable填充-->
    <color name="hwcheckbox_accent_on_dark_emui">H7_ACCENT_COLOR</color>
    <!--dark off线框-->
    
    <!--dark 对勾-->
    
    <!-- EMUI9.1系统控件hwdivider-->
    
    
    <!-- EMUI9.1系统控件HwDotsPageIndicator Colors -->
    <color name="hwdotspageindicator_emui_primary">H7_ACCENT_COLOR</color>
    
    
    <!-- EMUI9.1系统控件HwEditText-->
    
    
    <!-- EMUI9.1系统控件hwradiobutton-->
    <!--off 内部填充-->
    <color name="hwradiobutton_off_mask">H7_BACKGROUND</color>
    <!--animation end color-->
    
    <!--dark theme-->
    <!--dark on 外圈填充-->
    <color name="hwradiobutton_accent_on_disable_dark_emui">H7_ACCENT_COLOR_DISABLED</color>
    <!--dark on disable内圈填充-->
    
    <!--dark off disable 外框-->
    
    <!--dark on enable 外圈填充-->
    <color name="hwradiobutton_accent_on_dark_emui">H7_ACCENT_COLOR</color>
    <!--dark on enable 内圈填充-->
    
    <!--dark off enable 外框-->
    
    <!-- EMUI9.1系统控件hwsearchview-->
    <color name="hwsearchview_accent_emui_pressed">H7_ACCENT_COLOR</color>
    
    
    <!--EMUI9.1系统控件HwSpinner Colors-->
    
    
    
    
    
    
    <color name="hwspinner_dropdown_item_default_dark">H7_BACKGROUND_PRESS</color>
    <color name="hwspinner_dropdown_item_pressed_dark">H7_BACKGROUND_PRESS</color>
    <color name="hwspinner_dropdown_item_disabled_dark">H7_BACKGROUND_PRESS</color>
    
    
    
    <color name="hwspinner_accent_emui_dark">H7_ACCENT_COLOR</color>
    
    
    <color name="hwspinner_accent_emui_emphasize_disabled">H7_ACCENT_COLOR_DISABLED</color>
    <color name="hwspinner_accent_emui_emphasize_pressed">H7_ACCENT_COLOR</color>
    <color name="hwspinner_accent_emui_emphasize">H7_ACCENT_COLOR</color>
    
    
    <!--EMUI9.1系统控件HwSwitch Colors-->
    
    
    
    
    
    
    <color name="hwswitch_on_disable_dark_emui">H7_ACCENT_COLOR_DISABLED</color>
    <color name="hwswitch_off_disable_dark_emui">H7_BACKGROUND_PRESS</color>
    
    
    <color name="hwswitch_accent_emui">H7_ACCENT_COLOR</color>
    <color name="hwswitch_accent_on_dark_emui">H7_ACCENT_COLOR</color>
    
    
    <!--主题颜色-->
    
    <!--10.0控件适配-->
    <color name="emui_accent">H7_ACCENT_COLOR</color>
    <color name="emui_accent_inverse">H7_ACCENT_COLOR</color>
    <color name="emui_accent_pressed">H7_ACCENT_COLOR</color>
    
    
    
    
    
    
    
    
    
    
    
    
    
    
    <color name="emui_color_bg">H7_BACKGROUND</color>
    
    
    
    
    
    
    
    
    
    
    <color name="emui_color_text_highlight">H7_ACCENT_COLOR_DISABLED</color>
    
    
    
    
    <color name="emui_control_highlight">H7_ACCENT_COLOR</color>
    
    
    <color name="emui_fab_bg_normal">H7_ACCENT_COLOR</color>
    
    
    <color name="emui_functional_blue">H7_ACCENT_COLOR</color>
    <color name="emui_functional_blue_inverse">H7_ACCENT_COLOR</color>
    
    <color name="emui_list_separator_text">H7_BACKGROUND_PRESS</color>
    
    
    
    
    
    
    
    
    
    
    <!--HwBottomNavigationView兼容非10.0 -->
    
    <!-- 实名认证引导语文本颜色：H7_BACKGROUND 90%不透明 -->
    
    <!-- 副文本颜色：H7_BACKGROUND 60%不透明 -->
    
    <!-- hw控件 -->
	
    
    
    <color name="hwsubtab_emui_color_bg">H7_BACKGROUND</color>
    <color name="hwsubtab_emui_subtab_text_on">H7_ACCENT_COLOR</color>
    
    <color name="hwsubtab_indicator_color">H7_ACCENT_COLOR</color>
    
    
    
    
    
    
    
    <color name="feedback_sdk_problem_question_info_bg">H7_ACTIONBAR</color>
    
    
    
    
    
    
    
    
    
    
    
    
    
    
    
    
    
    
    <color name="feedback_sdk_tab_slider_bg_color_selected">H7_ACCENT_COLOR</color>
    
    
    <color name="feedback_sdk_notice_view_pad_background">H7_BACKGROUND</color>
    <color name="feedback_sdk_notice_view_background">H7_BACKGROUND</color>
    
    
    
    
    <color name="feedback_sdk_tab_slider_bg_color_selected_50">H7_ACCENT_COLOR_PRESS</color>
    
    <!--hwbutton-->
    <color name="hwbutton_functional_blue_disable">H7_ACCENT_COLOR_DISABLED</color>
    
    <!-- alpha define dark -->
    
    
    
    
    
    
    
    
    <!--text color-->
    
    
    <!--button-->
    
    
    <color name="hwcheckbox_emui_white_bg">H7_BACKGROUND_PRESS</color>
    
    
    
    
    
    
    <!--button-->
    
    <color name="hwradiobutton_off_path_inner_bg">H7_BACKGROUND_PRESS</color>
    <!-- hwseekbar -->
    
    
    
    
    <color name="hwspinner_selector_background_color">H7_ACCENT_COLOR</color>
    
    
    <!--text color-->
    
    
    <!--track-->
    
    <!--thumb-->
    
    <!--datePicker-->
    
    <color name="hwdatepicker_alert_dialog_button_text_color">H7_ACCENT_COLOR</color>
    
    <!--卡片深色主题颜色-->
    <color name="cloudsetting_head_view_card_dark_background">H7_ACTIONBAR</color>
    
    
    
    
    
    
    <color name="feedback_tab_text_color_selected_20">H7_ACCENT_COLOR_DISABLED</color>
</resources>