<?xml version="1.0" encoding="utf-8"?>
<resources>
    <color name="display_formula_text_color">#ccffffff</color>
    <color name="display_result_text_color">#66ffffff</color>
    <color name="display_result_exponent_text_color">#40ffffff</color>
    <color name="pad_numeric_background_color">H7_ACTIONBAR</color>
    <color name="pad_advanced_background_color">H7_ACTIONBAR</color>
    <drawable name="pad_advanced_background_press_color">H7_ACTIONBAR</drawable>
    <color name="divider_color">H7_BACKGROUND</color>
    <color name="display_top_text_color">#66ffffff</color>
    <color name="pad_button_operator_text_color">#ffffff</color>
    <color name="pad_button_number_text_color">#CCffffff</color>
    <color name="pad_background_color">H7_BACKGROUND</color>
    <drawable name="pad_operator_normal_color">H7_BACKGROUND</drawable>
    <drawable name="bg_calculater_number_pressed">H7_ACTIONBAR</drawable>
    <drawable name="bg_calculater_portrait_equalitybg_pressed">H7_COLOR_CALCULATOR</drawable>
    <drawable name="bg_calculater_portrait_equalitybg_normal">H7_COLOR_CALCULATOR</drawable>
	
	<color name="digitNormalBg">H7_ACTIONBAR</color>
    <color name="digit_bg_normal_night">H7_ACTIONBAR</color>
    <color name="digit_bg_press_night">H7_ACTIONBAR</color>
	<color name="calculater_equality_color">H7_COLOR_CALCULATOR</color>
    <color name="pad_divider_color">#33ffffff</color>
</resources>
