<?xml version="1.0" encoding="UTF-8"?><hwthemes>
	<color name="general_lisg_bg_normal">H7_BACKGROUND_TWO</color>
	<color name="account_setup_guide_background">H7_BACKGROUND_TWO</color>
	<color name="folder_list_default_for_pad">H7_BACKGROUND_TWO</color>
	<color name="conversation_list_activated_for_pad">H7_BACKGROUND_TWO</color>
	
	
	<color name="subject_text_color_unread">H7_ACCENT_COLOR</color>
	<color name="snippet_text_color_unread">H7_ACCENT_COLOR</color>
	<color name="senders_text_color_unread">H7_ACCENT_COLOR</color>
	
	
	
	
	<color name="divider_line">H7_BACKGROUND_TWO</color>
	
	<color name="general_lisg_bg_pressed">H7_ACCENT_COLOR</color>
	
	
	
	
	
	
	
	
	
	
	
	
	
	
	
	<color name="menu_state_default_dark_icon">H7_ACCENT_COLOR</color>
	
	
	
	
	
	<color name="default_background_color">H7_BACKGROUND_TWO</color>
	<color name="checkbox_background_color">H7_BACKGROUND_TWO</color>
	<color name="drawer_background_color">H7_BACKGROUND</color>
	
	
	
	
	
	
	
	
	
	
	
	
	
	
	
	
	
	
	
	<color name="widget_subtitle_color">H7_ACTIONBAR</color>
	<color name="widget_folder_text_color">H7_BACKGROUND_TWO</color>
	<color name="widget_subject_text_color_read">H7_BACKGROUND_TWO</color>
	<color name="widget_subject_text_color_unread">H7_ACCENT_COLOR</color>
	<color name="widget_ic_no_email_color">H7_ACTIONBAR</color>
	<color name="senders_text_color_unread_widget">H7_ACCENT_COLOR</color>
	<color name="senders_text_color_read_widget">H7_ACTIONBAR</color>
	<color name="widget_empty_text_color">H7_ACTIONBAR</color>
	<color name="widget_list_divider_color">H7_ACTIONBAR</color>
	<color name="widget_subtitle_color">H7_BACKGROUND_TWO</color>
	
	
	
	
	
	
	
	
	
	
	
	


	
	
	
	
	
	
    
    
    
    
    <color name="default_background_color">H7_BACKGROUND_TWO</color>
    <color name="checkbox_background_color">H7_ACCENT_COLOR</color>
    
    
    
    
    
    
    
    
    
    
    
    
    
    
    
    
    
    
    
    
    
    
    
    
    
    
    
    
    
    
    <color name="conversation_list_default_for_pad">H7_BACKGROUND_TWO</color>
    
    
    
    
    
    
    <color name="holo_light_background_color">H7_BACKGROUND_TWO</color>
    
    <color name="list_background_color">H7_BACKGROUND_TWO</color>
    
    
    
    
    
    <color name="add_new_account_text_color">H7_ACCENT_COLOR</color>
    
    <color name="menu_state_pressed_dark_icon">H7_ACCENT_COLOR</color>
    <color name="menu_state_focused_dark_icon">H7_ACCENT_COLOR</color>
    <color name="menu_state_selected_dark_icon">H7_ACCENT_COLOR</color>
    
    <color name="menu_state_default_dark_icon">H7_ACCENT_COLOR</color>
    <color name="searchview_container_background_color">H7_BACKGROUND_TWO</color>
    
    <color name="drawer_background_color">H7_BACKGROUND</color>
    
    
    
    
    
    
    <color name="chips_item_bg">H7_ACCENT_COLOR</color>
    
    
    
    
    
    <color name="wait_for_sync_bg_color">H7_BACKGROUND_TWO</color>
    <color name="default_shadow_start_color">H7_BACKGROUND_TWO</color>
    
    
    <color name="searchview_in_actionbar_background_color">H7_BACKGROUND_TWO</color>
    <color name="list_load_more_view_normal_text_color">H7_ACCENT_COLOR</color>
    
    <color name="account_setup_account_type_exchange_action">H7_BACKGROUND_TWO</color>
    <color name="account_setup_other_action">H7_ACCENT_COLOR</color>
    
    
    
    
    <color name="search_result_key_foreground_color">H7_ACCENT_COLOR</color>
    
    
    <color name="mdm_account_password_bg_color">H7_BACKGROUND_TWO</color>
    <color name="email_cust_actionbar_icon_color">H7_ACCENT_COLOR</color>
    <color name="email_cust_actionbar_icon_color_pressed">H7_ACCENT_COLOR</color>
    

</hwthemes>