<?xml version="1.0" encoding="UTF-8"?><hwthemes>
    <color name="calculator_accent_color">H7_COLOR_CALCULATOR</color>
    
    
    
    
    
    
	<!--Number-->
    
    <color name="pad_background_color">H7_ACTIONBAR</color>
    
	
    
    
    <color name="pad_numeric_background_color">H7_COLOR_CALCULATOR</color>
    <color name="pad_advanced_background_color">H7_COLOR_CALCULATOR</color>
    <drawable name="pad_advanced_background_press_color">H7_BACKGROUND</drawable>
    
    
    <drawable name="pad_operator_normal_color">H7_BACKGROUND</drawable>
    <drawable name="bg_calculater_number_pressed">H7_BACKGROUND</drawable>
    <drawable name="bg_calculater_portrait_equalitybg_pressed">H7_COLOR_CALCULATOR_PRESS</drawable>
    <drawable name="bg_calculater_portrait_equalitybg_normal">H7_COLOR_CALCULATOR</drawable>
	</hwthemes>