<?xml version="1.0" encoding="UTF-8"?><resources>

   
   
   
   <color name="reminder_text_color">H7_ACCENT_COLOR</color>
   <color name="search_text_color">H7_ACCENT_COLOR</color>
   
   
   
   
   <color name="drawer_background_color">H7_BACKGROUND</color>
   <color name="drawer_header_background_color">H7_ACTIONBAR</color>
   
   <color name="notepad_main_color">H7_BACKGROUND_TWO</color>
    <color name="notepad_main_edit_color">H7_BACKGROUND_TWO</color>
   <color name="card_main_color">H7_BACKGROUND_TWO</color>
   <color name="nav_header_start">H7_ACCENT_COLOR</color>
   <color name="nav_header_center">H7_ACCENT_COLOR</color>
   
   <color name="nav_right_side">H7_BACKGROUND_PRESS</color>
   
   <color name="current_theme_color">H7_ACCENT_COLOR</color>
   
   
    
    
    <color name="ic_notepad_edit_color">H7_ACCENT_COLOR</color>
    <color name="tag_newtag_font_color">H7_ACCENT_COLOR</color>
    <color name="actionbar_theme_color">H7_ACCENT_COLOR</color>
    
    
    
    
    <color name="note_text_font_style_unselect">H7_ACCENT_COLOR</color>
    <color name="note_text_font_style_disable">H7_ACCENT_COLOR_DISABLEDa</color>
    <color name="note_text_font_style_select">H7_BACKGROUND_TWO</color>
    
    
    
    
    
	<color name="note_widget_label">H7_ACCENT_COLOR</color>
    
    
    
    
    
    
    
    
    
    
    <color name="time_set">H7_ACTIONBAR</color>
    
    <color name="background_bitmap_color">H7_ACTIONBAR</color>
    
    
    
    
    
    
    
    <color name="geo_alarm_history_container_background_color">H7_ACTIONBAR</color>
    <color name="notepad_main_toolbar_background_color">H7_BACKGROUND_TWO</color>
    
    
    
    
    
    
    <color name="watermark_header_background_color">H7_ACTIONBAR</color>
    
	
	
	
	
	
	
	
	<color name="widget_more">H7_ACCENT_COLOR</color>
	<color name="color_list_pressed_bg">H7_BACKGROUND_PRESS</color>
	
	
	<color name="status_bar">H7_ACTIONBAR</color>
	<color name="app_action_bar_color">H7_ACTIONBAR</color>
    
    
    
    <color name="recommendatory_view_bg">H7_BACKGROUND_TWO</color>
    <color name="recommendatory_view_button_text_color">H7_ACCENT_COLOR</color>
    
    
    <color name="note_status_bar_bg">H7_ACTIONBAR</color>
    
    
    
    
    
    <color name="text_indent_disabled_color">H7_ACCENT_COLOR_DISABLED</color>
    
    
    
    
    
    
    
    
    
    
    
    
    <color name="note_list_item_default">H7_ACTIONBAR</color>
    
    
    
    
    
    
    
    
    
    
    
    
    <color name="canvas_bg">H7_BACKGROUND_TWO</color>
    
    
    
    <color name="paint_open_bg_color">H7_ACTIONBAR</color>
    
    
    
    <color name="navigationbar_color_dark">H7_ACTIONBAR</color>
    
    
    <color name="todo_list_normal_color">H7_ACTIONBAR</color>
    
    <color name="graffiti_back_ground_line_color">H7_ACTIONBAR</color>
    
    


	
	<color name="actionbar_theme_color">H7_ACCENT_COLOR</color>
	
	
	<color name="app_action_bar_color">H7_BACKGROUND</color>
	
	
	
	
	<color name="background_bitmap_color">H7_ACTIONBAR</color>
	
	<color name="bottom_todo_layout_bg">H7_ACTIONBAR</color>
	<color name="canvas_bg">H7_BACKGROUND</color>
	
	<color name="card_main_color">H7_BACKGROUND</color>
	
	
	
	
	<color name="current_theme_color">H7_ACCENT_COLOR</color>
	<color name="drawer_background_color">H7_BACKGROUND</color>
	<color name="drawer_header_background_color">H7_ACTIONBAR</color>
	
	
	<color name="emui_color_gray_1">H7_ACTIONBAR</color>
	
	<color name="emui_functional_blue">H7_ACCENT_COLOR</color>
	
	<color name="fab_bg_color">H7_ACCENT_COLOR</color>
	<color name="fab_bg_color_pressed">H7_ACTIONBAR</color>
	
	
	
	
	<color name="fontstyle_splitter_color">H7_ACTIONBAR</color>
	
	
	<color name="geo_alarm_history_container_background_color">H7_ACTIONBAR</color>
	
	
	<color name="graffiti_back_ground_line_color">H7_ACTIONBAR</color>
	
	
	
	
	<color name="ic_notepad_edit_color">H7_ACCENT_COLOR</color>
	
	
	
	
	
	
	
	
	
	
	
	
	
	<color name="nav_header_center">H7_ACCENT_COLOR</color>
	
	<color name="nav_header_start">H7_ACCENT_COLOR</color>
	
	<color name="navigationbar_color_dark">H7_ACTIONBAR</color>
	
	
	
	
	
	
	
	<color name="note_list_item_default">H7_ACTIONBAR</color>
	
	
	
	
	
	
	
	
	
	
	
	
	
	
	
	
	
	<color name="note_status_bar_bg">H7_ACTIONBAR</color>
	
	<color name="note_text_font_style_disable">H7_ACCENT_COLOR_DISABLED</color>
	<color name="note_text_font_style_select">H7_BACKGROUND</color>
	
	<color name="note_widget_label">H7_ACCENT_COLOR</color>
	
	
	
	
	
	
	
	
	<color name="notepad_main_color">H7_BACKGROUND</color>
	
	<color name="notepad_main_toolbar_background_color">H7_BACKGROUND</color>
	
	
	<color name="paint_open_bg_color">H7_ACTIONBAR</color>
	
	
	<color name="quick_note_view_page">H7_BACKGROUND</color>
	<color name="recommendatory_view_bg">H7_BACKGROUND</color>
	<color name="recommendatory_view_button_text_color">H7_ACCENT_COLOR</color>
	
	
	<color name="reminder_text_color">H7_ACCENT_COLOR</color>
	
	<color name="search_text_color">H7_ACCENT_COLOR</color>
	
	
	
	
	<color name="share_image_bg_color">H7_BACKGROUND</color>
	<color name="share_image_bottom_color">H7_ACTIONBAR</color>
	<color name="share_image_pic_bg">H7_ACTIONBAR</color>
	<color name="status_bar">H7_ACTIONBAR</color>
	
	
	
	<color name="tag_newtag_font_color">H7_ACCENT_COLOR</color>
	
	
	
	
	
	
	
	<color name="time_set">H7_ACTIONBAR</color>
	<color name="tips_bg_color">H7_ACTIONBAR</color>
	
	
	
	<color name="todo_list_normal_color">H7_ACTIONBAR</color>
	
	
	
	
	
	<color name="watermark_header_background_color">H7_ACTIONBAR</color>
	
	
	
	
	<color name="widget_more">H7_ACCENT_COLOR</color>
	
		
</resources>