<?xml version="1.0" encoding="utf-8"?>
<hwthemes>
	<color name="general_lisg_bg_normal">H7_BACKGROUND_TWO</color>
	<color name="account_setup_guide_background">H7_BACKGROUND_TWO</color>
	<color name="folder_list_default_for_pad">H7_BACKGROUND_TWO</color>
	<color name="conversation_list_activated_for_pad">H7_BACKGROUND_TWO</color>
	<color name="searchview_inner_background_color">#464646</color>
	<color name="subject_text_color">#7fffffff</color>
	<color name="subject_text_color_unread">H7_ACCENT_COLOR</color>
	<color name="snippet_text_color_unread">H7_ACCENT_COLOR</color>
	<color name="senders_text_color_unread">H7_ACCENT_COLOR</color>
	<color name="subject_text_color_read">#ffffffff</color>
	<color name="snippet_text_color_read">#ffffff</color>
	<color name="senders_text_color_read">#ffffffff</color>
	<color name="divider_line_for_search_view_bottom">#00303030</color>
	<color name="divider_line">H7_BACKGROUND_TWO</color>
	<color name="general_lisg_divider_normal">#00303030</color>
	<color name="general_lisg_bg_pressed">H7_ACCENT_COLOR</color>
	<color name="list_header_update_time">#ffffff</color>
	<color name="date_text_color">#ffffff</color>
	<color name="date_text_color">#ffffff</color>
	<color name="date_text_color_read">#ffffff</color>
	<color name="list_header_update_time">#ffffff</color>
	<color name="solid_black">#ffffffff</color>
	<color name="photo_status_bar_black">#ffffffd9</color>
	<color name="photo_crop_dim_color">#ccffffff</color>
	<color name="dark_gray_text_color">#ffffffff</color>
	<color name="search_result_key_foreground_color">#ffffffff</color>
	<color name="recurrence_bubble_text_color">#ffffffff</color>
	<color name="add_new_account_text_color">#ffffffff</color>
	<color name="menu_state_focused_dark_icon">#ffffffff</color>
	<color name="menu_state_selected_dark_icon">#ffffffff</color>
	<color name="menu_state_disabled_dark_icon">#33ffffff</color>
	<color name="menu_state_default_dark_icon">H7_ACCENT_COLOR</color>
	<color name="chips_text_color">#ffffffff</color>
	<color name="folder_title_count_bg_color">#7fffffff</color>
	<color name="conversation_delete_coating_color">#32ffffff</color>
	<color name="show_attachments_button_textColor">#ffffffff</color>
	<color name="text_primary_color">#ffffffff</color>
	<color name="default_background_color">H7_BACKGROUND_TWO</color>
	<color name="checkbox_background_color">H7_BACKGROUND_TWO</color>
	<color name="drawer_background_color">H7_BACKGROUND</color>
	<color name="black_3">#07ffffff</color>
	<color name="black_5">#0dffffff</color>
	<color name="black_10">#19ffffff</color>
	<color name="black_15">#26ffffff</color>
	<color name="black_20">#33ffffff</color>
	<color name="black_30">#4cffffff</color>
	<color name="black_40">#66ffffff</color>
	<color name="black_50">#7fffffff</color>
	<color name="black_60">#99ffffff</color>
	<color name="black_65">#a6ffffff</color>
	<color name="black_75">#bfffffff</color>
	<color name="black_85">#ffffffd9</color>
	<color name="black_90">#e6ffffff</color>
	<color name="black_100">#ffffffff</color>
	<color name="searchview_container_background_color">#353535</color>
	<color name="divider_line_for_search_view_bottom">#66a1a1a1</color>
	<color name="message_text">#ffffffff</color>
	<color name="message_text_pressed">#6cffffff</color>
	<color name="disable_button_text_color">#41ffffff</color>
	<color name="widget_subtitle_color">H7_ACTIONBAR</color>
	<color name="widget_folder_text_color">H7_BACKGROUND_TWO</color>
	<color name="widget_subject_text_color_read">H7_BACKGROUND_TWO</color>
	<color name="widget_subject_text_color_unread">H7_ACCENT_COLOR</color>
	<color name="widget_ic_no_email_color">H7_ACTIONBAR</color>
	<color name="senders_text_color_unread_widget">H7_ACCENT_COLOR</color>
	<color name="senders_text_color_read_widget">H7_ACTIONBAR</color>
	<color name="widget_empty_text_color">H7_ACTIONBAR</color>
	<color name="widget_list_divider_color">H7_ACTIONBAR</color>
	<color name="widget_subtitle_color">H7_BACKGROUND_TWO</color>
	<color name="cover_pane_color_for_pad">#33ffffff</color>
	<color name="empty_list_color">#66ffffff</color>
	<color name="dialog_list_Text_color">#ccffffff</color>
	<color name="tips_link_text_color">#ffffffff</color>
	<color name="chips_item_bg">#1affffff</color>
	<color name="list_load_more_view_normal_text_color">#ffffffff</color>
	<color name="add_contact_button_default">#ffffffff</color>
	<color name="email_priority_low_color">#ffffffff</color>
	<color name="searchview_in_actionbar_background_color">#464646</color>
	<color name="conversation_webview_bg_color">#fff1f1f1</color>
	<color name="logo_list_divider_color">#26ffffff</color>
	<color name="ic_folder_color">#7fffffff</color>


	
	
	
	
	
	<color name="account_setup_guide_background">#fcfcfc</color>
    <color name="dialog_title_color">#ffffffff</color>
    <color name="text_secondary_color">#80ffffff</color>
    <color name="preference_disable_text_color">#33ffffff</color>
    <color name="show_attachments_button_textColor">#ffffff</color>
    <color name="default_background_color">H7_BACKGROUND_TWO</color>
    <color name="checkbox_background_color">H7_ACCENT_COLOR</color>
    <color name="time_axis_background_color">#0b0b0f</color>
    <color name="black_3">#19ffffff</color>
    <color name="black_5">#19ffffff</color>
    <color name="black_10">#19ffffff</color>
    <color name="black_15">#26ffffff</color>
    <color name="black_20">#33ffffff</color>
    <color name="black_30">#4Cffffff</color>
    <color name="black_40">#66ffffff</color>
    <color name="black_50">#7fffffff</color>
    <color name="black_60">#99ffffff</color>
    <color name="black_65">#a6ffffff</color>
    <color name="black_75">#bfffffff</color>
    <color name="black_85">#d9ffffff</color>
    <color name="black_90">#e6ffffff</color>
    <color name="black_100">#ffffff</color>
    <color name="white_50">#7fffffff</color>
    <color name="white_100">#ffffffff</color>
    <color name="gray_9d9d9d">#d9ffffff</color>
    <color name="divider_line">#00ffffff</color>
    <color name="divider_line_for_search_view_bottom">#33ffffff</color>
    <color name="message_text_pressed">#80ffffff</color>
    <color name="delete_button_text_color">#ff3320</color>
    <color name="disable_button_text_color">#41ffffff</color>
    <color name="folder_list_header_border_color">#33ffffff</color>
    <color name="chips_drop_down_item_bg">#0b0b0f</color>
    <color name="general_lisg_bg_pressed">#1affffff</color>
    <color name="general_lisg_divider_normal">#33ffffff</color>
    <color name="toolbar_text_default_for_pad">#99FFFFFF</color>
    <color name="toolbar_text_default_pressed_for_pad">#80FFFFFF</color>
    <color name="toolbar_text_default_disabled_for_pad">#33ffffff</color>
    <color name="conversation_list_default_for_pad">H7_BACKGROUND_TWO</color>
    <color name="cover_pane_color_for_pad">#33ffffff</color>
    <color name="empty_list_color">#66ffffff</color>
    <color name="multiselect_button_delete_text_color">#ffd43e25</color>
    <color name="gray_text_color">#80ffffff</color>
    <color name="attachment_bg_color">#33dddddd</color>
    <color name="swiped_bg_color">#ff0b0b0f</color>
    <color name="holo_light_background_color">H7_BACKGROUND_TWO</color>
    <color name="default_folder_background_color">#0b0b0f</color>
    <color name="list_background_color">H7_BACKGROUND_TWO</color>
    <color name="conversation_view_border_color">#33ffffff</color>
    <color name="letter_tile_font_color">#ffffff</color>
    <color name="tile_divider_color">#33ffffff</color>
    <color name="search_result_key_foreground_color">#ff12d4dc</color>
    <color name="recurrence_bubble_text_color">#ffffff</color>
    <color name="add_new_account_text_color">H7_ACCENT_COLOR</color>
    <color name="avatar_unread_count_color">#00c1f1</color>
    <color name="menu_state_pressed_dark_icon">H7_ACCENT_COLOR</color>
    <color name="menu_state_focused_dark_icon">H7_ACCENT_COLOR</color>
    <color name="menu_state_selected_dark_icon">H7_ACCENT_COLOR</color>
    <color name="menu_state_disabled_dark_icon">#338891b9</color>
    <color name="menu_state_default_dark_icon">H7_ACCENT_COLOR</color>
    <color name="searchview_container_background_color">H7_BACKGROUND_TWO</color>
    <color name="searchview_inner_background_color">#33ffffff</color>
    <color name="drawer_background_color">H7_BACKGROUND</color>
    <color name="subject_text_color_unread">#ffffff</color>
    <color name="senders_text_color_unread">#ffffff</color>
    <color name="subject_text_color_read">#80ffffff</color>
    <color name="senders_text_color_read">#80ffffff</color>
    <color name="ic_folder_color">#7fffffff</color>
    <color name="ic_no_email_color">#4cffffff</color>
    <color name="chips_item_bg">H7_ACCENT_COLOR</color>
    <color name="chips_text_color">#ffffff</color>
    <color name="search_view_hint_font_color">#33ffffff</color>
    <color name="search_view_font_color">#ffffff</color>
    <color name="tips_bg_color">#0b0b0f</color>
    <color name="message_label">#7fffffff</color>
    <color name="wait_for_sync_bg_color">H7_BACKGROUND_TWO</color>
    <color name="default_shadow_start_color">H7_BACKGROUND_TWO</color>
    <color name="folder_title_count_bg_color">#0b0b0f</color>
    <color name="folder_title_count_color">#ffffff</color>
    <color name="searchview_in_actionbar_background_color">H7_BACKGROUND_TWO</color>
    <color name="list_load_more_view_normal_text_color">H7_ACCENT_COLOR</color>
    <color name="text_primary_color">#ffffffff</color>
    <color name="account_setup_account_type_exchange_action">H7_BACKGROUND_TWO</color>
    <color name="account_setup_other_action">H7_ACCENT_COLOR</color>
    <color name="folder_name_text_color">#ffffff</color>
    <color name="account_name_text_color">#7fffffff</color>
    <color name="actionbar_spinner_text_color">#ffffff</color>
    <color name="searchview_inner_background_color_in_actionbar">#33ffffff</color>
    <color name="search_result_key_foreground_color">H7_ACCENT_COLOR</color>
    <color name="secure_star_icon_color">#7fffffff</color>
    <color name="vip_icon_for_message_title_color">#7fffffff</color>
    <color name="mdm_account_password_bg_color">H7_BACKGROUND_TWO</color>
    <color name="email_cust_actionbar_icon_color">H7_ACCENT_COLOR</color>
    <color name="email_cust_actionbar_icon_color_pressed">H7_ACCENT_COLOR</color>
    <color name="email_cust_actionbar_icon_color_disabled">#338891b9</color>

</hwthemes>
