<?xml version="1.0" encoding="UTF-8"?><resources>
    <color name="record_button_normal_actionbar_color">H7_ACCENT_COLOR</color>
    <color name="record_tag_time_text_color">H7_ACCENT_COLOR</color>
    <color name="record_button_normal_color">H7_ACCENT_COLOR</color>
    <color name="record_button_normal_actionbar_color">H7_ACCENT_COLOR</color>
    <color name="guide_blue_color">H7_ACCENT_COLOR</color>
    <color name="recorder_background_color">H7_BACKGROUND</color>
    <color name="select_line_color">H7_ACCENT_COLOR</color>
    <color name="wave_view_tag_color">H7_ACCENT_COLOR</color>
    <color name="speech_circle_small_color">H7_BACKGROUND</color>
    <color name="speech_circle_big_color">H7_BACKGROUND</color>
    <color name="white_color">H7_BACKGROUND</color>
    <color name="speech_round_circle_gray">H7_ACTIONBAR</color>
    <color name="lrc_tag_highlight_color">H7_ACCENT_COLOR</color>
    <color name="record_tag_time_text_color">H7_ACCENT_COLOR</color>
    <color name="wave_view_tag_color">H7_ACCENT_COLOR</color>
    <color name="circle_radius_color">H7_BACKGROUND</color>
    <color name="text_highlight_color">H7_ACCENT_COLOR</color>
    <color name="tag_edit_background_color">H7_BACKGROUND</color>
    <color name="direction_ball_background_unselect_color">H7_BACKGROUND</color>
    <color name="recorder_button_bg_press">H7_ACTIONBAR</color>
</resources>