<?xml version='1.0' encoding='utf-8' standalone='yes' ?>
<MIUI_Theme_Values>

	<drawable name="new_message_popup_title_bg.9.png">actionbar.9.png</drawable>
	<drawable name="new_message_popup_bottom_bg.9.png">actionbar.9.png</drawable>
	<drawable name="message_edit_bottom_panel.9.png">actionbar.9.png</drawable>
	<drawable name="attachment_screen_bg.9.png">actionbar.9.png</drawable>
	<drawable name="action_bar_bg_dark.9.png">actionbar.9.png</drawable>
	<drawable name="action_bar_bg_light.9.png">actionbar.9.png</drawable>
	<drawable name="action_bar_bg_navigation_light.9.png">actionbar.9.png</drawable>
	<drawable name="action_bar_embeded_tabs_bg_dark.9.png">actionbar.9.png</drawable>
	<drawable name="action_bar_embeded_tabs_bg_light.9.png">actionbar.9.png</drawable>
	<drawable name="action_bar_split_bg_expanded_light.9.png">actionbar.9.png</drawable>
	<drawable name="action_bar_split_bg_light.9.png">actionbar.9.png</drawable>
	<drawable name="action_bar_split_bg_navigation_light.9.png">actionbar.9.png</drawable>
	<drawable name="action_bar_title_stack_bg_dark.9.png">actionbar.9.png</drawable>
	<drawable name="action_bar_title_stack_bg_light.9.png">actionbar.9.png</drawable>
	<drawable name="action_mode_bg_dialog_light.9.png">actionbar.9.png</drawable>
	<drawable name="action_mode_bg_light.9.png">actionbar.9.png</drawable>
	<drawable name="action_mode_bg_navigation_light.9.png">actionbar.9.png</drawable>
	<drawable name="action_mode_split_bg_dark.9.png">actionbar.9.png</drawable>
	<drawable name="action_mode_split_bg_dialog_light.9.png">actionbar.9.png</drawable>
	<drawable name="action_mode_split_bg_expanded_dark.9.png">actionbar.9.png</drawable>
	<drawable name="action_mode_split_bg_expanded_light.9.png">actionbar.9.png</drawable>
	<drawable name="action_mode_split_bg_light.9.png">actionbar.9.png</drawable>
	<drawable name="action_mode_split_bg_navigation_light.9.png">actionbar.9.png</drawable>
	<drawable name="actionbar_bg_flat_list.9.png">actionbar.9.png</drawable>
	<drawable name="audio_record_window_p.9.png">audio_record_window_n.9.png</drawable>
	<drawable name="card_background_covered_p.9.png">message_bubble_in_bg_p.9.png</drawable> -->
	<drawable name="card_background_out_p.9.png">message_bubble_out_bg_p.9.png</drawable> -->
	<drawable name="flatshow_bg.9.png">background.9.png</drawable>
	<drawable name="conversation_bg.9.png">background.9.png</drawable>
	<drawable name="ic_contact_group_photo.png">ic_contact_list_picture.png</drawable>
	<drawable name="ic_contact_list_picture2.png">ic_contact_list_picture.png</drawable>
	<drawable name="ic_contact_list_picture3.png">ic_contact_list_picture.png</drawable>
	<drawable name="ic_contact_list_picture4.png">ic_contact_list_picture.png</drawable>
	<drawable name="ic_contact_sp_picture.png">ic_contact_list_picture.png</drawable>
	<drawable name="ic_contact_unknown_picture.png">ic_contact_list_picture.png</drawable>
	<drawable name="ic_conversation_sim1_indicator.png">sim1_indicator.png</drawable>
	<drawable name="ic_conversation_sim2_indicator.png">sim2_indicator.png</drawable>
	<drawable name="ic_sim1_selected.png">sim1_indicator_checked.png</drawable>
	<drawable name="new_message_popup_msg_editor_bg.9.png">compose_message_editor_bg.9.png</drawable>
	<drawable name="pop_up_window_list_bg.9.png">dropdown_listview_bg_light.9.png</drawable>
	<drawable name="progressbar_indeterminate_circle_small_light.png">progressbar_indeterminate_circle_light.png</drawable>
	<drawable name="recipient_bg.9.png">background.9.png</drawable>
	<drawable name="search_bg.9.png">background.9.png</drawable>
	<drawable name="search_mode_bg_light.9.png">actionbar.9.png</drawable>
	<drawable name="search_mode_input_bg_light.9.png">actionbar.9.png</drawable>
	<drawable name="settings_window_bg_light.9.png">background.9.png</drawable>
	<drawable name="sim2_indicator_checked.png">ic_sim2_selected.png</drawable>
	<drawable name="sms_card_arrow_n.png">arrow_right_pressed.png</drawable>
	<drawable name="sms_card_arrow_p.png">arrow_right_normal.png</drawable>
	<drawable name="text_select_bg_light.9.png">text_select_bg.9.png</drawable>
	<drawable name="text_select_handle_left_light.9.png">text_select_handle_left.9.png</drawable>
	<drawable name="text_select_handle_middle_light.9.png">text_select_handle_middle.9.png</drawable>
	<drawable name="text_select_handle_right_light.9.png">text_select_handle_right.9.png</drawable>
	<drawable name="v5_tab_indicator_bg_light.9.png">actionbar.9.png</drawable>
	<drawable name="v5_tab_indicator_bg_no_title_light.9.png">actionbar.9.png</drawable>
	<drawable name="v5_title_bar_bg_light.9.png">actionbar.9.png</drawable>
	<drawable name="window_bg_flat_list.9.png">background.9.png</drawable>
	<drawable name="window_bg_light.9.png">background.9.png</drawable>
</MIUI_Theme_Values>