<?xml version="1.0" encoding="utf-8"?>
<resources>
    <!-- 黑图标 -->
    <color name="emui_primary">#ffe6e6e6</color>
    <!-- appbar文本 list首行文本 -->
    <color name="emui_color_gray_10">#ffe6e6e6</color>
    <!-- 二级文本 小字 subheader标题 -->
    <color name="emui_color_gray_7">#ff808080</color>
    <!-- list右箭头 -->
    <color name="emui_color_gray_5">#ff4d4d4d</color>
    <!-- 高亮色 -->
    <color name="emui_accent">H7_ACCENT_COLOR</color>
    <!-- list分隔线 1px-->
    <color name="emui_divider_color">#33ffffff</color>
    <!-- list设置界面大分隔线 8dp-->
    <color name="emui_large_divider_color">#ff424242</color>
    <!-- html链接文字 -->
    <color name="emui_functional_blue">H7_ACCENT_COLOR</color>
    <!-- 应用市场升级弹框字体的颜色 -->
    <color name="upsdk_black">#ffe6e6e6</color>
</resources>
