<?xml version="1.0" encoding="UTF-8"?><resources>

    
    
    <color name="pc_page_oobe_text_color_yalan">H7_ACCENT_COLOR</color>
    
    
    
    
    <color name="emui_status_bar_color">H7_ACTIONBAR</color>
    
    <color name="device_list_header_background_color">H7_ACTIONBAR</color>
    
    
    <color name="wireless_device_connection_success">H7_ACCENT_COLOR</color>
    <color name="easy_projection_menu_item_color">H7_ACCENT_COLOR</color>
    <color name="wp_switch_unchecked_color">H7_ACTIONBAR</color>

</resources>