<?xml version="1.0" encoding="utf-8"?>
<resources>
    <!-- DTS2017060202430 panshuai p00405856 20170601 begin -->
    <color name="white_30_percent_color">#4Cffffff</color>
    <!-- DTS2017060202430 panshuai p00405856 20170601 end -->
    <!-- DTS2017061305648 panshuai p00405856 20170615 begin -->
    <color name="black_color">#FFFFFF</color>
    <color name="split_line">#26FFFFFF</color>
    <color name="add_city_color">H7_ACCENT_COLOR</color>
    <color name="black_10_percent_color">#26FFFFFF</color>
    <!-- DTS2017061305648 panshuai p00405856 20170615 end -->
</resources>

