﻿<?xml version="1.0" encoding="utf-8"?>
<resources>

    <color name="white">H7_BACKGROUND_TWO</color>
    <color name="black">#ffffff</color>
    <color name="select">H7_ACCENT_COLOR</color>
    <color name="list_item_black">#1e1e1e</color>
    <!-- 下载管理 -->
    <!-- 应用管理 -->
    <color name="text_color_gray">#ff666666</color>
    <!-- 通讯录 -->
    <color name="contact_text_black">#1e1e1e</color>
    <color name="contact_text_gray">#646464</color>

    <!--搜索结果分割线  add by zys 20150717 end-->
    <color name="search_list_divider_gray_color">#00d9d7d7</color>

    <!-- HAP5.2 默认背景  add by huangjunjun KF62407 2011-12-16 -->
    <color name="default_background">H7_BACKGROUND_TWO</color>
    <color name="list_file_size_color">#6b6b6b</color>

    <!-- add by jiayunan jkf65707 20120109 end -->
    <color name="list_file_name_color">#ffffffff</color>
    <!-- 
    <color name="list_item_bg_selected">#3323a7d9</color>
     -->
   
    <color name="list_item_bg_activiated">#6623a7d9</color>
    <color name="list_item_group_bg_selected">#8fccdf</color>

    <!-- 文件 管理器   add by huangjunjun KF62407 -->
    <!-- DTS2011092601365 shaodeqing 20110926 begin -->

    <color name="btn_disable_text_color">#d9d9d9</color>
    <color name="help_paper_background">H7_ACTIONBAR</color>
    <!--UX检视使用FF3320 <color name="hw_control_warn_red">#ffd43e25</color> -->
    <color name="hw_control_warn_red">#ffff3320</color>
    <color name="hw_control_disable_gray">#19ffffff</color>
    <!-- A light Holo shade of blue -->
    <color name="hw_progressbar_bgcolor">#ffdbd9d9</color>
    <color name="hw_progressbar_frontcolor">#ff23a7d9</color>

    <color name="color_black_alpha_85">#d9ffffff</color>
    <color name="color_blcak_alpha_30">#80ffffff</color>
    <color name="color_black_alpha_100">#ffffffff</color>
    <color name="color_black_alpha_65">#a6ffffff</color>
    <color name="color_black_alpha_50">#7fffffff</color>
    <color name="color_blcak_alpha_90">#e6ffffff</color>
    <color name="color_white_alpha_90">#e6ffffff</color>
    <color name="color_black_alpha_30">#4dffffff</color>
    <color name="color_blcak_alpha_80">#ccffffff</color>
   <color name="color_blcak_alpha_60">#80ffffff</color>
    <color name="color_black_alpha_60">#E6E6E6</color>
    <color name="color_failed_red">#f0460e</color>
    <!--超链接的颜色 -->
    <color name="autolink_color">H7_ACCENT_COLOR</color>
    <color name="color_about_backgroud">H7_BACKGROUND_TWO</color>

    <color name="color_current_point">H7_ACCENT_COLOR</color>
    <color name="color_default_point">#260f1015</color>

    <!--  圆环分类的颜色 -->
    <color name="color_image">#fb7437</color>
    <color name="color_audio">#fec131</color>
    <color name="color_video">#3ccd58</color>
    <color name="color_document">#18bae3</color>
    <color name="color_archive">#fa5996</color>
    <color name="color_application">#8e5bf0</color>
    <color name="color_other">#3498fe</color>
    <color name="color_background">#eaeaea</color>

    <color name="activity_bg">H7_BACKGROUND_TWO</color>
    <color name="diver_color">#00ffffff</color>
    <color name="section_color">H7_ACTIONBAR</color>
    <color name="bg_color_light">H7_BACKGROUND_TWO</color>
    <color name="exe_text_pressed">#52ffffff</color>
    <color name="exe_text_unpressed">#80ffffff</color>
    <color name="exe_text_unenable">#31ffffff</color>
    <color name="color_listview_divider">#00ffffff</color>
    <color name="color_blcak_alpha_75">#bfffffff</color>
    <color name="color_path_navi_control_Layout">H7_ACTIONBAR</color>

    <!--<color name="color_black_alpha_50">#ffffff</color> -->
    <color name="bg_color_border">H7_ACTIONBAR</color>
    <color name="bg_color_dark">H7_ACTIONBAR</color>
    <color name="color_black_alpha_75">#bfffffff</color>
    <color name="select_title_black">#ffffff</color>
    <color name="list_seletor_color">#1affffff</color>

    <color name="color_loading_bottom_view_bg">H7_BACKGROUND_TWO</color>

    <color name="color_storage_detail_background">H7_ACTIONBAR</color>

    <color name="roundpercentbar_black">#ffffff</color>
    <color name="roundpercentbar_black_alpha_50">#80ffffff</color>

    <color name="policy_textview_normal">H7_ACCENT_COLOR</color>
    <color name="policy_textview_pressed">#07afc9</color>
    <color name="color_search_online">H7_ACCENT_COLOR</color>

    <color name="black_10">#19ffffff</color>

    <color name="line">#48474c</color>

    <color name="line_green">#0dffffff</color>


    <color name="default_text_color">#ffffff</color>


    <color name="first_tx_color">#ffffff</color>

    <color name="first_tx_disable_color">#4cffffff</color>


    <color name="sub_tx_color">#80ffffff</color>

    <color name="sub_tx_disable_color">#4cffffff</color>


    <color name="dividing_line_color">#00ffffff</color>

    <color name="btn_text_unselect">#80ffffff</color>


    <color name="bottom_bar_btn_pressed">#84d2ef</color>
    <!-- 搜索框输入框色值 -->
    <color name="search_input_color">#ffffffff</color>
    <color name="search_hint_color">#33ffffff</color>
    <color name="search_hint_color_category">#33ffffff</color>

    <!-- 删除红色字体 -->

    <color name="delete_red">#d43e25</color>


    <!-- 列表item按下去颜色值 -->

    <drawable name="list_item_press_bg">#13ffffff</drawable>


    <drawable name="list_item_bg">H7_BACKGROUND_TWO</drawable>


    <drawable name="list_header_bg">H7_BACKGROUND_TWO</drawable>


    <drawable name="activity_bg">H7_BACKGROUND_TWO</drawable>


    <!--列表item选中状态的颜色值  -->

    <drawable name="item_selected_bg">#ff0000</drawable>


    <!--蓝色title文字颜色 -->

    <color name="title_text_color">H7_ACCENT_COLOR</color>


    <!--title文字下方分割线颜色 -->

    <color name="title_divider_line">H7_ACCENT_COLOR</color>


    <drawable name="top_bar_bg">#0097a8</drawable>

    <color name="top_bar_bg_white">H7_BACKGROUND_TWO</color>


    <color name="white_65">#a6ffffff</color>

    <color name="white_70">#b2ffffff</color>

    <color name="white_90">#e6ffffff</color>

    <color name="white_85">#daffffff</color>

    <color name="white_80">#cdffffff</color>

    <color name="waring_red">#daf0460e</color>

    <color name="gray_white">#26ffffff</color>


    <!--超链接的颜色 -->

    <color name="autolink_color">H7_ACCENT_COLOR</color>

    <color name="blue_emui5_text">H7_ACCENT_COLOR</color>


    <color name="black_45">#73ffffff</color>

    <color name="dialog_text_color">#ffffff</color>


    <!-- clone -->


    <!-- 列表item按下去和选中状态的颜色值 -->

    <drawable name="item_press_bg">#cc23a7d9</drawable>


    <!-- 网格点击色 -->

    <drawable name="grid_item_press">#cae7eb</drawable>


    <!-- 蓝色title文字颜色 -->

    <color name="title_text_color_clone">#BFffffff</color>


    <!-- 以下为手机克隆添加的 -->

    <color name="pink">#fd5d7b</color>

    <color name="invite_gray">#4a4a4a</color>

    <color name="invite_red">#ff4444</color>

    <color name="dialog_title_color">#0a9dcd</color>


    <drawable name="clone_blue_bg">#2068b0</drawable>


    <color name="white_d8">#d8ffffff</color>

    <color name="black_50">#80ffffff</color>

    <color name="black_50_disable">#33ffffff</color>

    <color name="black_65">#a5ffffff</color>

    <color name="black_85">#daffffff</color>

    <color name="black_80">#CEffffff</color>

    <color name="black_3">H7_ACTIONBAR</color>

    <color name="green_D8">#D8ffffff</color>

    <color name="serach_tips">#D8ffffff</color>

    <color name="blue_53">#5395d9</color>

    <color name="black_d8">#d8ffffff</color>

    <color name="bf_zereo">#BFffffff</color>

    <color name="list_divider">#00ffffff</color>


    <!-- 超链接的颜色 -->

    <color name="blak_a5">#A5ffffff</color>


    <!-- 功能介绍界面详情介绍字体颜色 -->

    <color name="black_A6">#A6ffffff</color>

    <color name="blue_color">#197dd2</color>

    <color name="blue_color_50">#80197dd2</color>

    <color name="time_warning_color">#daff694e</color>

    <color name="send_btn_text_color">#ffffff</color>

    <color name="send_btn_text_color_disable">#80ffffff</color>

    <color name="white_text_color">#ffffff</color>

    <color name="white_text_press_color">#80ffffff</color>

    <color name="blue_text_color">H7_ACCENT_COLOR</color>

    <color name="black_text_color">#ffffff</color>

    <color name="black_text_press_color">#43ffffff</color>

    <color name="trans_data_suc">#91d13f</color>


    <!-- 备份管理界面介质选择颜色 -->

    <color name="medium_row_default_bg">H7_BACKGROUND_TWO</color>

    <color name="medium_row_selected_bg">#00ffff</color>

    <color name="row_text_color_default">#00000C</color>

    <color name="row_text_color_inverse">#ffffff</color>


    <!-- EMUI 4.0 小面积雅兰色 -->

    <color name="small_area_jalam">#00bcd5</color>

    <color name="small_area_jalam_disable">#4c00bcd5</color>


    <!-- qrcode -->

    <color name="result_view">#b0ffffff</color>

    <color name="status_text">#ffffffff</color>

    <color name="result_minor_text">#ffc0c0c0</color>

    <color name="result_text">#ffffffff</color>

    <color name="result_points">#c099cc00</color>

    <color name="viewfinder_laser">#ff01b9ff</color>

    <color name="viewfinder_mask">#cc0f1015</color>

    <!-- <color name="viewfinder_frame">#ff00c0ff</color> -->

    <color name="possible_result_points">#c0ffbd21</color>

    <color name="clone_choose_type">H7_ACTIONBAR</color>

    <color name="text_color">H7_ACCENT_COLOR</color>

    <color name="text_color_press">#0a7fc9</color>

    <color name="code_text_color">#353535</color>

    <color name="text_color_red">#ff3320</color>

    <color name="all_background_color">H7_BACKGROUND_TWO</color>

    <color name="list_divider_color">#00ffffff</color>

    <color name="dividing_progress_color">#80ffffff</color>

    <color name="frame_color">#ffdc1a</color>

    <color name="frame_color_angle">#fddb18</color>

    <color name="black_30">#4bffffff</color>

    <color name="black_50">#80ffffff</color>

    <color name="black_75">#bfffffff</color>

    <color name="dialog_message_text_color">#ffffff</color>


    <color name="device_admin_waring_text">#ffffff</color>

    <color name="color_category_storage_layout_bg">H7_ACTIONBAR</color>
    <color name="color_custom_open_resolver_grid_emui_tv">#80ffffff</color>

    <color name="pay_white">#ffffff</color>
    <color name="attention_color">#1596D1</color>
    <color name="oobe_btn_pressed">#0a7fc9</color>
    <color name="tab_unselected_text_color">H7_ACCENT_COLOR</color>
    <color name="tab_selected_text_color2">#0a7fc9</color>

    <color name="attention_color_30">#4c8891b9</color>
    <!-- feedback dark theme-->
    <color name="feedback_blue">#23a7d9</color>
    <color name="feedback_title_bar_unnormal_color">H7_BACKGROUND_TWO</color>
    <color name="feedback_transparent">#00000000</color>
    <color name="feedback_white">#FFFFFF</color>
    <color name="feedback_light_white">#55FFFFFF</color>
    <color name="feedback_divideline">#000f1015</color>
    <color name="feedback_background">#f7f7f7</color>
    <color name="feedback_text_color1">#FFFFFF</color>
    <color name="feedback_text_color2">#80FFFFFF</color>
    <color name="feedback_text_color_75">#C0FFFFFF</color>

    <!--     30% -->
    <color name="feedback_text_color3">#33FFFFFF</color>

    <color name="feedback_highlight_color_old">#28c0c6</color>
    <color name="feedback_record_listview_title">#14FFFFFF</color>
    <color name="feedback_question_type_color">#f0460e</color>
    <color name="feedback_highlight_color">H7_ACCENT_COLOR</color>
    <!-- 20%透明度 -->
    <color name="feedback_highlight_color_disable">#338891b9</color>
    <color name="feedback_highlight_color_disable_old">#3328c0c6</color>
    <color name="feedback_blue_disable">#3323a7d9</color>

    <color name="feedback_smarthelper_textview_bg">#33FFFFFF</color>
    <color name="feedback_black_10">#26FFFFFF</color>

    <color name="feedback_smarthelper_user_textview_bg">H7_ACCENT_COLOR</color>

    <color name="feedback_black_03">#070f1015</color>

    <color name="feedback_spannable_click_color">#0a7fc9</color>
    <!-- 多主题适配 -->
    <color name="feedback_text_color_data">#FFFFFF</color>
    <color name="feedback_text_color_customer_service">#FFFFFF</color>
    <!-- 下载进度文字颜色 -->
    <color name="autolink_color1">#FFFFFF</color>
    <color name="color_download_text">#FFFFFF</color>
    <color name="color_download_progress_widget_background_solid">H7_ACCENT_COLOR_DISABLED</color>
    <color name="color_download_progress_widget_background">H7_ACCENT_COLOR</color>
    <color name="color_download_progress_widget_background_stroke">H7_ACCENT_COLOR</color>
    <color name="color_download_progress_widget_secondaryprogress_solid">H7_BACKGROUND_TWO</color>
    <color name="color_download_progress_widget_secondaryprogress_stroke">H7_ACCENT_COLOR</color>
    <color name="color_download_progress_widget_progress_solid">H7_ACCENT_COLOR_DISABLED</color>

    <!-- ffffff 20% -->
    <color name="black_disbale_color">#33ffffff</color>

    <!-- ffffff 20% -->
    <color name="black_50_disable_color">#33ffffff</color>
    <!-- 升级SDK -->
    <color name="upsdk_black">#FFFFFFFF</color>

    <!-- emui9.0深色主题适配 -->
    <color name="emui_primary">#E6E6E6</color>
    <color name="emui_accent">H7_ACCENT_COLOR</color>
    <color name="emui_black">#E6E6E6</color>
    <color name="emui_white">#E6E6E6</color>
    <color name="emui_white_bg">H7_BACKGROUND_TWO</color>
    <color name="emui_color_gray_10">#E6E6E6</color>
    <color name="emui_color_gray_9">#CCCCCC</color>
    <color name="emui_color_gray_8">#B3B3B3</color>
    <color name="emui_color_gray_7">#808080</color>
    <color name="emui_color_gray_6">#666666</color>
    <color name="emui_color_gray_5">#4CE6E6E6</color>
    <color name="emui_color_gray_4">H7_ACTIONBAR</color>
    <color name="emui_color_gray_3">H7_ACTIONBAR</color>
    <color name="emui_color_gray_2">#1A1A1A</color>
    <color name="emui_color_gray_1">H7_ACTIONBAR</color>
    <color name="emui_functional_red">#ED2A2B</color>
    <color name="emui_functional_green">#3DB03D</color>
    <color name="emui_functional_blue">#1596D1</color>
    <color name="hwdivider_horizontal_color_emui">#00ffffff</color>
    <!--9.0分割线色值-->
    <color name="emui9_divider_color">#00ffffff</color>
    <!--9.0列表条目点击色值-->
    <color name="emui9_list_seletor_color">#1AFFFFFF</color>

    <!--actionbar背景色-->
    <color name="action_bar_bg_white">H7_BACKGROUND_TWO</color>
    <color name="action_bar_bg_gray">H7_ACTIONBAR</color>
    <!--navigationbar背景色-->
    <color name="navigation_bar_bg_white">H7_BACKGROUND_TWO</color>
    <color name="navigation_bar_bg_gray">H7_ACTIONBAR</color>
    <!--8.0actionbar背景色-->
    <color name="action_bar_bg_white_8_0">H7_BACKGROUND_TWO</color>
    <color name="action_bar_bg_gray_8_0">H7_ACTIONBAR</color>
	 <!-- subtab背景 -->
    <color name="sub_tab_bg">H7_ACTIONBAR</color>
    <!-- HwEdittext hint字体颜色 -->
    <color name="hwedit_emui_black_color_alpha_30">#4CFFFFFF</color>
    <!-- 压缩dialog 还原压缩文件中默认字体颜色 -->
    <color name="upsdk_half_black">#80FFFFFF</color>
	  <!-- 饼图的按压 -->
    <color name="color_select_pressed">#1AFFFFFF</color>
	  <!--最近更多的按压效果 -->
    <color name="list_item_bg_pressed">#1AFFFFFF</color>
	<!--最近分隔条效果 -->
    <color name="emui_color_gray_per_1">H7_ACTIONBAR</color>
    <!--饼图正常状态颜色效果 -->
    <color name="color_windowtitle_text">H7_BACKGROUND_TWO</color>

 <!--分类饼状图的颜色-->
 <color name="pieview_total_phone">#332700</color>
 <color name="pieview_avail_phone">#FFBF00</color>
 <!-- 云空间正常的颜色 -->
 <color name="pieview_total_cloud">#001933</color>
 <color name="pieview_avail_cloud">#007DFF</color>
 <!-- 云空间将满，已满的颜色 -->
 <color name="pieview_total_cloud_full">#331700</color>
 <color name="pieview_avail_cloud_full">#FF7500</color>

 <!--搜索出字体高亮颜色效果 -->
 <color name="search_hight_light_color">H7_ACCENT_COLOR</color>
 <!-- 搜索光标的颜色-->
 <color name="search_cursor_color">H7_ACCENT_COLOR</color>
<!--外部程序跳转文件管理器选择文件的actionbar title的颜色-->
<color name="actionbar_title_color">#ffffff</color>
 <color name="list_line_bg">H7_ACTIONBAR</color>
 <color name="color_about_stongbox">H7_ACTIONBAR</color>

 <!--HwSwitch Colors-->
 <color name="hwswitch_bg_off_emui">#FF515151</color>
 <color name="hwswitch_bg_off_disable_emui">#1f1f1f</color>
 <color name="hwswitch_thumb_emui">#FFFFFFFF</color>
 <color name="hwswitch_thumb_emui_dark">#FFFFFFFF</color>
 <color name="hwswitch_thumb_disable_emui">#33FFFFFF</color>
 <color name="hwswitch_thumb_disable_emui_dark">#33FFFFFF</color>
 <color name="hwswitch_on_disable_dark_emui">#338891b9</color>
 <color name="hwswitch_off_disable_dark_emui">#190f1015</color>
 <color name="hwswitch_emui_list_dark_disabled">#33ffffff</color>
 <color name="hwswitch_emui_list_secondary_text_dark">#80ffffff</color>
 <color name="hwswitch_accent_emui">H7_ACCENT_COLOR</color>
 <color name="hwswitch_accent_on_dark_emui">H7_ACCENT_COLOR</color>
 <color name="hwswitch_accent_off_dark_emui">#33FFFFFF</color>
 <color name="hwswitch_thumb_color">#e6e6e6</color>
 <!--HwEdittext的颜色适配-->
 <color name="hwedit_emui_edit_text_hint_color">#33ffffff</color>
 <color name="emui_color_gray_10">#E6E6E6</color>
</resources>