<?xml version="1.0" encoding="UTF-8"?><resources>

    
    <!--栏目的标题颜色-->
    
    <!-- 栏目 会员subtitle文本颜色   -->
    
    <!--栏目的背景-->
    <color name="skin_common_column_background">H7_BACKGROUND</color>
    <!--栏目的右侧 more文本的颜色-->
    
    <!-- 栏目右侧 更多—右箭头图标的颜色  -->
    
    <!-- 栏目右侧 右侧竖向"..."，点击弹出popwindow的icon的颜色 -->
    
    <!--button normal文本颜色-->
    
    <!--列表的第一行文字-->
    
    <!--列表的第二行 第三行文字 第一行的副标题-->
    
    <!--列表的序号的颜色-->
    
    <!--列表的分割线-->
    
    <!--宫格的第一行文字-->
    
    <!--宫格的第二行文字-->
    
    <!--宫格图片中的文字颜色-->
    <color name="skin_common_grid_item_text_in_picture_color">H7_BACKGROUND</color>
    <!--分类的标题-->
    
    <!--subtab 大标题样式下文本的选中颜色-->
    <!--  @color/subtab_active_color  -->
    
    <!--subtab背景色-->
    <color name="skin_common_subtab_background">H7_BACKGROUND</color>
    <!--subtab未选中时的颜色,暂定白色-->
    
    <!--subtab选中时的颜色-->
    <color name="skin_common_subtab_text_selected_color">H7_ACCENT_COLOR</color>
    <!--subtab选中时Indicator的颜色-->
    <color name="skin_common_subtab_indicator_color">H7_ACCENT_COLOR</color>
    <!--详情页列表上方的标题信息颜色-->
    
    <!--actionbar的title颜色-->
    
    <!--actionbar的subtitle颜色-->
    
    <!--actionbar的background-->
    <color name="skin_common_actionbar_background">H7_BACKGROUND</color>
    <!-- ActionBar背景换肤 -->
    <color name="skin_actionbar_background">H7_ACTIONBAR</color>
    <!--沉浸式actionbar的title颜色-->
    <color name="skin_common_immersive_actionbar_title_color">H7_BACKGROUND</color>
    <!--searchbar背景颜色-->
    
    <!--搜索框颜色-->
    <color name="skin_searchbar_edit_press_color">H7_ACTIONBAR</color>
    <!--搜索 edit  字体颜色-->
    
    <!--搜索提示字体色-->
    
    <!-- 底部tab背景换肤变透明 -->
    <!--    @color/tab_toolbar_color-->
    <color name="skin_bottom_tab_background">H7_ACTIONBAR</color>
    <!--底部TAB未选中颜色-->
    
    <!--底部TAB按压颜色-->
    
    <!--底部TAB选中颜色-->
    <color name="skin_bottom_tab_selected_color">H7_ACCENT_COLOR</color>
    <!-- 快速索引条 start-->
    
    <!-- 快速索引条点击后颜色 start-->
    <color name="skin_common_indexer_item_text_highlight_color">H7_ACCENT_COLOR</color>
    <!-- 筛选器文本颜色-->
    <color name="skin_common_filter_item_text_color">H7_ACTIONBAR</color>
    <!-- 筛选器选中后的颜色-->
    <color name="skin_common_filter_item_text_highlight_color">H7_ACCENT_COLOR</color>
    <!-- 筛选器文本颜色-->
    <color name="skin_common_filter_tip_text_color">H7_ACTIONBAR</color>
    <!-- 筛选器背景颜色-->
    <color name="skin_common_filter_tip_background">H7_ACCENT_COLOR</color>
    <!--空数据  图标颜色值-->
    
    <!--空数据  文字颜色-->
    
    <!--空界面 loading时的文本的颜色-->
    
    <!--空界面 loading时的progressbar的颜色-->
    
    <!--下拉刷新（上拉加载更多）loading时的progressbar的颜色-->
    
    <!--下拉刷新（上拉加载更多）loading时的text的颜色-->
    
    <!--上拉加载更多 进度颜色-->
    
    <!--上拉加载更多 文本颜色-->
    
    <!--下拉刷新 进度颜色-->
    
    <!--下拉刷新 文本颜色-->
    
    <!-- loading时的progressbar的颜色-->
    
    <!--loading时的text的颜色-->
    
    <!--设置progress进度颜色 -->
    
    <!--在线list底部logo处文字-->
    
    <!--搜索  shape 颜色-->
    
    <!--等待tip文字 -->
    <color name="skin_wait_tip_text_color">H7_ACTIONBAR</color>
    <!--多选页面底部toolbar的字体颜色-->
    <color name="skin_common_bottom_toolbar_text_color">H7_ACTIONBAR</color>
    <!--公共黑色SVG切图的颜色值-->
    
    <!--公共灰色SVG切图的颜色值-->
    
    <!--深色背景下icon的tint色值-->
    
    
    
    <!--浅色背景下icon的tint色值-->
    
    
    
    <!--swich开关的thumb-->
    <color name="skin_common_switch_thumb">H7_ACCENT_COLOR</color>
    <!--swich开关的track-->
    
    <!--seekbar 的背景颜色-->
    
    <!--seekbar 的progress颜色-->
    <color name="skin_common_seekbar_progress_color">H7_ACCENT_COLOR</color>
    <!--seekbar 的secondProgress(缓冲进度)颜色-->
    <color name="skin_common_seekbar_second_progress_color">H7_ACCENT_COLOR</color>
    <!--社区底部TAB选中颜色-->
    
    <!--社区底部TAB默认颜色-->
    
    <!--社区消息界面列表标题颜色-->
    
    <!--社区消息背景颜色-->
    
    <!--社区消息title字体颜色-->
    
    <!--社区消息界面，下半部分广告item的背景颜色-->
    
    <!--社区消息界面，上半部分item分割线颜色-->
    
    <!--社区消息界面，底部广告item 广告时间字体颜色-->
    
    <!--社区消息界面，底部广告item 查看全部 字体颜色-->
    <color name="skin_community_notice_act_read_all_text_color">H7_ACCENT_COLOR</color>
    <!--社区贴子右侧时间颜色-->
    
    <!--社区用户主页，顶部用户相关信息字体颜色-->
    
    <!-- 社区用户主页，底部viewpager背景色 -->
    <color name="skin_community_user_info_viewpager_bg">H7_BACKGROUND</color>
    <!-- 社区帖子标题，展示、收起提示文字颜色-->
    
    <!-- 社区帖子，点赞跟评论禁用的字体颜色-->
    
    <!-- 社区帖子，已关注字体颜色-->
    
    <!--未读消息-->
    <color name="skin_cnlibrary_messgae_unread_text_color">H7_BACKGROUND</color>
    <!--本地歌曲、我的下载、最近播放、我喜欢、已购歌曲、我的消息 宫格布局item-->
    <!--列表item-->
    
    <!--vip color-->
    
    <!--no vip color-->
    <color name="skin_novip_level_color">H7_ACTIONBAR</color>
    <!--未登录的提示语颜色-->
    
    <!--海外的vip跳转按钮颜色-->
    
    <!--海外的vip跳转按钮颜色-->
    <color name="skin_novip_buy_text_color">H7_ACTIONBAR</color>
    <!-- 评论-->
    <!--原评论，被回复内容字体颜色-->
    <color name="skin_comment_head_name_text_color">H7_ACTIONBAR</color>
    <!--评论用户昵称字体颜色 -->
    
    <!-- 评论时间，评论主页面每条评论右侧的点赞次数颜色-->
    
    <!--回复内容背景色 -->
    
    <!--添加评论的背景色 -->
    
    <!--评论举报选项的字体颜色 -->
    <color name="skin_comment_report_rb_text_color">H7_ACTIONBAR</color>
    <!--回复内容被删除提示局背景色 -->
    
    <!--列表的选中颜色-->
    
    <!--列表块与块之间的分割颜色 如setting页面-->
    
    <!--主题色-->
    <color name="skin_common_brand_theme_color">H7_ACCENT_COLOR</color>
    <!--颜色不可分层部分 start-->
    <!--默认透明不修改-->
    
    <!--设置页面每一块的标题颜色，如联网相关-->
    
    <!--banner 标题-->
    
    <!-- 主题换肤时没有必要设置的白色背景 -->
    <color name="skin_unnecessary_background_white">H7_BACKGROUND</color>
    <!--CustomSubTabLayout RadiuButton文本颜色 -->
    
    <!--社区热门圈子文本颜色 -->
    
    <!--我的页面 用户昵称-->
    
    <!--我的页面 社区管理title颜色-->
    
    <!--我的页面 社区管理desc颜色-->
    
    <!--我的页面 免费声明入口文字颜色-->
    
    <!--我的页面 免费声明入口箭头颜色-->
    
    <!--分类页面 风格、内容等标题颜色-->
    
    <!--分类页面 查看更多、收起榜单颜色-->
    
    <!--分类页面 查看更多、收起榜单上下箭头颜色-->
    
    <!--分类页面 上拉下拉继续浏览图片颜色-->
    
    <!--分类页面 上拉下拉继续浏览文字颜色-->
    
    <!--颜色不可分层部分 end-->
    <!-- PreviewItemLayout(item_multi_layout.xml) start-->
    <!-- android:id="@+id/item_resource_title" -->
    
    <!-- android:id="@+id/item_resource_subtitle" 、android:id="@+id/item_start_price"、android:id="@+id/remind_time_tv" -->
    
    <!-- android:id="@+id/item_end_price"  -->
    
    <!-- 分类左边tab背景色 -->
    <color name="skin_feedback_sdk_action_bar_grey">H7_ACTIONBAR</color>
    <!--分类左边tab选中后背景色-->
    <color name="skin_selected_tab_background">H7_BACKGROUND</color>
    <!--分类左边tab正常字体的颜色-->
    
    <!--我的页面 会员中心普通账号分标题颜色-->
    
    <!--我的页面 会员中心普通账号分副标题颜色-->
    
    <!--我的页面 会员中心普通账号分割线颜色-->
    
    <!--我的页面 会员中心VIP账号分割线颜色-->
    <color name="skin_mine_vip_regist_divider_color">H7_ACCENT_COLOR_DISABLED</color>
    <!--我的页面 会员中心VIP账号分标题颜色-->
    
    <!--我的页面 vip会员副标题颜色-->
    
    <!-- PreviewItemLayout(item_multi_layout.xml) end-->
    <!--推荐 和 分类页面 顶部的搜索条的背景-->
    
    <!--推荐 和 分类页面 顶部的搜索条文本颜色-->
    
    <!--CustomSubTabLayout背景-->
    <color name="skin_custom_subtab_background">H7_BACKGROUND</color>

    
    <color name="skin_tab_bg_color">H7_ACTIONBAR</color>
    <color name="skin_white_color">H7_BACKGROUND</color>
    <color name="skin_overlay_blur_color">H7_ACTIONBAR</color>
    <color name="toolbar_bg_color">H7_BACKGROUND</color>
    
    
    
    
    <color name="current_text_color">H7_ACCENT_COLOR</color>
    <color name="heighlight_color">H7_ACCENT_COLOR</color>
    
    
    
    <color name="progress_button_line">H7_ACCENT_COLOR</color>
    <color name="progress_button_content">H7_ACCENT_COLOR_DISABLED</color>
    <color name="progress_bg_color">H7_ACTIONBAR</color>
    <color name="blank_view_color">H7_ACTIONBAR</color>
    
    
    
    
    
    <color name="progress_button_content_pressed">H7_ACCENT_COLOR_DISABLED</color>
    <color name="private_policy_normal">H7_ACCENT_COLOR</color>
    <color name="icon_white_bg_default_color">H7_ACCENT_COLOR</color>
    
    
    <color name="tab_toolbar_color">H7_BACKGROUND</color>
    <color name="status_bar_color">H7_BACKGROUND</color>
    <color name="emui_color_gray_1">H7_ACTIONBAR</color>
    
    
    
    
    
    <color name="emui_white">H7_BACKGROUND</color>
    
    
    <color name="more_wallpaper_devidecolor">H7_ACTIONBAR</color>
    <color name="count_bag_color">H7_BACKGROUND</color>
    
    
    
    
    <color name="emui_color_gray_2">H7_ACTIONBAR</color>
    
    <color name="emui_white_dialog">H7_ACTIONBAR</color>
    <color name="emui_ratingbar_black">H7_ACTIONBAR</color>
    
    
    
    
    
    <color name="color_favorites_rect">H7_ACTIONBAR</color>
    <!--账号sdk-->
    
    
    
    
    <color name="CS_background">H7_BACKGROUND</color>
    
    
    
    <color name="wallpaper_detail_engine_install_state_bg">H7_ACTIONBAR</color>
    

    <color name="boutique_zone_tab_background">H7_BACKGROUND</color>
    
    <color name="CS_panel_bg">H7_ACTIONBAR</color>
    
    <color name="hwtoolbar_status_color">H7_ACTIONBAR</color>

    <color name="home_default">H7_ACTIONBAR</color>
    
    <color name="tab_bottow_color_navigationin_sink">H7_BACKGROUND</color>
    <color name="new_topic_back_color">H7_ACTIONBAR</color>
    
    
    
    <color name="recommend_card_bg_color">H7_ACTIONBAR</color>
    
    

    <color name="emui_functional_blue">H7_ACCENT_COLOR</color>
    
    
    
    

    <!--light theme-->
    <!--on 填充-->
    <color name="emui_accent">H7_ACCENT_COLOR</color>
    <!--对勾-->
    

    <!--off 线框-->
    
    <!--off 填充-->
    <color name="hwcheckbox_off_mask">H7_BACKGROUND</color>

    <!--dark theme-->
    <!--dark on disable填充-->
    <color name="accent_on_disable_dark_emui">H7_ACCENT_COLOR_DISABLED</color>
    <!--dark disable对勾-->
    
    <!--dark off disable线框-->
    
    <!--dark off 填充-->
    <!--<color name="emui_black">#E6E6E6</color>-->
    <!--dark on enable填充-->
    <color name="hwcheckbox_accent_on_dark_emui">H7_ACCENT_COLOR</color>
    <!--dark off线框-->
    
    <!--dark 对勾-->
    
    <!--dark 分割线-->
    
    <!--dark 评论详情页展示资源-资源描述颜色-->
    
    <!--dark 评论-被回复评论用户名颜色-->
    

    <!--问题反馈页面兼容深色皮肤-->
    
    
    

    <!--云服务问题反馈SDK深色皮肤颜色-->
    
    
    
    
    <color name="feedback_sdk_problem_question_info_bg">H7_ACTIONBAR</color>
    
    
    
    
    
    
    
    
    
    <color name="feedback_sdk_problem_photo_bg">H7_ACTIONBAR</color>
    
    
    
    <color name="feedback_sdk_common_btn_blue">H7_ACCENT_COLOR</color>
    
    
    
    
    <color name="feedback_sdk_tab_slider_bg_color_selected">H7_ACCENT_COLOR</color>
    <color name="feedback_sdk_action_bar_grey">H7_ACTIONBAR</color>
    
    <color name="feedback_sdk_notice_view_pad_background">H7_BACKGROUND</color>
    <color name="feedback_sdk_notice_view_background">H7_BACKGROUND</color>
    
    
    
    
    
    
    <color name="feedback_tab_text_color_selected_20">H7_ACCENT_COLOR_DISABLED</color>
    <!--问题反馈SDK EMUI9.0 深色主题需要添加的色值-->
    



    <!--云服务问题反馈SDK深色皮肤颜色-->
    <!--通用异常错误页面pad下的背景色-->
    <color name="faq_sdk_notice_view_pad_background">H7_BACKGROUND</color>
    <!--通用异常错误页面的背景色-->
    <color name="faq_sdk_notice_view_background">H7_BACKGROUND</color>
    <!--通用异常页面的文字颜色-->
    
    <!--section的背景色-->
    
    <!--section的标题文字颜色-->
    
    <!--grid 分割线颜色-->
    
    <!--list 分割线颜色-->
    
    <!--list 选中状态背景色-->
    
    <!--list 每个item文字颜色-->
    
    <!--正常文本文字颜色-->
    
    <!--次级文本文字颜色-->
    
    <!--高亮文本文字颜色-->
    <color name="faq_sdk_label_highlight_text_color_normal">H7_ACCENT_COLOR</color>
    <!--list提示文本的颜色-->
    
    <!--主题颜色-->
    <color name="faq_sdk_action_bar_grey">H7_ACTIONBAR</color>

    
    <color name="faq_sdk_btn_blue">H7_ACCENT_COLOR</color>
    <!--自定义分享框背景色-->
    <color name="faq_sdk_share_bg">H7_ACTIONBAR</color>
    
    <color name="btn_blue">H7_ACCENT_COLOR</color>
    
    
    
    
    <color name="faq_sdk_category_menu_bg">H7_ACTIONBAR</color>
    <color name="faq_sdk_online_them">H7_BACKGROUND</color>

    
    

    <!--方图背景色填充色-->
    
    
    
    
    

    <!--shortcut图标颜色-->
    
    <!--shortcut背景颜色-->
    
    <!--ring图标背景颜色-->
    
    <!--省电皮肤 热门排行组件字体颜色-->
    
    
    
    
    <!--ring列表文字省电皮肤-->
    
    
    <!--排行榜文字省电皮肤-->
    
    
    <color name="ranking_bg_color">H7_BACKGROUND</color>
    <!--省电皮肤 更多-换一换边框颜色-->
    
    <!--社区消息背景颜色-->
    

    <!--10.0.1.2 hwresources-support aar-->
    <color name="emui_accent_inverse">H7_ACCENT_COLOR</color>
    <color name="emui_accent_pressed">H7_ACCENT_COLOR</color>
    
    
    
    
    
    
    <color name="emui_color_2">H7_ACCENT_COLOR</color>
    
    
    
    
    
    
    
    <color name="emui_color_bg">H7_BACKGROUND</color>
    
    
    
    
    <color name="emui_color_gray_3">H7_ACTIONBAR</color>
    <color name="emui_color_gray_4">H7_ACTIONBAR</color>
    
    
    
    
    
    
    
    
    
    
    
    
    
    
    
    <color name="emui_control_highlight">H7_ACCENT_COLOR</color>
    
    
    <color name="emui_fab_bg_normal">H7_ACCENT_COLOR</color>
    
    
    <color name="emui_functional_blue">H7_ACCENT_COLOR</color>
    <color name="emui_functional_blue_inverse">H7_ACCENT_COLOR</color>
    
    
    
    
    
    
    
    
    
    
    
    
    
    
    
    
    
    
    
    
    

    <!--hwspinner-support 10.0.0.1.2-->
    
    

    <color name="designer_bg">H7_BACKGROUND</color>
    <!--发布页面Item的加号图标的背景颜色-->
    
    <!-- 38% 不透明度黑色-->
    

    <!--社区感兴趣的人背景填充色-->
    <color name="community_interested_color_bg">H7_ACTIONBAR</color>

    <!-- 分类组件边框的颜色-->
    <color name="sort_bord">H7_ACTIONBAR</color>
    <!--优秀设计师推荐背景颜色-->
    <color name="professional_designer_recommend">H7_ACTIONBAR</color>
    
    <color name="emui_white_bg">H7_BACKGROUND</color>
    

    <!--webview分享按钮的颜色-->
    <color name="webview_share_white_color">H7_ACTIONBAR</color>
    <!--造字首页-->
    <color name="font_make_home_page">H7_BACKGROUND</color>
    <!--20%透明度蓝色-->
    <color name="emui_accent_20_percent">H7_ACCENT_COLOR_DISABLED</color>
    <!--社区瀑布流 背景色-->
    
    <!--60%黑深色皮肤下颜色-->
    
    <!--80%黑深色皮肤下颜色-->
    
    <!--我的页面 会员中心标题颜色-->
    
    <!--我的页面 下方滚动视图背景色-->
    <color name="mine_scroll_bg_color">H7_BACKGROUND</color>
    <!--我的页面 会员中心副标题颜色-->
    
    <!--我的页面 会员中心分割线颜色-->
    
    <!--我的页面 免费声明入口文字颜色-->
    
    <!--免费声明 描述区域背景颜色-->
    
    <!--免费声明 描述区域文字颜色-->
    

    <!--全屏隐私协议小盾牌图标颜色-->
    <color name="privacy_icon_color">H7_ACCENT_COLOR</color>
    <!--滤镜页面底部tab颜色-->
    <color name="tab_photo_filter">H7_ACTIONBAR</color>
    

    <!--信息流帖子话题背景色-->
    <color name="topic_item_bg">H7_BACKGROUND</color>
    <!--购买会员套餐界面选中后item背景色-->
    
    <!--底部Tab图标+文本默认颜色，有换肤效果，请勿更名-->
    

    <!-- subtab 选中的颜色-->
    
    <!-- subtab 未选中的颜色-->
    
    
    
    <!--电影模板列表页卡片背景色-->
    <color name="movie_list_card_bg">H7_ACTIONBAR</color>
    <!-- 电影模板shotColor-->
    
    <!--电子刊下载进度数字-->
    
    <!--排行榜图片底色-->
    <color name="category_ranking_bg_color">H7_ACTIONBAR</color>
    <!--排行榜logo底色-->
    
    <!--贴纸更多背景色-->
    
    <!--“我的”的界面推送弹框 省点模式背景色-->
    
    <!--我的页面 社区管理背景色-->
    
    <!--我的页面 社区管理title颜色-->
    
    <!--我的页面 社区管理desc颜色-->
    

    <!--热门搜索结果颜色-->
    
    
    
    
    
    

    <!--  会员满赠记录  -->
    <color name="vip_record_full_minus">H7_ACTIONBAR</color>

    <!--全部频道界面icon的背景色-->
    <color name="tab_channel_icon_bg">H7_ACTIONBAR</color>
    

    <!--发布页-选择美化图片模板选择弹框-->
    <color name="publish_picture_template_pop_bg">H7_ACTIONBAR</color>

    <!--推荐-美化-弹框-作者名称 38%白色-->
    
    <!-- UGC颜色适配修改，90%不透明黑，5%不透明黑  -->
    
    

    <!--综合搜索无结果提示文本颜色-->
    

    

    <!-- pps sdk更新后，去掉了这几个值，这里自定义一下  -->
    
    
    
    <!--普通按钮背景色-->
    

	
	
	<color name="CS_background">H7_BACKGROUND_TWO</color>
	
	
	
	
	
	<color name="CS_emui_color_gray_1">H7_ACTIONBAR</color>
	
	
	<color name="CS_panel_bg">H7_BACKGROUND_TWO</color>
	<color name="accent_on_disable_dark_emui">H7_ACCENT_COLOR_DISABLED</color>
	<color name="account_card_view_text">H7_ACCENT_COLOR</color>
	<color name="background_fit_color_5">H7_ACTIONBAR</color>
	<color name="blank_view_color">H7_BACKGROUND_TWO</color>
	<color name="boutique_zone_tab_background">H7_ACTIONBAR</color>
	
	<color name="color_favorites_rect">H7_BACKGROUND_TWO</color>
	<color name="color_ok_icon">H7_BACKGROUND_TWO</color>
	
	
	<color name="color_white_alpha_20">H7_BACKGROUND_PRESS</color>
	<color name="common_button_disable_color">H7_ACCENT_COLOR</color>
	
	<color name="common_button_normal_color">H7_ACCENT_COLOR</color>
	
	<color name="common_button_press_color">H7_ACCENT_COLOR</color>
	<color name="count_bag_color">H7_BACKGROUND_TWO</color>
	<color name="cover_translucence_color">H7_BACKGROUND_PRESS</color>
	<color name="current_text_color">H7_ACCENT_COLOR</color>
	<color name="designer_bg">H7_ACTIONBAR</color>
	
	<color name="designer_hwauth_textcolor">H7_BACKGROUND_TWO</color>
	
	 
	<color name="emui_accent">H7_ACCENT_COLOR</color>
	
	 
	<color name="emui_color_1">H7_ACCENT_COLOR</color>
	
	<color name="emui_color_bg">H7_BACKGROUND_TWO</color>
	
	
	<color name="emui_color_gray_1">H7_ACTIONBAR</color>
	<color name="emui_color_gray_1">H7_ACTIONBAR</color> 
	<color name="emui_color_gray_1">H7_BACKGROUND_TWO</color>
	<color name="emui_color_gray_1_no_dark">H7_ACTIONBAR</color>
	<color name="emui_color_gray_2">H7_BACKGROUND_TWO</color>
	<color name="emui_color_gray_2">H7_BACKGROUND_TWO</color> 
	
	<color name="emui_color_gray_4">H7_BACKGROUND_TWO</color> 
	
	 
	
	
	
	
	
	
	
	
	
	
	
	<color name="emui_functioanl_blue_dark">H7_ACCENT_COLOR</color>
	
	<color name="emui_functional_blue">H7_ACCENT_COLOR</color>
	
	
	
	
	<color name="emui_ratingbar_black">H7_BACKGROUND_TWO</color>
	
	
	
	
	
	
	
	
	<color name="emui_white">H7_BACKGROUND_TWO</color>
	<color name="emui_white_dialog">H7_BACKGROUND</color>
	
	
	
	
	
	
	<color name="font_samll_text">H7_ACCENT_COLOR</color> 
	<color name="hiad_emui_color_gray_1">H7_ACTIONBAR</color>
	<color name="home_default">H7_ACTIONBAR</color>
	<color name="home_default">H7_BACKGROUND_TWO</color>
	<color name="home_default">H7_BACKGROUND_TWO</color> 
	
	
	<color name="hwbottomnavigationview_bg">H7_ACTIONBAR_BLUR</color>
	
	
	
	
	
	
	<color name="hwcheckbox_accent_on_dark_emui">H7_ACCENT_COLOR</color>
	
	
	
	<color name="hwcheckbox_off_mask">H7_BACKGROUND_TWO</color>
	
	<color name="hwedit_emui_black_color_alpha_30">H7_ACTIONBAR</color>
	
	
	 
	<color name="hwtoolbar_status_color">H7_ACTIONBAR</color>
	<color name="icon_normal_default_color">H7_BACKGROUND_TWO</color>
	<color name="icon_white_bg_default_color">H7_ACCENT_COLOR</color>
	<color name="icon_white_bg_pressed_color">H7_ACCENT_COLOR_PRESS</color>
	
	<color name="line_view_bg">H7_ACTIONBAR</color>
	<color name="line_view_bg">H7_BACKGROUND_TWO</color> 
	
	
	
	
	<color name="live_wallpaper_thumbnail_text_color">H7_ACTIONBAR</color>
	 
	
	<color name="material_grey_50">H7_ACTIONBAR</color>
	<color name="material_grey_100">H7_ACTIONBAR</color>
	
	<color name="more_and_refresh_color">H7_ACTIONBAR</color>
	
	<color name="more_title_press">H7_ACCENT_COLOR</color>
	<color name="more_wallpaper_devidecolor">H7_ACTIONBAR</color>
	
	<color name="new_topic_back_color">H7_BACKGROUND_TWO</color>
	
	
	<color name="online_wallpaper_share_color">H7_ACTIONBAR</color>
	<color name="overlay_blur_color">H7_ACTIONBAR_BLUR</color>
	<color name="pps_download_btn_bg">H7_ACTIONBAR</color>
	<color name="pps_download_btn_text">H7_ACCENT_COLOR</color>
	<color name="pps_download_btn_text">H7_ACTIONBAR</color>
	<color name="pps_download_btn_text_2">H7_ACTIONBAR</color>
	
	<color name="private_policy_normal">H7_ACCENT_COLOR</color>
	<color name="private_policy_press">H7_ACCENT_COLOR_PRESS</color>
	<color name="progress_bg_color">H7_BACKGROUND_TWO</color>
	<color name="progress_button_content">H7_ACCENT_COLOR_DISABLED</color>
	<color name="progress_button_content">H7_ACCENT_COLOR_PRESS</color>
	<color name="progress_button_content_normal">H7_ACCENT_COLOR_PRESS</color>
	<color name="progress_button_content_pressed">H7_ACCENT_COLOR_DISABLED</color>
	<color name="progress_button_content_pressed">H7_ACCENT_COLOR_PRESS</color>
	<color name="progress_button_line">H7_ACCENT_COLOR</color>
	<color name="progress_button_textcolor">H7_ACCENT_COLOR</color>
	
	
	
	<color name="progressbar_progress">H7_ACCENT_COLOR</color>
	<color name="ranking_bg_color">H7_BACKGROUND_TWO</color>
	
	
	<color name="recommend_card_bg_color">H7_ACCENT_COLOR</color>
	<color name="recommend_card_bg_color">H7_BACKGROUND_TWO</color>
	<color name="recommend_subtitle_color2">H7_ACCENT_COLOR</color>
	
	<color name="recommend_subtitle_color">H7_ACCENT_COLOR</color>
	
	<color name="recommend_title_color">H7_ACCENT_COLOR_PRESS</color>
	
	
	
	<color name="ring_background_color">H7_ACTIONBAR</color>
	<color name="ring_background_color">H7_BACKGROUND_TWO</color>
	 
	<color name="ring_bg_color">H7_ACTIONBAR</color>
	
	
	<color name="scrollbar_bg_color">H7_BACKGROUND</color>
	<color name="scrollbar_bg_color">H7_BACKGROUND_TWO</color>
	
	
	
	
	
	
	
	
	<color name="searchview_editview_bg">H7_ACTIONBAR</color>
	<color name="share_preview_bg_color">H7_ACTIONBAR</color>
	<color name="share_preview_bg_color">H7_BACKGROUND</color>
	<color name="share_preview_bg_color">H7_BACKGROUND_TWO</color>
	<color name="shortcut_bg_color">H7_ACTIONBAR</color>
	<color name="shortcut_center">H7_ACCENT_COLOR</color>
	<color name="skin_overlay_blur_color">H7_ACTIONBAR_BLUR</color>
	<color name="skin_sub_tab_indicator_color">H7_ACTIONBAR</color>
	<color name="skin_tab_bg_color">H7_ACTIONBAR</color>
	<color name="skin_tab_bottom_icon_active_color">H7_ACCENT_COLOR</color>
	
	<color name="skin_white_color">H7_ACTIONBAR</color>
	<color name="status_bar_color">H7_BACKGROUND_TWO</color>
	<color name="tab_bottow_color_navigationin_sink">H7_ACTIONBAR_BLUR</color>
	<color name="tab_bottow_color_select">H7_ACCENT_COLOR</color>
	<color name="tab_toolbar_color">H7_BACKGROUND_TWO</color>
	
	
	<color name="tips_and_divider_color">H7_BACKGROUND_TWO</color>
	
	<color name="title_gray">H7_ACCENT_COLOR</color>
	<color name="toolbar_bg_color">H7_ACTIONBAR_BLUR</color>
	
	<color name="upsdk_blue_text_007dff">H7_ACCENT_COLOR</color>
	<color name="upsdk_category_button_select_pressed">H7_ACCENT_COLOR_PRESS</color>
	
	
	
    <!--新增非换肤颜色值请加在下方，保持换肤颜色值在最顶-->
    <!--换肤暂时适配所用，后续将不再支持省电皮肤模式-->
    
    <color name="skin_tab_bg_color">H7_ACTIONBAR</color>
    <color name="skin_white_color">H7_BACKGROUND</color>
    

    <color name="toolbar_bg_color">H7_BACKGROUND</color>
    
    
    
    
    <color name="current_text_color">H7_ACCENT_COLOR</color>
    
    
    <color name="progress_button_line">H7_ACCENT_COLOR</color>
    
    <color name="progress_bg_color">H7_ACTIONBAR</color>
    <color name="blank_view_color">H7_ACTIONBAR</color>
    
    
    
    
    
    <color name="progress_button_content_pressed">H7_ACCENT_COLOR_DISABLED</color>
    <color name="private_policy_normal">H7_ACCENT_COLOR</color>
    <color name="icon_white_bg_default_color">H7_ACCENT_COLOR</color>
    
    
    <color name="tab_toolbar_color">H7_BACKGROUND</color>
    <color name="status_bar_color">H7_BACKGROUND</color>
    <color name="emui_color_gray_1">H7_ACTIONBAR</color>
    
    
    
    
    
    <color name="emui_white">H7_BACKGROUND</color>
    
    <color name="more_wallpaper_devidecolor">H7_ACTIONBAR</color>
    <color name="count_bag_color">H7_BACKGROUND</color>
    
    
    
    
    <color name="emui_color_gray_2">H7_ACTIONBAR</color>
    
    <color name="emui_white_dialog">H7_ACTIONBAR</color>
    
    
    
    
    
    
    <color name="color_favorites_rect">H7_ACTIONBAR</color>
    <!--账号sdk-->
    
    
    
    
    <color name="CS_background">H7_BACKGROUND</color>
    
    
    <color name="wallpaper_detail_engine_install_state_bg">H7_ACTIONBAR</color>
    

    <color name="boutique_zone_tab_background">H7_BACKGROUND</color>
    
    <color name="CS_panel_bg">H7_ACTIONBAR</color>
    
    <color name="hwtoolbar_status_color">H7_ACTIONBAR</color>

    <color name="home_default">H7_ACTIONBAR</color>
    
    <color name="tab_bottow_color_navigationin_sink">H7_BACKGROUND</color>
    <color name="new_topic_back_color">H7_ACTIONBAR</color>
    
    
    
    <color name="recommend_card_bg_color">H7_ACTIONBAR</color>
    
    

    <color name="emui_functional_blue">H7_ACCENT_COLOR</color>
    
    
    
    

    <!--light theme-->
    <!--on 填充-->
    <color name="emui_accent">H7_ACCENT_COLOR</color>
    <!--对勾-->
    

    <!--off 线框-->
    
    <!--off 填充-->
    <color name="hwcheckbox_off_mask">H7_BACKGROUND</color>

    <!--dark theme-->
    <!--dark on disable填充-->
    <color name="accent_on_disable_dark_emui">H7_ACCENT_COLOR_DISABLED</color>
    <!--dark disable对勾-->
    
    <!--dark off disable线框-->
    
    <!--dark off 填充-->
    <!--<color name="emui_black">#E6E6E6</color>-->
    <!--dark on enable填充-->
    <color name="hwcheckbox_accent_on_dark_emui">H7_ACCENT_COLOR</color>
    <!--dark off线框-->
    
    <!--dark 对勾-->
    
    <!--dark 分割线-->
    
    <!--dark 评论详情页展示资源-资源描述颜色-->
    
    <!--dark 评论-被回复评论用户名颜色-->
    

    <!--问题反馈页面兼容深色皮肤-->
    
    
    

    <!--云服务问题反馈SDK深色皮肤颜色-->
    
    
    
    
    <color name="feedback_sdk_problem_question_info_bg">H7_ACTIONBAR</color>
    
    
    
    
    
    
    
    
    
    <color name="feedback_sdk_problem_photo_bg">H7_ACTIONBAR</color>
    
    
    
    <color name="feedback_sdk_common_btn_blue">H7_ACCENT_COLOR</color>
    
    
    
    
    <color name="feedback_sdk_tab_slider_bg_color_selected">H7_ACCENT_COLOR</color>
    <color name="feedback_sdk_action_bar_grey">H7_ACTIONBAR</color>
    
    <color name="feedback_sdk_notice_view_pad_background">H7_BACKGROUND</color>
    <color name="feedback_sdk_notice_view_background">H7_BACKGROUND</color>
    
    
    
    
    
    
    <color name="feedback_tab_text_color_selected_20">H7_ACCENT_COLOR_DISABLED</color>
    <!--问题反馈SDK EMUI9.0 深色主题需要添加的色值-->
    



    <!--云服务问题反馈SDK深色皮肤颜色-->
    <!--通用异常错误页面pad下的背景色-->
    <color name="faq_sdk_notice_view_pad_background">H7_BACKGROUND</color>
    <!--通用异常错误页面的背景色-->
    <color name="faq_sdk_notice_view_background">H7_BACKGROUND</color>
    <!--通用异常页面的文字颜色-->
    
    <!--section的背景色-->
    
    <!--section的标题文字颜色-->
    
    <!--grid 分割线颜色-->
    
    <!--list 分割线颜色-->
    
    <!--list 选中状态背景色-->
    
    <!--list 每个item文字颜色-->
    
    <!--正常文本文字颜色-->
    
    <!--次级文本文字颜色-->
    
    <!--高亮文本文字颜色-->
    <color name="faq_sdk_label_highlight_text_color_normal">H7_ACCENT_COLOR</color>
    <!--list提示文本的颜色-->
    
    <!--主题颜色-->
    <color name="faq_sdk_action_bar_grey">H7_ACTIONBAR</color>

    
    <color name="faq_sdk_btn_blue">H7_ACCENT_COLOR</color>
    <!--自定义分享框背景色-->
    <color name="faq_sdk_share_bg">H7_ACTIONBAR</color>
    
    <color name="btn_blue">H7_ACCENT_COLOR</color>
    
    
    
    
    <color name="faq_sdk_category_menu_bg">H7_ACTIONBAR</color>
    <color name="faq_sdk_online_them">H7_BACKGROUND</color>

    
    

    <!--方图背景色填充色-->
    
    
    
    
    

    <!--shortcut图标颜色-->
    
    <!--shortcut背景颜色-->
    
    <!--ring图标背景颜色-->
    
    <!--省电皮肤 热门排行组件字体颜色-->
    
    
    
    
    <!--ring列表文字省电皮肤-->
    
    
    <!--排行榜文字省电皮肤-->
    
    
    <color name="ranking_bg_color">H7_BACKGROUND</color>
    <!--省电皮肤 更多-换一换边框颜色-->
    
    <!--社区消息背景颜色-->
    <color name="community_notice_bg_color">H7_BACKGROUND</color>

    <!--10.0.1.2 hwresources-support aar-->
    <color name="emui_accent_inverse">H7_ACCENT_COLOR</color>
    <color name="emui_accent_pressed">H7_ACCENT_COLOR</color>
    
    
    
    
    
    
    <color name="emui_color_2">H7_ACCENT_COLOR</color>
    
    
    
    
    
    
    
    <color name="emui_color_bg">H7_BACKGROUND</color>
    
    
    
    
    <color name="emui_color_gray_3">H7_ACTIONBAR</color>
    <color name="emui_color_gray_4">H7_ACTIONBAR</color>
    
    
    
    
    
    
    
    
    
    
    <color name="emui_color_text_highlight">H7_ACCENT_COLOR_PRESS</color>
    
    
    
    
    <color name="emui_control_highlight">H7_ACCENT_COLOR</color>
    
    
    <color name="emui_fab_bg_normal">H7_ACCENT_COLOR</color>
    <color name="emui_fab_bg_pressed">H7_ACCENT_COLOR</color>
    
    <color name="emui_functional_blue">H7_ACCENT_COLOR</color>
    <color name="emui_functional_blue_inverse">H7_ACCENT_COLOR</color>
    
    
    
    
    
    
    
    
    
    
    
    
    
    
    
    
    
    
    
    
    

    <!--hwspinner-support 10.0.0.1.2-->
    
    

    <color name="designer_bg">H7_BACKGROUND</color>
    <!--发布页面Item的加号图标的背景颜色-->
    
    <!-- 38% 不透明度黑色-->
    

    <!--社区感兴趣的人背景填充色-->
    <color name="community_interested_color_bg">H7_ACTIONBAR</color>

    <!-- 分类组件边框的颜色-->
    <color name="sort_bord">H7_ACTIONBAR</color>
    <!--优秀设计师推荐背景颜色-->
    <color name="professional_designer_recommend">H7_ACTIONBAR</color>
    
    <color name="emui_white_bg">H7_BACKGROUND</color>
    

    <!--webview分享按钮的颜色-->
    <color name="webview_share_white_color">H7_ACTIONBAR</color>
    <!--造字首页-->
    <color name="font_make_home_page">H7_BACKGROUND</color>
    <!--20%透明度蓝色-->
    <color name="emui_accent_20_percent">H7_ACCENT_COLOR_DISABLED</color>
    <!--社区瀑布流 背景色-->
    
    <!--60%黑深色皮肤下颜色-->
    
    <!--80%黑深色皮肤下颜色-->
    
    <!--我的页面 会员中心标题颜色-->
    
    <!--我的页面 下方滚动视图背景色-->
    <color name="mine_scroll_bg_color">H7_BACKGROUND</color>
    <!--我的页面 会员中心副标题颜色-->
    
    <!--我的页面 会员中心分割线颜色-->
    
    <!--全屏隐私协议小盾牌图标颜色-->
    <color name="privacy_icon_color">H7_ACCENT_COLOR</color>
    <!--滤镜页面底部tab颜色-->
    <color name="tab_photo_filter">H7_ACTIONBAR</color>
    

    <!--信息流帖子话题背景色-->
    <color name="topic_item_bg">H7_BACKGROUND</color>
    <!--购买会员套餐界面选中后item背景色-->
    
    <!--底部Tab图标+文本默认颜色，有换肤效果，请勿更名-->
    

    <!-- subtab 选中的颜色-->
    
    <!-- subtab 未选中的颜色-->
    
    
    
    <!--电影模板列表页卡片背景色-->
    <color name="movie_list_card_bg">H7_ACTIONBAR</color>
    <!-- 电影模板shotColor-->
    
    <!--电子刊下载进度数字-->
    
    <!--排行榜图片底色-->
    <color name="category_ranking_bg_color">H7_ACTIONBAR</color>
    <!--排行榜logo底色-->
    
    <!--贴纸更多背景色-->
    
    <!--“我的”的界面推送弹框 省点模式背景色-->
    
    <!--我的页面 社区管理背景色-->
    
    <!--我的页面 社区管理title颜色-->
    
    <!--我的页面 社区管理desc颜色-->
    

    <!--热门搜索结果颜色-->
    
    
    
    
    
    

    <!--  会员满赠记录  -->
    <color name="vip_record_full_minus">H7_ACTIONBAR</color>
	
	
	
	
	
	
	
	
	
	
	
	
	
	
	
	    <color name="CS_background">H7_BACKGROUND</color>
    
    
    
    
    
    
    <color name="CS_panel_bg">H7_ACTIONBAR</color>
    
    
    
    <color name="bg_color_harmony">H7_BACKGROUND</color>
    
    <color name="bg_modal_harmony">H7_ACTIONBAR</color>
    
    <color name="bg_we_chat_psd_dialog">H7_ACTIONBAR</color>
    
    <color name="blank_view_color">H7_ACTIONBAR</color>
    
    
    <color name="boutique_zone_tab_background">H7_BACKGROUND</color>
    
    
    
    
    <color name="btn_normal_text_disable">H7_ACCENT_COLOR_DISABLED</color>
    
    <color name="category_ranking_bg_color">H7_ACTIONBAR</color>
    
    
    
    <color name="color_favorites_rect">H7_ACTIONBAR</color>
    
    
    
    <color name="common_button_disable_color">H7_ACCENT_COLOR_DISABLED</color>
    
    
    
    
    <color name="count_bag_color">H7_BACKGROUND</color>
    <color name="designer_bg">H7_BACKGROUND</color>
    
    
    <color name="emui_accent">H7_ACCENT_COLOR</color>
    <color name="emui_accent_20_percent">H7_ACCENT_COLOR_DISABLED</color>
    <color name="emui_accent_bg_30">H7_ACCENT_COLOR_PRESS</color>
    <color name="emui_accent_pressed">H7_ACCENT_COLOR</color>
    <color name="emui_activated">H7_ACCENT_COLOR</color>
    <color name="emui_activated_end">H7_ACCENT_COLOR</color>
    <color name="emui_activated_start">H7_ACCENT_COLOR</color>
    <color name="emui_appbar_bg">H7_BACKGROUND</color>
    
    
    <color name="emui_appbar_subbg">H7_BACKGROUND</color>
    
    
    
    
    
    <color name="emui_bottombar_bg">H7_BACKGROUND</color>
    <color name="emui_bottombar_bg_blur">H7_BACKGROUND</color>
    
    
    
    <color name="emui_bottombar_icon_on">H7_ACCENT_COLOR</color>
    <color name="emui_bottombar_icon_on_auxcolor_02">H7_ACCENT_COLOR_PRESS</color>
    <color name="emui_bottombar_subbg">H7_BACKGROUND</color>
    <color name="emui_bottombar_subbg_blur">H7_BACKGROUND</color>
    
    <color name="emui_bottombar_text_on">H7_ACCENT_COLOR</color>
    <color name="emui_bottomsheet_bg">H7_ACTIONBAR</color>
    
    
    <color name="emui_card_bg">H7_ACTIONBAR</color>
    <color name="emui_card_panel_bg">H7_ACTIONBAR</color>
    <color name="emui_center_color">H7_ACCENT_COLOR</color>
    
    
    
    
    
    
    
    
    
    
    
    
    
    <color name="emui_color_badge">H7_ACCENT_COLOR</color>
    <color name="emui_color_bg">H7_BACKGROUND</color>
    
    
    
    
    
    
    
    
    
    
    
    
    
    
    
    
    
    <color name="emui_color_gray_1">H7_ACTIONBAR</color>
    
    <color name="emui_color_gray_2">H7_ACTIONBAR</color>
    <color name="emui_color_gray_3">H7_ACTIONBAR</color>
    
    
    
    
    
    
    
    
    
    
    <color name="emui_color_subbg">H7_BACKGROUND</color>
    
    
    <color name="emui_color_text_highlight">H7_ACCENT_COLOR_DISABLED</color>
    
    
    
    
    
    
    <color name="emui_control_focused">H7_ACCENT_COLOR</color>
    <color name="emui_control_focused_outline">H7_ACCENT_COLOR</color>
    <color name="emui_control_highlight">H7_ACCENT_COLOR</color>
    
    
    
    <color name="emui_dialog_bg">H7_ACTIONBAR</color>
    <color name="emui_end_color">H7_ACCENT_COLOR</color>
    <color name="emui_fab_bg_normal">H7_ACCENT_COLOR</color>
    <color name="emui_fab_bg_pressed">H7_ACCENT_COLOR</color>
    <color name="emui_fab_shadow_end">H7_ACCENT_COLOR_DISABLED</color>
    <color name="emui_fab_shadow_start">H7_ACCENT_COLOR_DISABLED</color>
    
    
    
    <color name="emui_functional_blue">H7_ACCENT_COLOR</color>
    
    
    
    
    
    
    
    
    
    
    
    
    
    
    
    
    
    
    
    <color name="emui_start_color">H7_ACCENT_COLOR</color>
    <color name="emui_subtab_bg">H7_BACKGROUND</color>
    <color name="emui_subtab_line_on">H7_ACCENT_COLOR</color>
    
    <color name="emui_subtab_text_on">H7_ACCENT_COLOR</color>
    
    
    
    
    
    <color name="emui_textedit_cursor">H7_ACCENT_COLOR</color>
    <color name="emui_toolbar_bg">H7_BACKGROUND</color>
    
    <color name="emui_toolbar_icon_actived">H7_ACCENT_COLOR</color>
    <color name="emui_toolbar_subbg">H7_BACKGROUND</color>
    
    <color name="emui_toolbar_text_actived">H7_ACCENT_COLOR</color>
    <color name="emui_white">H7_BACKGROUND</color>
    <color name="emui_white_dialog">H7_ACTIONBAR</color>
    <color name="engine_install_state_bg">H7_ACTIONBAR</color>
    
    <color name="faq_emui_accent">H7_ACCENT_COLOR</color>
    
    
    
    <color name="faq_emui_white_bg">H7_BACKGROUND</color>
    <color name="faq_sdk_action_bar_grey">H7_ACTIONBAR</color>
    <color name="faq_sdk_btn_blue">H7_ACCENT_COLOR</color>
    <color name="faq_sdk_category_menu_bg">H7_ACTIONBAR</color>
    
    
    <color name="faq_sdk_label_highlight_text_color_normal">H7_ACCENT_COLOR</color>
    
    
    
    
    
    <color name="faq_sdk_notice_view_background">H7_BACKGROUND</color>
    
    <color name="faq_sdk_notice_view_pad_background">H7_BACKGROUND</color>
    <color name="faq_sdk_online_them">H7_BACKGROUND</color>
    
    
    
    <color name="faq_sdk_share_bg">H7_ACTIONBAR</color>
    
    
    
    
    
    
    
    
    
    
    
    <color name="feedback_sdk_notice_view_background">H7_BACKGROUND</color>
    
    <color name="feedback_sdk_notice_view_pad_background">H7_BACKGROUND</color>
    
    <color name="feedback_sdk_problem_photo_bg">H7_ACTIONBAR</color>
    <color name="feedback_sdk_problem_question_info_bg">H7_ACTIONBAR</color>
    
    
    
    
    
    
    
    
    
    
    <color name="feedback_sdk_tab_slider_bg_color_selected">H7_ACCENT_COLOR</color>
    <color name="feedback_sdk_tab_slider_bg_color_selected_50">H7_ACCENT_COLOR_PRESS</color>
    
    
    <color name="feedback_tab_text_color_selected_20">H7_ACCENT_COLOR_DISABLED</color>
    
    <color name="font_make_home_page">H7_BACKGROUND</color>
    
    
    
    
    <color name="grid_item_default_circle_color">H7_ACTIONBAR</color>
    
    
    
    
    
    
    
    
    
    
    
    
    
    
    
    
    
    
    
    
    
    
    
    
    
    
    
    
    <color name="hiad_emui_white">H7_BACKGROUND</color>
    <color name="hiad_endcard_default_bg">H7_ACTIONBAR</color>
    
    
    <color name="hiad_landing_app_down_normal_bg_hm">H7_ACCENT_COLOR</color>
    
    <color name="hiad_open_btn_pressed_bg">H7_ACTIONBAR</color>
    
    
    <color name="hiad_video_progress_blue_hm">H7_ACCENT_COLOR</color>
    
    <color name="home_default">H7_ACTIONBAR</color>
    
    
    
    
    
    
    
    <color name="hwadvancedcardview_Shadow_Color_light">H7_BACKGROUND</color>
    <color name="hwbottomnavigationview_blur_color">H7_ACTIONBAR</color>
    
    <color name="hwbubblelayout_shadow_color_light">H7_BACKGROUND</color>
    
    
    
    <color name="hwbutton_functional_blue_disable">H7_ACCENT_COLOR_DISABLED</color>
    
    
    
    
    
    
    <color name="hwspinner_list_shadow_color">H7_BACKGROUND</color>
    
    
    <color name="hwtoolbar_status_color">H7_ACTIONBAR</color>
    
    
    
    
    
    
    
    <color name="listview_pressed_color">H7_ACTIONBAR</color>
    
    <color name="local_icon_background_color">H7_ACTIONBAR</color>
    
    
    
    
    
    
    
    
    
    
    
    
    <color name="mine_scroll_bg_color">H7_BACKGROUND</color>
    
    
    
    
    
    <color name="more_wallpaper_devidecolor">H7_ACTIONBAR</color>
    
    <color name="movie_list_card_bg">H7_ACTIONBAR</color>
    
    
    <color name="notice_push_bg_color">H7_ACTIONBAR</color>
    
    
    <color name="pps_download_btn_text">H7_ACCENT_COLOR</color>
    <color name="pps_download_btn_text_2">H7_ACCENT_COLOR</color>
    
    <color name="private_policy_normal">H7_ACCENT_COLOR</color>
    
    <color name="professional_designer_recommend">H7_ACTIONBAR</color>
    <color name="progress_bg_color">H7_ACTIONBAR</color>
    <color name="progress_button_content_pressed">H7_ACCENT_COLOR_DISABLED</color>
    <color name="progress_button_line">H7_ACCENT_COLOR</color>
    
    
    <color name="publish_picture_template_pop_bg">H7_ACTIONBAR</color>
    <color name="ranking_bg_color">H7_BACKGROUND</color>
    
    
    <color name="recommend_card_bg_color">H7_ACTIONBAR</color>
    
    
    
    
    
    
    
    
    
    
    
    
    
    
    <color name="select_ring_text_color_secondary">H7_ACCENT_COLOR_PRESS</color>
    <color name="settings_background">H7_BACKGROUND</color>
    <color name="settings_card_bg">H7_ACTIONBAR</color>
    
    
    
    <color name="skin_community_interested_color_bg">H7_ACTIONBAR</color>
    
    <color name="skin_overlay_blur_color">H7_ACTIONBAR</color>
    <color name="skin_tab_bg_color">H7_ACTIONBAR</color>
    
    
    <color name="sort_bord">H7_ACTIONBAR</color>
    <color name="splash_background">H7_BACKGROUND</color>
    <color name="status_bar_color">H7_BACKGROUND</color>
    <color name="sticker_left_unselected">H7_ACTIONBAR</color>
    
    
    
    
    <color name="tab_bottow_color_navigationin_sink">H7_BACKGROUND</color>
    <color name="tab_channel_icon_bg">H7_ACTIONBAR</color>
    
    <color name="tab_photo_filter">H7_ACTIONBAR</color>
    <color name="tab_photo_filter_press">H7_ACTIONBAR</color>
    <color name="tab_toolbar_color">H7_BACKGROUND</color>
    
    
    
    
    
    <color name="theme_color">H7_ACCENT_COLOR</color>
    
    
    
    
    
    
    <color name="toolbar_bg_color">H7_BACKGROUND</color>
    
    
    
    
    
    
    <color name="topic_item_bg">H7_BACKGROUND</color>
    
    
    
    
    <color name="upsdk_color_gray_1">H7_ACTIONBAR</color>
    
    
    <color name="vip_record_full_minus">H7_ACTIONBAR</color>
    <color name="wallpaper_detail_engine_install_state_bg">H7_ACTIONBAR</color>
    
    
    
    
    
    
    <color name="white_95_percent_paster_bottom">H7_BACKGROUND</color>
    <color name="white_95_percent_paster_top">H7_ACTIONBAR</color>
    <color name="accent_on_disable_dark_emui">H7_ACCENT_COLOR_DISABLED</color>
    <color name="emui_white_bg">H7_BACKGROUND</color>
    
    
    
    
    
    
    
    
    
    <color name="hwcheckbox_accent_on_dark_emui">H7_ACCENT_COLOR</color>
    
    
    
    <color name="hwcheckbox_off_mask">H7_BACKGROUND</color>
    
    
    <color name="hwspinner_list_selector_bg_focused_emui">#H7_ACCENT_COLOR_DISABLED</color>
    <color name="progress_button_content">H7_ACCENT_COLOR_DISABLED</color>
	
	
	
</resources>