<?xml version="1.0" encoding="UTF-8"?><resources>

    <item type="drawable" name="album_cover_background">H7_ACTIONBAR_BLUR</item>
    <item type="drawable" name="fragment_viewpage_background">H7_BACKGROUND</item>
    <item type="drawable" name="grid_background">H7_ACTIONBAR_BLUR</item>
    
    
    





    
    
    
    
    <color name="actionbar_background_color">H7_BACKGROUND</color>
    <color name="actionbar_hightlight_text_color_normal">H7_ACCENT_COLOR</color>
    <color name="actionbar_hightlight_text_color_white">H7_ACCENT_COLOR</color>
    
    <color name="album_background">H7_BACKGROUND</color>
    <color name="album_cover_background">H7_ACTIONBAR_BLUR</color>
    
    <color name="album_placeholder">H7_ACTIONBAR_BLUR</color>
    <color name="album_set_background">H7_BACKGROUND</color>
    <color name="albumset_background">H7_BACKGROUND</color>
    
    
    <color name="albumset_label_select_title">H7_ACCENT_COLOR</color>
    
    
    
    
    
    <color name="background_white">H7_BACKGROUND</color>
    <color name="bardian_time_line_group_title_text_color">H7_ACCENT_COLOR</color>
    
    
    <color name="bitmap_screennail_placeholder">H7_ACTIONBAR_BLUR</color>
    <color name="button_dark_transparent_background">H7_BACKGROUND</color>
    <color name="cache_background">H7_ACTIONBAR_BLUR</color>
    <color name="cache_placeholder">H7_ACTIONBAR_BLUR</color>
    <color name="cloud_placeholder">H7_ACTIONBAR_BLUR</color>
    
    
    
    <color name="crop_button_notselected">H7_BACKGROUND</color>
    <color name="crop_button_selected">H7_ACCENT_COLOR</color>
    
    
    <color name="default_background">H7_BACKGROUND</color>
    <color name="default_statusbar_color">H7_BACKGROUND</color>
    
    
    <color name="dialog_content_textcolor">H7_ACTIONBAR_BLUR</color>
    <color name="distance_line_color">H7_ACCENT_COLOR</color>
    
    
    
    
    <color name="editor_reset_color">H7_ACCENT_COLOR</color>
    
    <color name="emui_accent">H7_ACCENT_COLOR</color>
    <color name="emui_accent_inverse">H7_ACCENT_COLOR</color>
    <color name="emui_accent_pressed">H7_ACCENT_COLOR</color>
    
    
    
    
    
    
    
    
    
    
    
    
    
    
    <color name="emui_color_bg">H7_BACKGROUND</color>
    
    
    
    
    <color name="emui_color_gray_1">H7_ACTIONBAR_BLUR</color>
    
    <color name="emui_color_gray_2">H7_ACTIONBAR_BLUR</color>
    <color name="emui_color_gray_3">H7_ACTIONBAR_BLUR</color>
    <color name="emui_color_gray_4">H7_ACTIONBAR_BLUR</color>
    
    
    
    
    
    
    
    
    
    
    <color name="emui_color_text_highlight">H7_ACCENT_COLOR_PRESS</color>
    
    
    
    
    <color name="emui_control_highlight">H7_ACCENT_COLOR</color>
    
    
    <color name="emui_functional_blue">H7_ACCENT_COLOR</color>
    <color name="emui_functional_blue_inverse">H7_ACCENT_COLOR</color>
    
    
    
    
    
    
    
    
    
    
    
    <color name="emui_tab_title_selected_light">H7_ACCENT_COLOR</color>
    <color name="emui_tab_title_selected_pressed_light">H7_ACCENT_COLOR_PRESS</color>
    
    
    
    
    
    
    
    
    
    <color name="freeshare_device_title_textcolor">H7_ACCENT_COLOR</color>
    
    
    
    
    
    
    
    
    
    <color name="icon_white_background_color_activated">H7_ACCENT_COLOR</color>
    <color name="icon_white_background_color_disabled">H7_ACCENT_COLOR</color>
    <color name="icon_white_background_color_normal">H7_ACCENT_COLOR</color>
    
    
    
    
    <color name="list_album_sys_bg">H7_ACTIONBAR_BLUR</color>
    
    
    
    
    
    <color name="photo_background">H7_BACKGROUND</color>
    <color name="photo_page_full_immersion_color">H7_BACKGROUND</color>
    
    <color name="photo_placeholder">H7_ACTIONBAR_BLUR</color>
    
    
    
    
    <color name="photo_share_policy_color">H7_ACCENT_COLOR</color>
    <color name="photo_view_background_color">H7_BACKGROUND</color>
    <color name="photomore_info_background">H7_BACKGROUND</color>
    
    
    <color name="photopage_bottom_buttom_pressed">H7_ACCENT_COLOR</color>
    
    <color name="photoshare_down_up_status_progress_bgd_color_2">H7_ACTIONBAR_BLUR</color>
    
    <color name="photoshare_login_background_color">H7_BACKGROUND</color>
    
    
    
    
    <color name="photoshare_new_share_name_text_color">H7_ACCENT_COLOR</color>
    
    <color name="recycle_circle_bg">H7_ACTIONBAR_BLUR</color>
    
    
    
    
    
    <color name="search_suggestion_tag_color">H7_ACTIONBAR_BLUR</color>
    <color name="search_suggestion_tag_view_background">H7_BACKGROUND</color>
    
    <color name="selection_all_bg_color">H7_BACKGROUND</color>
    
    
    <color name="slideshow_background">H7_BACKGROUND</color>
    <color name="switcher_mode_text">H7_ACCENT_COLOR</color>
    
    
    <color name="text_and_icon_highlight">H7_ACCENT_COLOR</color>
    
    
    
    
    
    
    
    
    
    <color name="use_network_bottom_line_color">H7_ACTIONBAR_BLUR</color>
    <color name="user_guard_tutton_text_color_normal">H7_ACCENT_COLOR</color>
    
    
    
    
    
    
    
    <color name="welcome_page_background">H7_BACKGROUND</color>
    
    
    
    <color name="actionbar_number_background_color">H7_ACTIONBAR_BLUR</color>
    <color name="actionbar_primary_background">H7_BACKGROUND</color>
    
    
    <color name="activity_background">H7_BACKGROUND</color>
    
    
    
    
    
    <color name="image_damage_background_color">H7_ACTIONBAR_BLUR</color>
    
    
    
    
    
    
    
    
    
    
    
    
    <color name="photoshare_invite_status_waiting">H7_ACCENT_COLOR</color>
    
    
    <color name="wallpaper_controll_actived">H7_ACCENT_COLOR</color>
    
	
	
	
	
	
	<color name="action_divider_color">H7_ACTIONBAR_BLUR</color>
	<color name="actionbar_number_background_color">H7_ACTIONBAR_BLUR</color>
	<color name="actionbar_primary_background">H7_ACTIONBAR_BLUR</color>
	<color name="album_background">H7_ACTIONBAR_BLUR</color>
	<color name="album_cover_background">H7_ACTIONBAR_BLUR</color>
	<color name="album_placeholder">H7_ACTIONBAR_BLUR</color>
	<color name="alpha_black10">H7_ACTIONBAR_BLUR</color>
	<color name="background_white">H7_ACTIONBAR_BLUR</color>
	<color name="bardian_title_background">H7_ACTIONBAR_BLUR</color>
	<color name="bitmap_screennail_placeholder">H7_ACTIONBAR_BLUR</color>
	<color name="cache_background">H7_ACTIONBAR_BLUR</color>
	<color name="cache_placeholder">H7_ACTIONBAR_BLUR</color>
	<color name="cloud_placeholder">H7_ACTIONBAR_BLUR</color>
	<color name="default_statusbar_color">H7_ACTIONBAR_BLUR</color>
	<color name="dialog_content_textcolor">H7_ACTIONBAR_BLUR</color>
	<color name="emui_action_bar_title_text_color_light">H7_ACTIONBAR_BLUR</color>
	<color name="emui_color_fg">H7_ACTIONBAR_BLUR</color>
	<color name="emui_color_gray_1">H7_ACTIONBAR_BLUR</color>
	<color name="emui_color_gray_3">H7_ACTIONBAR_BLUR</color>
	<color name="emui_color_gray_4">H7_ACTIONBAR_BLUR</color>
	<color name="gray_title_groundcolor">H7_ACTIONBAR_BLUR</color>
	<color name="hwsubtab_emui_subtab_text_off">H7_ACTIONBAR_BLUR</color>
	<color name="hwsubtab_emui_subtab_text_on">H7_ACTIONBAR_BLUR</color>
	<color name="hwtoolbar_background">H7_ACTIONBAR_BLUR</color>
	<color name="icon_black_background_active_color">H7_ACTIONBAR_BLUR</color>
	<color name="icon_white_background_active_color">H7_ACTIONBAR_BLUR</color>
	<color name="icon_white_background_color">H7_ACTIONBAR_BLUR</color>
	<color name="icon_white_background_color_activated">H7_ACTIONBAR_BLUR</color>
	<color name="icon_white_background_color_normal">H7_ACTIONBAR_BLUR</color>
	<color name="image_damage_background_color">H7_ACTIONBAR_BLUR</color>
	<color name="list_album_sys_bg">H7_ACTIONBAR_BLUR</color>
	<color name="navi_bar_bg_color">H7_ACTIONBAR_BLUR</color>
	<color name="photo_page_full_immersion_color">H7_ACTIONBAR_BLUR</color>
	<color name="photo_page_immersion_color">H7_ACTIONBAR_BLUR</color>
	<color name="photo_placeholder">H7_ACTIONBAR_BLUR</color>
	<color name="photo_share_edit_friends_text_enable_color_light">H7_ACTIONBAR_BLUR</color>
	<color name="photo_view_background_color">H7_ACTIONBAR_BLUR</color>
	<color name="photomore_info_background">H7_ACTIONBAR_BLUR</color>
	<color name="photoshare_down_up_status_progress_bgd_color_2">H7_ACTIONBAR_BLUR</color>
	<color name="photoshare_new_share_name_text_color">H7_ACTIONBAR_BLUR</color>
	<color name="recycle_circle_bg">H7_ACTIONBAR_BLUR</color>
	<color name="search_suggestion_tag_color">H7_ACTIONBAR_BLUR</color>
	<color name="search_suggestion_tag_view_background">H7_ACTIONBAR_BLUR</color>
	<color name="slideshow_background">H7_ACTIONBAR_BLUR</color>
	<color name="status_bar_bg_color">H7_ACTIONBAR_BLUR</color>
	<color name="title_sub_title_text_enable_color_light">H7_ACTIONBAR_BLUR</color>
	<color name="use_network_bottom_line_color">H7_ACTIONBAR_BLUR</color>
	<color name="watermark_list_item_color">H7_ACTIONBAR_BLUR</color>
	<drawable name="fragment_viewpage_background">H7_ACTIONBAR_BLUR</drawable>
	<drawable name="grid_background">H7_ACTIONBAR_BLUR</drawable>
	<item type="drawable" name="album_cover_background">H7_ACTIONBAR_BLUR</item>
	<item type="drawable" name="fragment_viewpage_background">H7_BACKGROUND</item>
	<item type="drawable" name="grid_background">H7_ACTIONBAR_BLUR</item>
	
	
	
	
	
	
	
	
	
	
	
</resources>