<?xml version="1.0" encoding="UTF-8"?><resources>
    
    
    <color name="ar">H7_BACKGROUND</color>
    <color name="au">H7_ACTIONBAR</color>
    
    <color name="b6">H7_ACCENT_COLOR</color>
    
    
    <color name="c8">H7_ACCENT_COLOR</color>
    <color name="c9">H7_ACCENT_COLOR</color>
    <color name="cd">H7_ACCENT_COLOR</color>
    <color name="ch">H7_ACCENT_COLOR</color>
    <color name="cj">H7_ACCENT_COLOR</color>
    <color name="cm">H7_ACCENT_COLOR</color>
    <color name="cq">H7_BACKGROUND</color>
    
    
    <color name="d2">H7_BACKGROUND</color>
    
    
    
    
    
    <color name="dh">H7_BACKGROUND</color>
    <color name="di">H7_BACKGROUND</color>
    
    
    
    <color name="dw">H7_ACCENT_COLOR</color>
    
    <color name="e5">H7_BACKGROUND</color>
    <color name="e6">H7_BACKGROUND</color>
    
    <color name="ed">H7_ACCENT_COLOR</color>
    <color name="eg">H7_ACTIONBAR</color>
    
    
    <color name="ep">H7_ACTIONBAR</color>
    <color name="es">H7_ACTIONBAR</color>
    <color name="ev">H7_ACCENT_COLOR</color>
    
    <color name="f1">H7_ACCENT_COLOR</color>
    
    
    <color name="f_">H7_ACCENT_COLOR</color>
    <color name="fc">H7_ACCENT_COLOR</color>
    
    
    
    
    
    
    <color name="fx">H7_ACCENT_COLOR</color>
    <color name="g0">H7_BACKGROUND</color>
    
    
    
    <color name="gc">H7_ACCENT_COLOR</color>
    
    
    
    
    
    
    
    
    
    
    
    
    
    <color name="hj">H7_ACTIONBAR</color>
    
    <color name="hl">H7_ACTIONBAR</color>
    <color name="hm">H7_ACTIONBAR</color>
    <color name="hn">H7_ACTIONBAR</color>
    
    
    
    
    
    
    
    
    
    <color name="ia">H7_BACKGROUND</color>
    
    
    <color name="ij">H7_ACCENT_COLOR_DISABLED</color>
    
    
    
    <color name="iv">H7_ACTIONBAR</color>
    
    <color name="j4">H7_ACCENT_COLOR</color>
    <color name="j6">H7_ACCENT_COLOR</color>
    <color name="j_">H7_ACCENT_COLOR</color>
    
    
    
    <color name="jl">H7_ACTIONBAR</color>
    <color name="jo">H7_ACCENT_COLOR</color>
    <color name="jr">H7_ACCENT_COLOR</color>
    <color name="ju">H7_ACCENT_COLOR</color>
    <color name="k6">H7_ACCENT_COLOR_DISABLED</color>
    <color name="k9">H7_ACCENT_COLOR_DISABLED</color>
    
    
    
    <color name="kk">H7_ACCENT_COLOR</color>
    
    
    
    
    
    
    
    
    
    
    
    
    
    
    
    
    
    <color name="nc">H7_ACCENT_COLOR</color>
    <color name="nf">H7_BACKGROUND</color>
    <color name="nl">H7_ACCENT_COLOR</color>
    
    <color name="nr">H7_ACCENT_COLOR</color>
    
    
    
    
    
    
    <color name="ou">H7_BACKGROUND</color>
    
    <color name="p1">H7_ACCENT_COLOR</color>
    <color name="p9">H7_BACKGROUND</color>
    
    <color name="pc">H7_ACCENT_COLOR</color>
    
    <color name="pl">H7_ACTIONBAR</color>
    
    <color name="pv">H7_BACKGROUND</color>
    <color name="pz">H7_BACKGROUND</color>
    <color name="q5">H7_ACCENT_COLOR_DISABLED</color>
    
    
    <color name="qr">H7_ACCENT_COLOR_DISABLED</color>
    
    
    
    
    
    <color name="t_">H7_BACKGROUND</color>
    
    <color name="un">H7_ACCENT_COLOR</color>
    
    
    
    
    
    
    
    <color name="uw">H7_BACKGROUND</color>
    <color name="ux">#00ffffff</color>
    
    <color name="uz">H7_BACKGROUND</color>
    
    
    
    <color name="v4">H7_ACTIONBAR</color>
    
    
    
    
    <color name="vg">H7_BACKGROUND</color>
    <color name="vh">H7_ACCENT_COLOR</color>
    
    <color name="vl">H7_ACTIONBAR</color>
    
    
    
    
    <color name="vv">H7_ACCENT_COLOR</color>
    <color name="vx">H7_ACCENT_COLOR</color>
    
    
    
    
    
    
    
    
    
    <color name="wi">H7_ACCENT_COLOR</color>
    
    
    <color name="wq">H7_ACCENT_COLOR</color>
    <color name="ws">H7_ACCENT_COLOR</color>
    
    
    
    
    
    
    <color name="x8">H7_ACTIONBAR</color>
    <color name="x_">H7_ACCENT_COLOR</color>
    
    
    
    
    
    
    
    
    
    
    
    
    
    
    <color name="zn">H7_BACKGROUND</color>
    
    
    
</resources>
