<?xml version="1.0" encoding="UTF-8"?><resources>
    <color name="account_bg_end">H7_ACTIONBAR</color>
    <color name="account_bg_start">H7_ACTIONBAR</color>
    <color name="activity_account">H7_BACKGROUND</color>
    <color name="color_product_list_item">H7_ACTIONBAR</color>
    <color name="color_product_obtain">H7_ACTIONBAR</color>
    
    
    
    
    
    
    
    
    
    
    <color name="color_toolbar_bg">H7_ACTIONBAR</color>
    
    
    <color name="fill_gradient_end">H7_ACTIONBAR</color>
    <color name="fill_gradient_start">H7_ACTIONBAR</color>
    <color name="inner_shadow_color">H7_BACKGROUND</color>
    <color name="product_item_label_bg">H7_ACTIONBAR</color>
    
    
    <color name="product_obtain_bg">H7_ACTIONBAR</color>
    
    
    <color name="recorder_button_bg">H7_ACTIONBAR</color>
    <color name="recorder_button_bg_press">H7_ACTIONBAR</color>
    <color name="search_background">H7_BACKGROUND</color>
    <color name="shadow_color_end">#00000000</color>
    
    

    <color name="emui_accent">H7_ACCENT_COLOR</color>
    <color name="emui_accent_pressed">H7_ACCENT_COLOR</color>
    <color name="emui_activated">H7_ACCENT_COLOR</color>
    <color name="emui_activated_end">H7_ACCENT_COLOR</color>
    <color name="emui_activated_start">H7_ACCENT_COLOR</color>
    <color name="emui_appbar_bg">H7_BACKGROUND</color>
    
    
    <color name="emui_appbar_subbg">H7_BACKGROUND</color>
    
    
    
    
    
    <color name="emui_bottombar_bg">H7_BACKGROUND</color>
    <color name="emui_bottombar_bg_blur">H7_BACKGROUND</color>
    
    
    
    <color name="emui_bottombar_icon_on">H7_ACCENT_COLOR</color>
    <color name="emui_bottombar_icon_on_auxcolor_02">H7_ACCENT_COLOR_PRESS</color>
    <color name="emui_bottombar_subbg">H7_BACKGROUND</color>
    <color name="emui_bottombar_subbg_blur">H7_BACKGROUND</color>
    
    <color name="emui_bottombar_text_on">H7_ACCENT_COLOR</color>
    <color name="emui_bottomsheet_bg">H7_ACTIONBAR</color>
    
    
    <color name="emui_card_bg">H7_ACTIONBAR</color>
    <color name="emui_card_panel_bg">H7_ACTIONBAR</color>
    <color name="emui_center_color">H7_ACCENT_COLOR</color>
    
    
    
    
    <color name="emui_color_2">H7_ACCENT_COLOR</color>
    <color name="emui_color_3">H7_ACCENT_COLOR</color>
    
    
    
    
    
    
    <color name="emui_color_badge">H7_ACCENT_COLOR</color>
    <color name="emui_color_bg">H7_BACKGROUND</color>
    
    
    
    
    
    
    <color name="emui_color_fg_2">H7_ACCENT_COLOR</color>
    <color name="emui_color_fg_3">H7_ACCENT_COLOR</color>
    
    
    
    
    
    
    
    
    
    <color name="emui_color_gray_1">H7_ACTIONBAR</color>
    
    <color name="emui_color_gray_2">H7_ACTIONBAR</color>
    <color name="emui_color_gray_3">H7_ACTIONBAR</color>
    <color name="emui_color_gray_4">H7_ACTIONBAR</color>
    
    
    
    
    
    
    
    
    
    <color name="emui_color_subbg">H7_BACKGROUND</color>
    
    
    <color name="emui_color_text_highlight">H7_ACCENT_COLOR_PRESS</color>
    
    
    
    <color name="emui_color_tips_bg">H7_ACTIONBAR</color>
    <color name="emui_color_tooltips_bg">H7_ACTIONBAR</color>
    
    <color name="emui_control_focused">H7_ACCENT_COLOR</color>
    <color name="emui_control_focused_outline">H7_ACCENT_COLOR</color>
    <color name="emui_control_highlight">H7_ACCENT_COLOR</color>
    
    
    
    <color name="emui_dialog_bg">H7_ACTIONBAR</color>
    <color name="emui_end_color">H7_ACCENT_COLOR</color>
    <color name="emui_fab_bg_normal">H7_ACCENT_COLOR</color>
    <color name="emui_fab_bg_pressed">H7_ACCENT_COLOR</color>
    <color name="emui_fab_shadow_end">H7_ACCENT_COLOR_DISABLED</color>
    <color name="emui_fab_shadow_start">H7_ACCENT_COLOR_DISABLED</color>
    
    
    
    <color name="emui_functional_blue">H7_ACCENT_COLOR</color>
    
    
    
    
    
    
    
    
    
    
    
    
    
    
    
    
    
    <color name="emui_start_color">H7_ACCENT_COLOR</color>
    <color name="emui_subtab_bg">H7_BACKGROUND</color>
    <color name="emui_subtab_line_on">H7_ACCENT_COLOR</color>
    
    <color name="emui_subtab_text_on">H7_ACCENT_COLOR</color>
    
    
    
    
    
    
    <color name="emui_textedit_cursor">H7_ACCENT_COLOR</color>
    <color name="emui_toolbar_bg">H7_BACKGROUND</color>
    
    <color name="emui_toolbar_icon_actived">H7_ACCENT_COLOR</color>
    <color name="emui_toolbar_subbg">H7_BACKGROUND</color>
    
    <color name="emui_toolbar_text_actived">H7_ACCENT_COLOR</color>
    
    
    
    <color name="hiad_open_btn_pressed_bg">H7_ACTIONBAR</color>
    
    <color name="hwadvancedcardview_Shadow_Color_light">H7_BACKGROUND</color>
    <color name="hwbutton_color_emui_accent_disable">H7_ACCENT_COLOR_DISABLED</color>
    
    
    <color name="hwbutton_functional_blue_disable">H7_ACCENT_COLOR_DISABLED</color>
    
    
    
    
    <color name="hwspinner_list_shadow_color">H7_BACKGROUND</color>
    
	
	    <color name="color_toolbar_bg">H7_ACTIONBAR</color>
    <color name="recorder_button_bg_press">H7_ACCENT_COLOR</color>
    <color name="recorder_button_bg">H7_ACCENT_COLOR</color>
    
    <color name="emui_accent_inverse">H7_ACCENT_COLOR</color>
    
    
    
    
    
    
    
    
    
    
    
    
    
    
    
    
    
    
    
    
    
    
    
    
    
    
    
    
    
    
    
    
    
    
    
    
    
    
    
    
    
    
    
    
    
    
    
    
    
    
    
    
    
    
    
    
    
    
    
    
    
    
    
    
    
    
    
    
    
    
    <color name="emui_functional_blue_inverse">H7_ACCENT_COLOR</color>
    
    
    
    
    
    
    
    
    
    
    
    
    
    
    
    
    
    
    
    <color name="emui_text_highlight_inverse">H7_ACCENT_COLOR_PRESS</color>
    
    
    
    
    
    
    
    <color name="emui_toast_bg">H7_ACTIONBAR</color>
    
    
    
    
    
    
    
    
    
    
    
    
    <color name="product_item_original_bg">H7_ACTIONBAR</color>
    <color name="product_item_preferential_bg">H7_ACTIONBAR</color>
    
    
    
    <color name="color_shadow_gradient_start">H7_ACTIONBAR</color>
    <color name="color_shadow_gradient_end">H7_BACKGROUND</color>
    <color name="color_shadow_pressed_gradient_start">H7_ACTIONBAR</color>
    <color name="color_shadow_pressed_gradient_end">H7_BACKGROUND</color>
    
    
</resources>
