<?xml version="1.0" encoding="utf-8"?>

<MIUI_Theme_Values template="DarkTemplate">
  <color name="hint_edit_text_dialog_color_light" package="miui">#66ffffff</color>
  <color name="preference_secondary_text_color_pressed_light" package="miui">#99ffffff</color>
  <color name="cloud_recommend_msg_color">H7_ACCENT_COLOR</color>
  <color name="svg_icon_color_pressed">#99ffffff</color>
  <color name="normal_card_text_primary">#99ffffff</color>
  <color name="card_body_bg">H7_ACTIONBAR</color>
  <color name="text_color_message_in">#e6ffffff</color>
  <color name="list_text_color_checked_light" package="miui">#e6ffffff</color>
  <color name="list_text_color_pressed_light">#e6ffffff</color>
  <color name="edit_text_color_light" package="miui">#e6ffffff</color>
  <color name="dialog_list_text_color_normal_light" package="miui">#e6ffffff</color>
  <color name="dialog_checkbox_text_color_light" package="miui">#99ffffff</color>
  <color name="divider_color_light" package="miui">#0dffffff</color>
  <color name="button_text_color_light" package="miui">#e6ffffff</color>
  <color name="word_photo_color" package="miui">#f4ffffff</color>
  <color name="text_edit_action_popup_more_normal_light" package="miui">H7_ACCENT_COLOR</color>
  <color name="text_color_message_out">#e6ffffff</color>
  <color name="edit_text_search_bg_color_light" package="miui">#ff383838</color>
  <color name="checkbox_btn_on_background_color_light" package="miui">H7_ACCENT_COLOR</color>
  <color name="button_text_color_guide_normal_light" package="miui">H7_ACCENT_COLOR</color>
  <color name="action_mode_button_text_color_normal_light" package="miui">#e6ffffff</color>
  <color name="verfication_card_text_primary">#e6ffffff</color>
  <color name="text_color_message_alert_secondary">#99ffffff</color>
  <color name="dialog_simple_list_title_color_light" package="miui">#e6ffffff</color>
  <color name="recommend_bar_message_color">#66ffffff</color>
  <color name="text_edit_action_popup_summary_normal_light" package="miui">#99ffffff</color>
  <color name="dim_foreground_light" package="miui">#99ffffff</color>
  <color name="immersion_text_color_normal_light" package="miui">#e6ffffff</color>
  <bool name="check_widget_anim_enable" package="miui">false</bool>
  <color name="dialog_bg_color_light" package="miui">H7_ACTIONBAR</color>
  <color name="text_color_message_out_mx">#e6ffffff</color>
  <integer name="window_translucent_status" package="miui">2</integer>
  <color name="edit_text_search_hint_color_light" package="miui">#66ffffff</color>
  <color name="recommend_bar_title_color">#e6ffffff</color>
  <color name="text_select_item_bg_color_pressed_light" package="miui">#0dffffff</color>
  <color name="text_color_message_alert_pressed">#ffffffee</color>
  <color name="dialog_message_text_color_light" package="miui">#e6ffffff</color>
  <color name="preference_primary_text_color_pressed_light" package="miui">#e6ffffff</color>
  <color name="text_edit_action_popup_info_normal_light" package="miui">#66ffffff</color>
  <color name="contact_card_item_tag_text_color">#99ffffff</color>
  <color name="list_view_item_group_header_text_light" package="miui">#66ffffff</color>
  <color name="text_color_attachment_type">#e6ffffff</color>
  <color name="blank_page_text_color_light" package="miui">#66ffffff</color>
  <color name="sliding_button_bar_off_light" package="miui">#26ffffff</color>
  <color name="audio_bottom_color">H7_ACCENT_COLOR</color>
  <color name="sms_card_detail_text_background">H7_BACKGROUND</color>
  <color name="dropdown_popup_list_item_bg_pressed_light" package="miui">#0dffffff</color>
  <color name="list_secondary_text_color_pressed_light_message">#99ffffff</color>
  <color name="recommend_bar_home_background_color">H7_ACTIONBAR</color>
  <color name="bright_foreground_light_disabled">#4fffffff</color>
  <color name="checkbox_btn_on_foreground_color_light" package="miui">#ffffffff</color>
  <color name="menu_list_text_color_disabled_light" package="miui">#4fffffff</color>
  <color name="list_secondary_text_color_pressed_light" package="miui">#99ffffff</color>
  <color name="slide_controler_bg">#19ffffff</color>
  <color name="action_bar_subtitle_text_light" package="miui">#99ffffff</color>
  <color name="list_secondary_text_color_disable_light" package="miui">#4fffffff</color>
  <color name="card_original_text_primary">#99ffffff</color>
  <color name="edit_text_search_color_light" package="miui">#e6ffffff</color>
  <color name="svg_icon_color_normal_light" package="miui">#e6ffffff</color>
  <color name="edit_text_border_color" package="miui">H7_ACCENT_COLOR</color>
  <color name="action_bar_tab_text_color_pressed_light" package="miui">#e6ffffff</color>
  <color name="bubble_border_color">#35ffffff</color>
  <color name="text_color_message_out_pressed">#e6ffffff</color>
  <color name="checkbox_btn_disable_background_color_light" package="miui">#ffffffff</color>
  <color name="sms_card_detail_text_highlight_color">H7_ACCENT_COLOR</color>
  <color name="text_edit_action_popup_text_pressed" package="miui">H7_ACCENT_COLOR</color>
  <color name="list_secondary_text_color_checked_light" package="miui">#99ffffff</color>
  <color name="text_color_message_out_sendtitle">#ffffffee</color>
  <color name="svg_icon_color_pressed_light" package="miui">#99ffffff</color>
  <color name="contact_card_bg_color_p">H7_BACKGROUND</color>
  <color name="sliding_btn_slider_off_normal_color_light" package="miui">#ffffffff</color>
  <color name="contact_card_bg_color_n">H7_ACTIONBAR</color>
  <color name="preference_secondary_text_color_light" package="miui">#99ffffff</color>
  <color name="card_background_covered_bg_n">H7_ACTIONBAR</color>
  <color name="contact_card_title_text_color">#e6ffffff</color>
  <color name="dropdown_popup_list_item_bg_normal_light" package="miui">#00ffffff</color>
  <color name="numberpicker_highlight_text" package="miui">H7_ACCENT_COLOR</color>
  <color name="preference_primary_text_color_disable_light" package="miui">#4fffffff</color>
  <integer name="checkwidget_stroke_disable_alpha_light" package="miui">25</integer>
  <color name="sliding_btn_slider_on_pressed_color_light" package="miui">#ffffffff</color>
  <color name="new_card_body_bg">H7_ACTIONBAR</color>
  <color name="numberpicker_hint_text" package="miui">#99ffffff</color>
  <color name="preference_secondary_text_color_disable_light" package="miui">#4fffffff</color>
  <color name="permission_divider_color">#4fffffff</color>
  <color name="text_select_item_bg_color_normal_light" package="miui">#00ffffff</color>
  <color name="svg_icon_color_blue_disable_light" package="miui">#4cffffff</color>
  <color name="checkbox_btn_stroke_color_light" package="miui">#ffffffff</color>
  <color name="text_edit_action_popup_text_normal" package="miui">#e6ffffff</color>
  <color name="tab_list_card_border">#26ffffff</color>
  <color name="contact_detail_content_bg_color">#00ffffff</color>
  <color name="preference_first_last_divider_line_light" package="miui">#0cffffff</color>
  <color name="dropdown_popup_list_text_color_normal_light" package="miui">#e6ffffff</color>
  <color name="normal_card_text_secondary">#e6ffffff</color>
  <color name="ic_contact_card_arrow_right_color">#99ffffff</color>
  <color name="dialog_list_text_color_pressed_light" package="miui">#e6ffffff</color>
  <color name="unread_icon">H7_ACCENT_COLOR</color>
  <color name="dropdown_popup_list_text_color_checked_light" package="miui">H7_ACCENT_COLOR</color>
  <integer name="window_translucent_status">2</integer>
  <color name="dialog_primary_text">#e6ffffff</color>
  <color name="dialog_list_text_color_disabled_light" package="miui">#4fffffff</color>
  <color name="svg_icon_color_normal">#e6ffffff</color>
  <color name="action_mode_button_text_color_selected_light" package="miui">H7_ACCENT_COLOR</color>
  <color name="text_color_message_out_mx_pressed">#e6ffffff</color>
  <color name="bright_foreground_light" package="miui">#e6ffffff</color>
  <color name="hint_edit_text_color_light">#66ffffff</color>
  <color name="action_bar_title_text_color_light" package="miui">#e6ffffff</color>
  <color name="audio_progress_window_background">#99000000</color>
  <color name="action_button_text_color_pressed_light" package="miui">#99ffffff</color>
  <color name="divider_line_light" package="miui">#00ffffff</color>
  <color name="tab_list_header_title">#e6ffffff</color>
  <color name="text_color_message_out_sendtitle_pressed">#ffffffee</color>
  <color name="immersion_text_color_disable_light" package="miui">#4fffffff</color>
  <color name="sliding_btn_slider_on_normal_color_light" package="miui">#ffffffff</color>
  <color name="list_secondary_text_color_disable_light_message">#99ffffff</color>
  <color name="list_text_color_pressed_light" package="miui">#e6ffffff</color>
  <color name="covered_message_text_color">#e6ffffff</color>
  <color name="card_divider_bg">#19ffffff</color>
  <color name="bottom_menu_text_color">#e6ffffff</color>
  <color name="hint_edit_text_color_light" package="miui">#66ffffff</color>
  <color name="card_background_covered_bg_p">H7_BACKGROUND</color>
  <color name="screen_view_seek_point_highlight">H7_ACCENT_COLOR</color>
  <color name="cloud_status_normal_text_color_light" package="miui">H7_ACCENT_COLOR</color>
  <color name="understand_button_text">H7_ACCENT_COLOR</color>
  <color name="text_color_attachment_type_name">#e6ffffff</color>
  <color name="card_bottom_button_bg">#1affffff</color>
  <color name="contact_card_item_title_text_color">#e6ffffff</color>
  <color name="sms_card_detail_text_color">#e6ffffff</color>
  <color name="mask_view_pressed">#0cffffff</color>
  <color name="dropdown_popup_list_text_color_pressed_light" package="miui">#e6ffffff</color>
  <color name="audio_item_out_text_color">#e6ffffff</color>
  <color name="card_title_operator_bg">H7_ACCENT_COLOR</color>
  <color name="verficationl_card_text_secondary">#99ffffff</color>
  <color name="sms_card_body_secondary">#e6ffffff</color>
  <integer name="checkwidget_background_normal_alpha_light" package="miui">25</integer>
  <color name="cloud_status_disabled_text_color_light" package="miui">H7_ACCENT_COLOR</color>
  <color name="text_color_recent_contact">#e6ffffff</color>
  <integer name="checkwidget_stroke_normal_alpha_light" package="miui">50</integer>
  <color name="preference_secondary_text_color_checked_light" package="miui">H7_ACCENT_COLOR</color>
  <color name="link_text_color_normal">H7_ACCENT_COLOR</color>
  <color name="audio_progress_title_disabled">H7_ACCENT_COLOR</color>
  <color name="message_view_guide_bg_color_light" package="miui">H7_ACTIONBAR</color>
  <color name="card_divider_color">#19ffffff</color>
  <color name="link_text_light" package="miui">H7_ACCENT_COLOR</color>
  <color name="action_bar_tab_text_color_normal_light" package="miui">#99ffffff</color>
  <color name="menu_list_text_color_pressed_light" package="miui">#e6ffffff</color>
  <color name="card_original_text_color">#e6ffffff</color>
  <color name="preference_category_text_color_light" package="miui">#99ffffff</color>
  <color name="verfication_card_bottom_button_bg">#1affffff</color>
  <color name="text_color_mi_recipient">H7_ACCENT_COLOR</color>
  <color name="list_text_color_normal_light">#99ffffff</color>
  <color name="highlight_disabled_light" package="miui">H7_ACCENT_COLOR</color>
  <color name="new_message_popup_sender_color">#e6ffffff</color>
  <color name="button_text_color_dialog_light" package="miui">#99ffffff</color>
  <color name="list_secondary_text_color_disable_light">#4fffffff</color>
  <color name="recommend_bar_button_close_text_color">#99ffffff</color>
  <color name="svg_icon_color_red_normal_light" package="miui">#ffff2a48</color>
  <color name="list_item_bg_color_pressed_light" package="miui">#0dffffff</color>
  <color name="bottom_menu_divider_bg">#35ffffff</color>
  <color name="cloud_status_highlight_text_color_light" package="miui">H7_ACCENT_COLOR</color>
  <color name="action_mode_button_text_color_disable_light" package="miui">#4cffffff</color>
  <color name="svg_icon_color_blue_normal_light" package="miui">H7_ACCENT_COLOR</color>
  <color name="sim_indicator_color_normal">#99ffffff</color>
  <color name="action_button_text_color_disable_light" package="miui">#4cffffff</color>
  <color name="svg_icon_color_disable">#4cffffff</color>
  <color name="contact_card_divider_color">#19ffffff</color>
  <color name="card_body_text_color">#99ffffff</color>
  <color name="immersion_text_color_pressed_light" package="miui">#e6ffffff</color>
  <color name="contact_card_bg_stroke_color">#26ffffff</color>
  <color name="text_color_message_out_highlight">#ffffffee</color>
  <color name="sliding_button_bar_on_light" package="miui">H7_ACCENT_COLOR</color>
  <color name="edit_text_dialog_color_disabled_light" package="miui">#4fffffff</color>
  <color name="numberpicker_label" package="miui">H7_ACCENT_COLOR</color>
  <color name="text_color_message_out_highlight_pressed">#ffffffee</color>
  <color name="preference_primary_text_color_light" package="miui">#e6ffffff</color>
  <color name="text_color_recipient">#e6ffffff</color>
  <color name="card_border">#26ffffff</color>
  <color name="list_text_color_normal_light" package="miui">#e6ffffff</color>
  <color name="text_color_card_name">#e6ffffff</color>
  <color name="text_color_highlight">H7_ACCENT_COLOR</color>
  <color name="flat_list_title_color">#e6ffffff</color>
  <color name="list_text_color_disable_light" package="miui">#e6ffffff</color>
  <color name="ic_insert_contact_color">H7_ACCENT_COLOR</color>
  <color name="action_button_text_color_normal_light" package="miui">#e6ffffff</color>
  <color name="list_secondary_text_color_normal_light_message">#99ffffff</color>
  <color name="hint_foreground_light" package="miui">#66ffffff</color>
  <color name="text_edit_action_popup_title_normal_light" package="miui">#e6ffffff</color>
  <color name="conversation_date_color">#66ffffff</color>
  <color name="input_border_color">#00ffffff</color>
  <color name="border_color">#35ffffff</color>
  <color name="svg_icon_color_blue_selected_light" package="miui">H7_ACCENT_COLOR</color>
  <color name="dialog_tertiary_text">#99ffffff</color>
  <color name="edit_text_dialog_color_normal_light" package="miui">#e6ffffff</color>
  <color name="list_secondary_text_color_pressed_light">#99ffffff</color>
  <color name="list_secondary_text_color_normal_light">#99ffffff</color>
  <color name="sms_card_body_primary">#99ffffff</color>
  <color name="list_text_color_disable_light">#4fffffff</color>
  <color name="dropdown_popup_list_text_color_disabled_light" package="miui">#4fffffff</color>
  <color name="search_action_mode_cancel_text_color_pressed" package="miui">#99ffffff</color>
  <color name="audio_item_in_text_color">#e6ffffff</color>
  <color name="button_send_slot_bg_p">H7_ACCENT_COLOR</color>
  <color name="button_send_slot_bg_n">#4cffffff</color>
  <color name="text_color_recipient_item">#e6ffffff</color>
  <color name="recipient_secondary_text_color">#99ffffff</color>
  <color name="highlight_normal_light" package="miui">H7_ACCENT_COLOR</color>
  <color name="security_alert_hint_text_color">#99ffffff</color>
  <color name="message_view_text_color_light" package="miui">H7_ACCENT_COLOR</color>
  <color name="sim_indicator_color_selected">#e6ffffff</color>
  <color name="list_secondary_text_color_normal_light" package="miui">#99ffffff</color>
  <color name="tab_list_header_date">#66ffffff</color>
  <color name="svg_icon_color_red_pressed_light" package="miui">#99ffffff</color>
  <color name="screen_view_seek_point_normal">#99ffffff</color>
  <color name="text_color_black">#e6ffffff</color>
  <color name="recommend_bar_button_ok_text_color">H7_ACCENT_COLOR</color>
  <color name="text_color_message_in_highlight_pressed">H7_ACCENT_COLOR</color>
  <color name="highlight_pressed_light" package="miui">H7_ACCENT_COLOR</color>
  <color name="conversation_subject_color">#99ffffff</color>
  <color name="audio_progress_title_normal">#e6ffffff</color>
  <color name="security_alert_color">H7_ACCENT_COLOR</color>
  <color name="action_button_text_color_selected_light" package="miui">H7_ACCENT_COLOR</color>
  <color name="sliding_btn_slider_off_pressed_color_light" package="miui">#ffffffff</color>
  <color name="sms_card_key_text">#99ffffff</color>
  <color name="menu_list_text_color_normal_light" package="miui">#e6ffffff</color>
  <color name="action_mode_title_text_color_light" package="miui">#e6ffffff</color>
  <color name="action_mode_button_text_color_pressed_light" package="miui">#99ffffff</color>
  <color name="dialog_title_text_color" package="miui">#e6ffffff</color>
  <color name="text_color_message_in_pressed">#e6ffffff</color>
  <color name="svg_icon_color_red_disable_light" package="miui">#4cffffff</color>
  <color name="search_action_mode_cancel_text_color_normal" package="miui">H7_ACCENT_COLOR</color>
  <color name="svg_icon_color_blue_pressed_light" package="miui">#99ffffff</color>
  <integer name="checkwidget_background_disable_alpha_light" package="miui">12</integer>
  <color name="dialog_secondary_text">#99ffffff</color>
  <color name="action_bar_tab_text_color_selected_light" package="miui">H7_ACCENT_COLOR</color>
  <color name="text_color_message_in_highlight">H7_ACCENT_COLOR</color>
  <color name="svg_icon_color_disable_light" package="miui">#4cffffff</color>
  <color name="audio_bottom_default_color">#4fffffff</color>
  <color name="verfication_card_action_text_primary">#e6ffffff</color>
  <color name="text_color_message_alert">#ffffffee</color>
</MIUI_Theme_Values>
