<?xml version="1.0" encoding="UTF-8"?><resources>
    
    
    
    
    <color name="emui_accent">H7_ACCENT_COLOR</color>
    <color name="emui_accent_inverse">#H7_ACCENT_COLOR_PRESS</color>
    <color name="emui_accent_pressed">#H7_ACCENT_COLOR_PRESS</color>
    <color name="emui_appbar_bg">H7_ACTIONBAR</color>
    
    
    
    <color name="emui_bottombar_icon_on">H7_ACCENT_COLOR</color>
    <color name="emui_bottombar_text_on">H7_ACCENT_COLOR</color>
    
    
    
    
    
    
    
    <color name="emui_color_2">H7_ACCENT_COLOR</color>
    
    
    
    
    
    
    
    <color name="emui_color_bg">H7_BACKGRUND</color>
    <color name="emui_color_connected">H7_ACCENT_COLOR</color>
    
    
    
    
    <color name="emui_color_gray_1">H7_ACTIONBAR</color>
    
    
    <color name="emui_color_gray_3">H7_ACTIONBAR</color>
    
    
    
    
    
    
    
    
    
    
    
    
    
    
    <color name="emui_color_text_highlight">H7_ACCENT_COLOR_PRESS</color>
    
    
    
    
    
    <color name="emui_control_highlight">#H7_ACCENT_COLOR_PRESS</color>
    
    
    
    <color name="emui_fab_bg_normal">#H7_ACCENT_COLOR_PRESS</color>
    
    <color name="emui_functional_blue">H7_ACCENT_COLOR</color>
    
    
    <color name="emui_navigationbar_bg">H7_ACTIONBAR</color>
    
    
    <color name="emui_subtab_bg">H7_ACTIONBAR</color>
    <color name="emui_subtab_line_on">H7_ACCENT_COLOR</color>
    <color name="emui_subtab_text_on">H7_ACCENT_COLOR</color>
    
    <color name="emui_text_highlight_inverse">H7_ACCENT_COLOR_PRESS</color>
    
    
    
    
    
    <color name="emui_toolbar_icon_actived">H7_ACCENT_COLOR</color>
    
    <color name="emui_toolbar_text_actived">H7_ACCENT_COLOR</color>
    <color name="emui_white">H7_BACKGRUND</color>
    <color name="emui_white_bg">H7_BACKGRUND</color>
    
    
    
    
    
    
    
    
    
    
    
    <color name="feedback_sdk_notice_view_background">H7_BACKGRUND</color>
    
    <color name="feedback_sdk_notice_view_pad_background">H7_BACKGRUND</color>
    
    
    <color name="feedback_sdk_problem_question_info_bg">H7_ACTIONBAR</color>
    
    
    
    
    
    
    
    
    
    
    <color name="feedback_sdk_tab_slider_bg_color_selected">H7_ACCENT_COLOR</color>
    <color name="feedback_sdk_tab_slider_bg_color_selected_50">H7_ACCENT_COLOR_PRESS</color>
    
    
    <color name="feedback_tab_text_color_selected_20">H7_ACCENT_COLOR_DISABLED</color>
    
    
    
    
    
    
    
    
    
    <color name="hwcheckbox_accent_on_dark_emui">H7_ACCENT_COLOR</color>
    
    
    
    
    
    <color name="hwdotspageindicator_emui_primary">H7_ACCENT_COLOR</color>
    <color name="hwswitch_accent_emui">H7_ACCENT_COLOR</color>
    
    <color name="hwswitch_accent_on_dark_emui">H7_ACCENT_COLOR</color>
    
    
    
    
    
    
    
    
    <color name="CS_background">H7_BACKGRUND</color>
    
    
    
    
    
    <color name="accent_emui">H7_ACCENT_COLOR</color>
    <color name="accent_emui_dark">H7_ACCENT_COLOR</color>
    
    <color name="accent_emui_emphasize">H7_ACCENT_COLOR</color>
    <color name="accent_emui_emphasize_disabled">H7_ACCENT_COLOR_DISABLED</color>
    <color name="accent_emui_emphasize_pressed">H7_ACCENT_COLOR_PRESS</color>
    <color name="accent_emui_pressed">H7_ACCENT_COLOR_PRESS</color>
    <color name="accent_emui_text_hightlight">H7_ACCENT_COLOR_PRESS</color>
    
    
    
    
    
    <color name="accent_on_dark_emui">H7_ACCENT_COLOR</color>
    <color name="accent_on_disable_dark_emui">H7_ACCENT_COLOR_DISABLED</color>
    <color name="accent_on_disable_emui">H7_ACCENT_COLOR_PRESS</color>
    
    
    
    
    <color name="alphaindexer_selected_alpha_color">H7_ACCENT_COLOR</color>
    
    
    
    <color name="apk_management_cannot_install">H7_ACCENT_COLOR_DISABLED</color>
    
    
    
    <color name="appcomment_backgound_gray">H7_BACKGRUND</color>
    
    <color name="appcomment_default_bg">H7_ACTIONBAR</color>
    <color name="appcommon_mine_sub_divider_color">H7_ACTIONBAR</color>
    
    
    
    
    
    
    <color name="approve_text_color">H7_ACCENT_COLOR</color>
    <color name="backgound_0064cc">H7_ACCENT_COLOR_PRESS</color>
    <color name="backgound_fcfcfc">H7_BACKGRUND</color>
    <color name="backgound_gray">H7_BACKGRUND</color>
    <color name="bigbuoy_backgroud">H7_BACKGRUND</color>
    
    
    
    <color name="black_alpha_03">H7_BACKGRUND</color>
    
    
    
    
    <color name="black_status_bar">H7_BACKGRUND</color>
    <color name="blue_text_007dff">H7_ACCENT_COLOR</color>
    <color name="blue_text_007dff_alpha_20">H7_ACCENT_COLOR_DISABLED</color>
    <color name="blue_text_007dff_subtab">H7_ACCENT_COLOR</color>
    
    
    
    
    
    <color name="button_text_color">H7_ACCENT_COLOR</color>
    
    
    
    
    <color name="category_button_select_unpressed">H7_ACCENT_COLOR</color>
    
    
    
    
    
    
    <color name="clone_app_mark_bg_color">H7_ACCENT_COLOR</color>
    
    
    
    
    <color name="detail_comment_approve_selected">H7_ACCENT_COLOR</color>
    
    
    
    
    <color name="detail_dowanload_progressbar_background">H7_ACCENT_COLOR_PRESS</color>
    <color name="detail_dowanload_progressbar_color">H7_ACCENT_COLOR</color>
    
    
    
    
    <color name="detail_navigator_selected">H7_ACCENT_COLOR</color>
    
    
    
    
    
    
    
    <color name="dim_foreground_inverse_emui">H7_ACTIONBAR</color>
    
    
    
    
    <color name="edittext_cancel_hint_press_color">H7_ACCENT_COLOR</color>
    
    
    
    <color name="emui_basetitle_color">H7_ACTIONBAR</color>
    
    <color name="emui_black_color_alpha_100">H7_BACKGRUND</color>
    
    
    
    
    
    
    
    
    
    
    <color name="emui_bright_foreground_light">H7_BACKGRUND</color>
    
    
    
    
    
    
    
    
    
    <color name="emui_custom_panel_background">H7_BACKGRUND</color>
    <color name="emui_detail_text_pressed">H7_ACCENT_COLOR</color>
    
    
    
    
    
    
    
    
    <color name="emui_highlighted_text">H7_ACCENT_COLOR_PRESS</color>
    
    
    
    
    
    
    
    
    
    
    
    
    
    <color name="emui_master_color_11">H7_BACKGRUND</color>
    
    
    
    <color name="emui_master_color_5">H7_ACCENT_COLOR</color>
    
    
    
    
    
    
    
    
    
    
    
    
    
    
    
    
    
    
    
    
    
    
    
    
    
    
    
    
    
    
    
    
    
    
    
    
    
    
    
    
    
    
    
    <color name="emui_nodata">H7_BACKGRUND</color>
    
    
    
    
    
    
    
    
    <color name="emui_progressbar_loading_fill_color">H7_ACCENT_COLOR</color>
    
    
    
    
    
    
    
    
    
    
    
    
    
    
    
    
    
    
    
    
    
    
    
    
    
    
    
    
    
    
    
    <color name="fastapp_blue_text_007dff">H7_ACCENT_COLOR</color>
    
    
    
    
    
    <color name="forum_section_head_statusbar_second_change_color">H7_BACKGRUND</color>
    
    
    
    
    
    <color name="green_text_28c0c6">H7_ACCENT_COLOR</color>
    
    <color name="hiappbase_navigation_bar">H7_ACTIONBAR</color>
    
    <color name="hiappbase_status_bar">H7_BACKGRUND</color>
    
    <color name="huawei_brand_color">H7_ACCENT_COLOR</color>
    
    
    <color name="hw_black">H7_BACKGRUND</color>
    
    
    <color name="hw_button_text">H7_BACKGRUND</color>
    
    
    <color name="hw_color_inverse">H7_BACKGRUND</color>
    
    <color name="hw_emergency_dialer_bg">H7_BACKGRUND</color>
    
    
    
    
    <color name="hw_handle_color">H7_ACCENT_COLOR</color>
    
    
    
    
    
    
    <color name="hw_read_bgcolor">H7_BACKGRUND</color>
    
    
    
    
    
    
    <color name="hwalphaindexerlistview_select_color">H7_ACCENT_COLOR</color>
    <color name="hwbottomnavigationview_bg">H7_ACTIONBAR</color>
    
    
    <color name="hwcheckbox_off_mask">H7_BACKGRUND</color>
    
    
    <color name="hwdownload_color">H7_ACCENT_COLOR</color>
    
    
    <color name="hwsearchview_accent_emui_pressed">H7_ACCENT_COLOR_PRESS</color>
    
    
    
    
    <color name="hwspinner_accent_emui_dark">H7_ACCENT_COLOR</color>
    <color name="hwspinner_accent_emui_emphasize">H7_ACCENT_COLOR</color>
    <color name="hwspinner_accent_emui_emphasize_disabled">H7_ACCENT_COLOR_DISABLED</color>
    <color name="hwspinner_accent_emui_emphasize_pressed">H7_ACCENT_COLOR_PRESS</color>
    
    
    
    
    
    
    
    
    
    
    
    
    
    
    
    
    <color name="hwtoolbar_background">H7_ACTIONBAR</color>
    
    <color name="hwtoolbar_menu_clicked_emui">H7_ACCENT_COLOR</color>
    
    
    
    
    
    
    
    <color name="list_background">H7_BACKGRUND</color>
    
    <color name="list_dialog_unselected">H7_BACKGRUND</color>
    
    
    
    
    
    
    
    
    
    
    
    
    
    
    
    
    
    
    
    
    
    
    
    <color name="mw_divide_bg">H7_ACCENT_COLOR</color>
    
    
    
    
    <color name="navigationbar_emui_light">H7_BACKGRUND</color>
    
    
    <color name="normal_protocol_hyperlink">H7_ACCENT_COLOR_PRESS</color>
    
    
    
    
    
    
    <color name="press_protocol_hyperlink">H7_ACCENT_COLOR</color>
    
    
    <color name="primary_emui_light">H7_BACKGRUND</color>
    
    <color name="privacy_text_color">H7_ACCENT_COLOR</color>
    
    
    
    
    
    
    
    
    
    
    
    
    
    
    
    
    
    
    
    
    
    
    <color name="search_title_background">H7_BACKGRUND</color>
    
    <color name="selected_text_item">H7_ACCENT_COLOR</color>
    <color name="setting_bg_color">H7_BACKGRUND</color>
    
    
    
    <color name="sub_tab_title_normal_emui_dark">H7_ACCENT_COLOR</color>
    
    
    
    
    <color name="sub_tab_title_selected_emui">H7_ACCENT_COLOR</color>
    
    <color name="sub_tab_title_selected_emui_emphasize">H7_ACCENT_COLOR_PRESS</color>
    <color name="sub_tab_title_selected_pressed_emui">H7_ACCENT_COLOR</color>
    
    <color name="sub_tab_title_selected_pressed_emui_emphasize">H7_ACCENT_COLOR_PRESS</color>
    
    
    
    <color name="switch_on_disable_dark_emui">H7_ACCENT_COLOR_DISABLED</color>
    
    
    
    
    
    <color name="tab_background_emui5">H7_BACKGRUND</color>
    <color name="tab_bg_normal_def">H7_BACKGRUND</color>
    <color name="tab_bg_normal_def_sd">H7_BACKGRUND</color>
    <color name="tab_bg_normal_emui">H7_BACKGRUND</color>
    
    <color name="tab_bg_normal_emui_emphasize">H7_ACTIONBAR</color>
    
    
    
    <color name="tab_selected_line_def">H7_ACCENT_COLOR</color>
    
    
    
    
    <color name="tab_text_selected_def">H7_ACCENT_COLOR</color>
    <color name="tab_text_selected_def_honor">H7_ACCENT_COLOR</color>
    
    
    
    
    
    
    
    <color name="tab_title_selected_emui">H7_ACCENT_COLOR</color>
    <color name="tab_title_selected_emui_dark">H7_ACCENT_COLOR</color>
    <color name="tab_title_selected_emui_emphasize">H7_ACCENT_COLOR</color>
    <color name="tab_title_selected_pressed_emui">H7_ACCENT_COLOR</color>
    
    <color name="tab_title_selected_pressed_emui_emphasize">H7_ACCENT_COLOR</color>
    
    
    
    
    
    
    <color name="title_green">H7_ACCENT_COLOR</color>
    
    
    
    
    
    
    
    
    
    
    
    <color name="updatemanager_blue_text_007dff_alpha_20">H7_ACCENT_COLOR_DISABLED</color>
    
    
    
    
    <color name="voicemail_background_theme">H7_BACKGRUND</color>
    
    
    
    
    <color name="wallet_sdk_brandcolor">H7_ACCENT_COLOR</color>
    <color name="wallet_sdk_hwpay_bg_color">H7_BACKGRUND</color>
    
    <color name="wallet_sdk_white">H7_BACKGRUND</color>
    <color name="white_status_bar">H7_BACKGRUND</color>
    
    <color name="wisedist_fragment_bg">H7_BACKGRUND</color>
    
    
    
    
    
    
    
</resources>