<resources>
    <color name="emui_primary_text">H7_ACCENT_COLOR</color>
    <color name="emui_summary_text">#80FFFFFF</color>
    <color name="emui_text_dark_disabled">#33ffffff</color>
    <color name="navigation_dot_disable_color">#FFFFFF</color>
    <color name="guild_title_color">H7_ACCENT_COLOR</color>
    <color name="guild_title_content">#80FFFFFF</color>
    <color name="guide_txt_color">#e5FFFFFF</color>
    <color name="guide_sub_txt_color">#80FFFFFF</color>
    <color name="guide_settings_txt_color">#80FFFFFF</color>
    <color name="emui_black_color_alpha_20">#33FFFFFF</color>
</resources>