<?xml version="1.0" encoding="utf-8"?>
<resources>
    <color name="user_icon_default_avatar">#FFFFFF</color>

    <color name="user_icon_progress">H7_ACTIONBAR</color>
    <color name="notification_color">H7_ACTIONBAR</color>
    <color name="state_color_sending">H7_ACTIONBAR</color>
    <color name="state_color_success">H7_ACTIONBAR</color>
    <color name="state_color_failure">#FF3200</color>
    <color name="state_color_cancel">#FF3200</color>
    <color name="state_color_waiting">H7_ACTIONBAR</color>
    <color name="state_color_reject">#FF3200</color>

    <color name="layout_background_press">#F2FFFFFF</color>             
    <color name="layout_avatar_background_press">#FFFFFF</color>
    <color name="layout_background_default">H7_ACTIONBAR</color>

    <color name="default_text_title_color">#FFFFFF</color>
    <color name="default_text_content_color">#7FFFFFFF</color>
    <color name="user_item_title_color">#FFFFFF</color>
    <color name="user_item_content_color">#7FFFFFFF</color>
    <color name="layout_main_divid_line_color">#21FFFFFF</color>

    <color name="layout_history_empty_text">#999999</color>            
    <color name="layout_history_item_divid_line">#21FFFFFF</color>
    <color name="icon_history_item_state">#7FFFFFFF</color>
    <color name="icon_history_empty">#FFFFFF</color>
    <color name="permission_dialogue_checkbox_color">#FFFFFF</color>
    <color name="drop_guid_selected">H7_ACTIONBAR</color>
    <color name="drop_guid_unselected">#FFFFFF</color>

    <color name="icon_notification_small">#6895c6</color>
    <color name="scan_icon_disable">#CCFFFFFF</color>
    <color name="scan_icon_scanning_light">#25ffffff</color>
    <color name="scan_icon_scanning_dark">#ffffffff</color>
    <color name="layout_main_divid_line_color">#21FFFFFF</color>
    <color name="activity_background_color">H7_BACKGROUND</color>

    <color name="emui_secondary_text">#7fffffff</color>
    <color name="emui_text_dark">#ffffff</color>
    <color name="emui_list_separator_default">#21FFFFFF</color>
    <color name="pc_page_summary_text_color">#7fffffff</color>
    <color name="black">#fff</color>
    <color name="black_10">#19ffffff</color>
    <color name="black_50">#7fffffff</color>
    <color name="emui_list_separator_default">#C0ffffff</color>
    <color name="edit_text_content_background">#0Cffffff</color>
    <color name="ic_eye">#7Fffffff</color>
    <color name="scan_icon_disable_bg">#33FFFFFF</color>
    <color name="scan_icon_enable_bg">H7_ACTIONBAR</color>

    <color name="scrollbar_bg_color">#CCFFFFFF</color>
    <color name="print_text_color">#7FFFFFFF</color>
    <color name="hypertext_color">#4CBBFF</color>
    <color name="preference_divider_grey_p">#00000000</color>
</resources>