<?xml version="1.0" encoding="UTF-8"?><resources>
    <color name="privacy_text_color">H7_ACCENT_COLOR</color>
    
    <color name="ic_list_deletedColor">H7_ACCENT_COLOR</color>
    <color name="blue">H7_ACCENT_COLOR</color>
    
    <color name="back_action_color">H7_ACCENT_COLOR</color>
    <color name="seach_action_bar_color">H7_ACTIONBAR</color>
    
    
    
    
    
    
    <color name="pb_color">H7_ACCENT_COLOR</color>
    
    
    
    
    
    
    
    <color name="white">H7_ACTIONBAR</color>
    
    
    
    <color name="navigation_bar_color_menu">H7_BACKGROUND</color>
    
    
    
    
    <color name="swipe_background_color_normal">H7_ACTIONBAR</color>
    <color name="swipe_background_color_press">H7_BACKGROUND</color>
    <color name="emui_white">H7_ACTIONBAR</color>
    
    <color name="right_more">H7_BACKGROUND</color>
    <color name="bottom_item_bg">H7_BACKGROUND</color>
    <color name="query_highlight">H7_ACCENT_COLOR</color>
    
    <color name="linechart_fill_end">H7_ACCENT_COLOR_PRESS</color>
    <color name="linechart_grid">H7_BACKGROUND</color>
    
    
    
	
	
		<color name="emui_color_1">H7_COLOR_SETTINGS</color>
    <color name="emui_color_2">H7_COLOR_SETTINGS</color>
    <color name="emui_color_3">H7_COLOR_SETTINGS</color>
    <color name="emui_color_4">H7_COLOR_SETTINGS</color>
    <color name="emui_color_5">H7_COLOR_SETTINGS</color>
    <color name="emui_color_6">H7_COLOR_SETTINGS</color>
    <color name="emui_color_7">H7_COLOR_SETTINGS</color>
    <color name="emui_color_8">H7_COLOR_SETTINGS</color>
    <color name="emui_color_9">H7_COLOR_SETTINGS</color>
    <color name="emui_color_10">H7_COLOR_SETTINGS</color>
    <color name="emui_color_11">H7_COLOR_SETTINGS</color>
	
	
	<color name="emui_color_1_dark">H7_COLOR_SETTINGS</color>
    <color name="emui_color_1_translucent">H7_COLOR_SETTINGS</color>
    <color name="emui_color_2_dark">H7_COLOR_SETTINGS</color>
    <color name="emui_color_2_translucent">H7_COLOR_SETTINGS</color>
    <color name="emui_color_3_dark">#H7_COLOR_SETTINGS</color>
    <color name="emui_color_3_translucent">H7_COLOR_SETTINGS</color>
    <color name="emui_color_4_dark">H7_COLOR_SETTINGS</color>
    <color name="emui_color_4_translucent">H7_COLOR_SETTINGS</color>
    <color name="emui_color_5_dark">H7_COLOR_SETTINGS</color>
    <color name="emui_color_5_translucent">H7_COLOR_SETTINGS</color>
    <color name="emui_color_6_dark">H7_COLOR_SETTINGS</color>
    <color name="emui_color_6_translucent">H7_COLOR_SETTINGS</color>
    <color name="emui_color_7_dark">H7_COLOR_SETTINGS</color>
    <color name="emui_color_7_translucent">H7_COLOR_SETTINGS</color>
    <color name="emui_color_8_dark">H7_COLOR_SETTINGS</color>
    <color name="emui_color_8_translucent">H7_COLOR_SETTINGS</color>
    <color name="emui_color_9_dark">H7_COLOR_SETTINGS</color>
    <color name="emui_color_9_translucent">H7_COLOR_SETTINGS</color>
	<color name="emui_color_10_dark">H7_COLOR_SETTINGS</color>
    <color name="emui_color_10_translucent">H7_COLOR_SETTINGS</color>
	<color name="emui_color_11_dark">H7_COLOR_SETTINGS</color>
    <color name="emui_color_11_translucent">H7_COLOR_SETTINGS</color>
</resources>