<?xml version="1.0" encoding="utf-8"?>
<resources>

    <!--新增非换肤颜色值请加在下方，保持换肤颜色值在最顶-->
    <!--换肤暂时适配所用，后续将不再支持省电皮肤模式-->
    <!-- 快捷入口文本颜色 -->
    <color name="skin_common_shortcut_title_text_color">#E6E6E6</color>
    <!--栏目的标题颜色-->
    <color name="skin_common_column_title_text_color">#DBFFFFFF</color>
    <!-- 栏目 会员subtitle文本颜色   -->
    <color name="skin_common_column_member_subtitle_text_color">#808080</color>
    <!--栏目的背景-->
    <color name="skin_common_column_background">H7_BACKGROUND</color>
    <!--栏目的右侧 more文本的颜色-->
    <color name="skin_common_column_more_text_color">#99FFFFFF</color>
    <!-- 栏目右侧 更多—右箭头图标的颜色  -->
    <color name="skin_common_column_more_icon_color">#CCCCCC</color>
    <!-- 栏目右侧 右侧竖向"..."，点击弹出popwindow的icon的颜色 -->
    <color name="skin_common_column_more_pop_icon_color">#E6E6E6</color>
    <!--button normal文本颜色-->
    <color name="skin_common_button_text_color">#FFFFFF</color>
    <!--列表的第一行文字-->
    <color name="skin_common_list_item_title_text_color">#DBFFFFFF</color>
    <!--列表的第二行 第三行文字 第一行的副标题-->
    <color name="skin_common_list_item_subtitle_text_color">#99FFFFFF</color>
    <!--列表的序号的颜色-->
    <color name="skin_common_list_item_index_text_color">#99FFFFFF</color>
    <!--列表的分割线-->
    <color name="skin_common_list_divider_color">#33FFFFFF</color>
    <!--宫格的第一行文字-->
    <color name="skin_common_grid_item_title_text_color">#DBFFFFFF</color>
    <!--宫格的第二行文字-->
    <color name="skin_common_grid_item_subtitle_text_color">#99FFFFFF</color>
    <!--宫格图片中的文字颜色-->
    <color name="skin_common_grid_item_text_in_picture_color">H7_BACKGROUND</color>
    <!--分类的标题-->
    <color name="skin_common_category_text_color">#DBFFFFFF</color>
    <!--subtab 大标题样式下文本的选中颜色-->
    <!--  @color/subtab_active_color  -->
    <color name="skin_common_subtab_headline_text_selected_color">#E5ffffff</color>
    <!--subtab背景色-->
    <color name="skin_common_subtab_background">H7_BACKGROUND</color>
    <!--subtab未选中时的颜色,暂定白色-->
    <color name="skin_common_subtab_text_normal_color">#99FFFFFF</color>
    <!--subtab选中时的颜色-->
    <color name="skin_common_subtab_text_selected_color">H7_ACCENT_COLOR</color>
    <!--subtab选中时Indicator的颜色-->
    <color name="skin_common_subtab_indicator_color">H7_ACCENT_COLOR</color>
    <!--详情页列表上方的标题信息颜色-->
    <color name="skin_common_detail_list_title_text_color">#DBFFFFFF</color>
    <!--actionbar的title颜色-->
    <color name="skin_common_actionbar_title_color">#E6E6E6</color>
    <!--首页我的页面下载、福利、服务title颜色-->
    <color name="skin_mine_function_title_color">#E6E6E6</color>
    <!--actionbar的subtitle颜色-->
    <color name="skin_common_actionbar_subtitle_color">#99FFFFFF</color>
    <!--actionbar的background-->
    <color name="skin_common_actionbar_background">H7_BACKGROUND</color>
    <!-- ActionBar背景换肤 -->
    <color name="skin_actionbar_background">#33191919</color>
    <!--沉浸式actionbar的title颜色-->
    <color name="skin_common_immersive_actionbar_title_color">H7_BACKGROUND</color>
    <!--searchbar背景颜色-->
    <color name="skin_searchbar_background">#1AFFFFFF</color>
    <!--搜索框颜色-->
    <color name="skin_searchbar_edit_press_color">#26191919</color>
    <!--搜索 edit  字体颜色-->
    <color name="skin_searchbar_edit_text_color">#E6E6E6</color>
    <!--搜索提示字体色-->
    <color name="skin_searchbar_edit_hint_color">#99FFFFFF</color>
    <!-- 底部tab背景换肤变透明 -->
    <!--    @color/tab_toolbar_color-->
    <color name="skin_bottom_tab_background">H7_ACTIONBAR</color>
    <!--底部TAB未选中颜色-->
    <color name="skin_bottom_tab_normal_color">#80ffffff</color>
    <!--底部TAB按压颜色-->
    <color name="skin_bottom_tab_press_color">#99000000</color>
    <!--底部TAB选中颜色-->
    <color name="skin_bottom_tab_selected_color">H7_ACCENT_COLOR</color>
    <!-- 快速索引条 start-->
    <color name="skin_common_indexer_item_text_color">#99FFFFFF</color>
    <!-- 快速索引条点击后颜色 start-->
    <color name="skin_common_indexer_item_text_highlight_color">H7_ACCENT_COLOR</color>
    <!-- 筛选器文本颜色-->
    <color name="skin_common_filter_item_text_color">H7_ACTIONBAR</color>
    <!-- 筛选器选中后的颜色-->
    <color name="skin_common_filter_item_text_highlight_color">H7_ACCENT_COLOR</color>
    <!-- 筛选器文本颜色-->
    <color name="skin_common_filter_tip_text_color">H7_ACTIONBAR</color>
    <!-- 筛选器背景颜色-->
    <color name="skin_common_filter_tip_background">H7_ACCENT_COLOR</color>
    <!--首页设计师组件CardView背景色-->
    <color name="skin_designer_settings_card_bg">H7_ACTIONBAR</color>
    <!--空数据  图标颜色值-->
    <color name="skin_user_empty_data_picture_color">#61000000</color>
    <!--空数据  文字颜色-->
    <color name="skin_user_empty_data_text_color">#808080</color>
    <!--空界面 loading时的文本的颜色-->
    <color name="skin_common_loading_text_color">#808080</color>
    <!--空界面 loading时的progressbar的颜色-->
    <color name="skin_common_loading_progress_color">#B3B3B3</color>
    <!--下拉刷新（上拉加载更多）loading时的progressbar的颜色-->
    <color name="skin_common_refresh_loading_progress_color">#99FFFFFF</color>
    <!--下拉刷新（上拉加载更多）loading时的text的颜色-->
    <color name="skin_common_refresh_loading_text_color">#808080</color>
    <!--上拉加载更多 进度颜色-->
    <color name="skin_load_more_progress_color">#99FFFFFF</color>
    <!--上拉加载更多 文本颜色-->
    <color name="skin_load_more_text_color">#808080</color>
    <!--下拉刷新 进度颜色-->
    <color name="skin_pull_refresh_progress_color">#99FFFFFF</color>
    <!--首页二楼下拉刷新 进度颜色-->
    <color name="skin_progressbar_second_floor_color">#99FFFFFF</color>
    <!--下拉刷新 文本颜色-->
    <color name="skin_pull_refresh_text_color">#808080</color>
    <!--首页二楼下拉刷新 文本颜色-->
    <color name="skin_refresh_text_second_floor_color">#808080</color>
    <!-- loading时的progressbar的颜色-->
    <color name="skin_loading_progress_color">#B3B3B3</color>
    <!--loading时的text的颜色-->
    <color name="skin_loading_text_color">#808080</color>
    <!--设置progress进度颜色 -->
    <color name="skin_common_upgrade_progress_color">#80191919</color>
    <!--在线list底部logo处文字-->
    <color name="skin_online_list_footer_logo_text_color">#80000000</color>
    <!--搜索  shape 颜色-->
    <color name="skin_search_edit_pic_color">#FFFFFF</color>
    <!--等待tip文字 -->
    <color name="skin_wait_tip_text_color">H7_ACTIONBAR</color>
    <!--多选页面底部toolbar的字体颜色-->
    <color name="skin_common_bottom_toolbar_text_color">#33191919</color>
    <!--公共黑色SVG切图的颜色值-->
    <color name="skin_common_svg_picture_tint_black">#DBFFFFFF</color>
    <!--社区最新最热切换SVG切图的颜色值-->
    <color name="skin_newest_hottest_svg_tint_color">#DBFFFFFF</color>
    <!--公共灰色SVG切图的颜色值-->
    <color name="skin_common_svg_picture_tint_gray">#99FFFFFF</color>
    <!--深色背景下icon的tint色值-->
    <color name="skin_svg_icon_darkbg_tint_primary">#DBFFFFFF</color>
    <color name="skin_svg_icon_darkbg_tint_secondary">#99FFFFFF</color>
    <color name="skin_svg_icon_darkbg_tint_tertiary">#61FFFFFF</color>
    <!--浅色背景下icon的tint色值-->
    <color name="skin_svg_icon_lightbg_tint_primary">#DBFFFFFF</color>
    <color name="skin_svg_icon_lightbg_tint_secondary">#99FFFFFF</color>
    <color name="skin_svg_icon_lightbg_tint_tertiary">#61FFFFFF</color>
    <!--swich开关的thumb-->
    <color name="skin_common_switch_thumb">H7_ACCENT_COLOR</color>
    <!--swich开关的track-->
    <color name="skin_common_switch_track">#E5E5E5</color>
    <!--seekbar 的背景颜色-->
    <color name="skin_common_seekbar_background">#1AFFFFFF</color>
    <!--seekbar 的progress颜色-->
    <color name="skin_common_seekbar_progress_color">H7_ACCENT_COLOR</color>
    <!--seekbar 的secondProgress(缓冲进度)颜色-->
    <color name="skin_common_seekbar_second_progress_color">H7_ACCENT_COLOR</color>
    <!--社区底部TAB选中颜色-->
    <color name="skin_community_bottom_tab_selected_color">H7_ACTIONBAR</color>
    <!--社区底部TAB默认颜色-->
    <color name="skin_community_bottom_tab_default_color">#80ffffff</color>
    <!--社区消息界面列表标题颜色-->
    <color name="skin_community_list_shortcut_tab_color">#E6E6E6</color>
    <!--社区消息背景颜色-->
    <color name="skin_community_notice_bg_color">H7_BACKGROUND</color>
    <!--社区消息title字体颜色-->
    <color name="skin_community_notice_title_text_color">#E6E6E6</color>
    <!--社区消息界面，下半部分广告item的背景颜色-->
    <color name="skin_community_notice_act_item_bg">#00000000</color>
    <!--社区消息界面，上半部分官方消息、喜欢、评论、私信的item的背景颜色-->
    <color name="skin_community_notice_top_part_item_bg">#00000000</color>
    <!--社区消息界面，上半部分item分割线颜色-->
    <color name="skin_community_notice_divider_color">#33ffffff</color>
    <!--社区消息界面，底部广告item 广告时间字体颜色-->
    <color name="skin_community_notice_act_time_text_color">#E6E6E6</color>
    <!--社区消息界面，底部广告item 查看全部 字体颜色-->
    <color name="skin_community_notice_act_read_all_text_color">H7_ACCENT_COLOR</color>
    <!--社区贴子右侧时间颜色-->
    <color name="skin_community_post_time_text_color">#61FFFFFF</color>
    <!--社区用户主页，顶部用户相关信息字体颜色-->
    <color name="skin_community_user_info_text_color">#FFFFFF</color>
    <!-- 社区用户主页，底部viewpager背景色 -->
    <color name="skin_community_user_info_viewpager_bg">H7_BACKGROUND</color>
    <!-- 社区帖子标题，展示、收起提示文字颜色-->
    <color name="skin_community_post_title_tips_text_color">#99FFFFFF</color>
    <!-- 社区帖子，点赞跟评论禁用的字体颜色-->
    <color name="skin_community_post_comment_not_enable_text_color">#61ffffff</color>
    <!-- 社区帖子，已关注字体颜色-->
    <color name="skin_community_post_is_attention_text_color">#F8F8FF</color>
    <!--未读消息-->
    <color name="skin_cnlibrary_messgae_unread_text_color">H7_BACKGROUND</color>
    <!--本地歌曲、我的下载、最近播放、我喜欢、已购歌曲、我的消息 宫格布局item-->
    <!--列表item-->
    <color name="skin_library_list_item_image_color">#FFFFFF</color>
    <!--vip color-->
    <color name="skin_vip_level_color">#FFE2AD</color>
    <!--no vip color-->
    <color name="skin_novip_level_color">H7_ACTIONBAR</color>
    <!--未登录的提示语颜色-->
    <color name="skin_logged_off_tag_color">#801A1A1A</color>
    <!--海外的vip跳转按钮颜色-->
    <color name="skin_vip_buy_text_color">#634305</color>
    <!--海外的vip跳转按钮颜色-->
    <color name="skin_novip_buy_text_color">H7_ACTIONBAR</color>
    <!-- 评论-->
    <!--原评论，被回复内容字体颜色-->
    <color name="skin_comment_head_name_text_color">H7_ACTIONBAR</color>
    <!--评论用户昵称字体颜色 -->
    <color name="skin_comment_head_author_text_color">#80191919</color>
    <!-- 评论时间，评论主页面每条评论右侧的点赞次数颜色-->
    <color name="skin_comment_list_smalltitle_text_color">#80000000</color>
    <!--回复内容背景色 -->
    <color name="skin_comment_list_replay_background">#FFF2F2F2</color>
    <!--添加评论的背景色 -->
    <color name="skin_add_comment_background">#FFF2F2F2</color>
    <!--评论举报选项的字体颜色 -->
    <color name="skin_comment_report_rb_text_color">H7_ACTIONBAR</color>
    <!--回复内容被删除提示局背景色 -->
    <color name="skin_comment_list_replay_delete_color">#4c000000</color>
    <!--列表的选中颜色-->
    <color name="skin_common_list_selected_color">#0D000000</color>
    <!--列表块与块之间的分割颜色 如setting页面-->
    <color name="skin_common_list_section_divider_color">#08000000</color>
    <!--主题色-->
    <color name="skin_common_brand_theme_color">H7_ACCENT_COLOR</color>
    <!--社区热门话题#号背景色-->
    <color name="skin_ugc_topic_background_color">H7_ACCENT_COLOR</color>
    <!--颜色不可分层部分 start-->
    <!--默认透明不修改-->
    <color name="trans">#00000000</color>
    <!--设置页面每一块的标题颜色，如联网相关-->
    <color name="skin_setting_section_title_text_color">#99191919</color>
    <!--banner 标题-->
    <color name="skin_common_banner_title_text_color">#A6FFFFFF</color>
    <!-- 主题换肤时没有必要设置的白色背景 -->
    <color name="skin_unnecessary_background_harmony">H7_BACKGROUND</color>
    <!--CustomSubTabLayout RadiuButton文本颜色 -->
    <color name="skin_common_custom_subtab_text_color">#E6E6E6</color>
    <!--社区热门圈子文本颜色 -->
    <color name="skin_circle_like_comment_text_color">#E6E6E6</color>
    <!--我的页面 普通用户昵称-->
    <color name="skin_mine_normal_user_name_color">#ffffff</color>
    <!--我的页面 社区管理title颜色-->
    <color name="skin_mine_community_management_title">#ffffff</color>
    <!--我的页面 社区管理desc颜色-->
    <color name="skin_mine_community_management_desc">#ffffff</color>
    <!--我的页面 免费声明入口文字颜色-->
    <color name="skin_free_statement_entrances_text_color">#FFFFFF</color>
    <!--我的页面 免费声明入口箭头颜色-->
    <color name="skin_free_statement_entrances_imageview_color">#808080</color>
    <!--分类页面 风格、内容等标题颜色-->
    <color name="skin_emui_color_text_primary">#DBFFFFFF</color>
    <!--分类页面 查看更多、收起榜单颜色-->
    <color name="skin_category_fold_unfold_ranking">#99FFFFFF</color>
    <!--分类页面 查看更多、收起榜单上下箭头颜色-->
    <color name="skin_category_arrow_up_down">#61FFFFFF</color>
    <!--分类页面 上拉下拉继续浏览图片颜色-->
    <color name="skin_category_bottom_up_down_imageview_color">#4CE6E6E6</color>
    <!--分类页面 上拉下拉继续浏览文字颜色-->
    <color name="skin_category_bottom_up_down_text_color">#4CE6E6E6</color>
    <!--颜色不可分层部分 end-->
    <!-- PreviewItemLayout(item_multi_layout.xml) start-->
    <!-- android:id="@+id/item_resource_title" -->
    <color name="skin_preview_item_primary_text_color">#E6E6E6</color>
    <!-- android:id="@+id/item_resource_subtitle" 、android:id="@+id/item_start_price"、android:id="@+id/remind_time_tv" -->
    <color name="skin_preview_item_secondary_text_color">#808080</color>
    <!-- android:id="@+id/item_end_price"  -->
    <color name="skin_preview_item_tertiary_text_color">#4CE6E6E6</color>
    <!-- 分类左边tab背景色 -->
    <color name="skin_feedback_sdk_action_bar_grey">H7_ACTIONBAR</color>
    <!--分类左边tab选中后背景色-->
    <color name="skin_selected_tab_background">H7_BACKGROUND</color>
    <!--分类左边tab正常字体的颜色-->
    <color name="skin_normal_textcolor">#E6E6E6</color>
    <!--我的页面 会员中心普通账号分标题颜色-->
    <color name="skin_mine_regist_title_color">#99ffffff</color>
    <!--我的页面 会员中心普通账号分副标题颜色-->
    <color name="skin_mine_regist_subtitle_color">#61ffffff</color>
    <!--我的页面 卡片普通用户背景色-->
    <color name="mine_card_color">H7_ACTIONBAR</color>
    <!--我的页面 会员中心普通账号分割线颜色-->
    <color name="skin_mine_regist_divider_color">#33ffffff</color>
    <!--我的页面 会员中心VIP账号分割线颜色-->
    <color name="skin_mine_vip_regist_divider_color">#33C4AA7B</color>
    <!--我的页面 会员中心VIP账号分标题颜色-->
    <color name="skin_mine_username_vip_color">#EDCB8E</color>
    <!--我的页面 vip会员副标题颜色-->
    <color name="skin_mine_vip_regist_color">#66EDCB8E</color>
    <!-- PreviewItemLayout(item_multi_layout.xml) end-->
    <!--推荐 和 分类页面 顶部的搜索条的背景-->
    <color name="skin_home_page_searchbar_background">#00000000</color>
    <!--推荐 和 分类页面 顶部的搜索条文本颜色-->
    <color name="skin_home_page_searchbar_text_color">#99FFFFFF</color>
    <!--CustomSubTabLayout背景-->
    <color name="skin_custom_subtab_background">H7_BACKGROUND</color>

    <color name="skin_loading_text_color">#808080</color>
    <color name="skin_tab_bg_color">H7_ACTIONBAR</color>
    <color name="skin_white_color">H7_BACKGROUND</color>
    <color name="skin_overlay_blur_color">#e6262626</color>
    <color name="toolbar_bg_color">H7_BACKGROUND</color>
    <color name="scrollbar_bg_color">#00000000</color>
    <color name="scrollbar_color">#33ffffff</color>
    <color name="progressbar_background">#33ffffff</color>
    <color name="progressbar_progress">#33ffffff</color>

    <color name="unheighlight_color">#999999</color>
    <color name="theme_title_color">#ffffffff</color>
    <color name="search_view_hint_color">#33ffffff</color>
    <color name="progress_button_content">H7_ACCENT_COLOR_DISABLED</color>
    <color name="progress_bg_color">H7_ACTIONBAR</color>
    <color name="blank_view_color">H7_ACTIONBAR</color>
    <color name="theme_preview_info_title_color">#80ffffff</color>
    <color name="mask_color">#33ffffff</color>
    <color name="no_resource_svg_color">#80ffffff</color>
    <color name="more_title_press">#ffffff</color>
    <color name="search_color">#ffffff</color>
    <color name="progress_button_content_pressed">H7_ACCENT_COLOR_DISABLED</color>
    <color name="icon_white_bg_default_color">H7_ACCENT_COLOR</color>
    <color name="emui_color_gray_10">#E6E6E6</color>
    <color name="list_shortcut_tab_color">#E6E6E6</color>
    <color name="tab_toolbar_color">H7_BACKGROUND</color>
    <color name="status_bar_color">H7_BACKGROUND</color>
    <color name="emui_color_gray_1">H7_ACTIONBAR</color>
    <color name="emui_color_gray_7">#808080</color>
    <color name="line_view_bg">#33ffffff</color>
    <color name="emui_color_gray_4">#33ffffff</color>
    <color name="expandable_text_view_body_default">#E6E6E6</color>
    <color name="emui_black">#E6E6E6</color>
    <color name="emui_white">H7_BACKGROUND</color>
    <color name="color_ok_icon">@color/emui_color_gray_2</color>
    <color name="more_wallpaper_textcolor">#e6e6e6</color>
    <color name="more_wallpaper_devidecolor">H7_ACTIONBAR</color>
    <color name="count_bag_color">H7_BACKGROUND</color>
    <color name="color_bottom_end_diver">#33ffffff</color>
    <color name="color_e6000000">#ffffff</color>
    <color name="color_pic_bash">#0fffffff</color>
    <color name="toolbar_progress_color">#999999</color>
    <color name="emui_color_gray_2">H7_ACTIONBAR</color>
    <color name="share_preview_bg_color">#00000000</color>
    <color name="emui_white_dialog">H7_ACTIONBAR</color>
    <color name="emui_ratingbar_black">H7_ACTIONBAR</color>
    <color name="emui_color_11">#FFBF00</color>
    <color name="emui_rating_bar_color">#ffffff</color>
    <color name="search_view_bg">#19FFFFFF</color>
    <color name="searchview_editview_bg">#4DFFFFFF</color>
    <color name="live_font_loding_bg">#808080</color>
    <color name="color_favorites_rect">H7_ACTIONBAR</color>
    <!--账号sdk-->
    <color name="CS_emui_color_gray_10">#E6E6E6</color>
    <color name="CS_black_20_percent">#33FFFFFF</color>
    <color name="CS_black_100_percent">#ffFFFFFF</color>
    <color name="CS_black">#FFFFFF</color>
    <color name="CS_background">H7_BACKGROUND</color>
    <color name="CS_black_50_percent">#80ffffff</color>
    <color name="engine_install_state_bg">H7_ACTIONBAR</color>
    <color name="theme_engine_reminder">#61ffffff</color>
    <color name="wallpaper_detail_engine_install_state_bg">H7_ACTIONBAR</color>
    <color name="wallpaper_detail_engine_install_text_color">#989898</color>

    <color name="boutique_zone_tab_background">H7_BACKGROUND</color>
    <color name="CS_panel_bg">H7_ACTIONBAR</color>
    <color name="CS_black_0_percent">#969696</color>
    <color name="hwtoolbar_status_color">H7_ACTIONBAR</color>

    <color name="home_default">H7_ACTIONBAR</color>
    <color name="home_default_brush">H7_ACTIONBAR</color>
    <color name="grid_item_default_circle_color">H7_ACTIONBAR</color>
    <color name="bottom_icon_color">#ffffff</color>
    <color name="skin_bottom_logo_text_color">#ffffff</color>
    <color name="tab_bottow_color_navigationin_sink">H7_BACKGROUND</color>
    <color name="title_gray">#F8F8FF</color>
    <color name="recommend_title_color">#99ffffff</color>
    <color name="recommend_subtitle_color">#ffffff</color>
    <color name="recommend_card_bg_color">H7_ACTIONBAR</color>
    <color name="hwedit_emui_black_color_alpha_30">#4CE6E6E6</color>
    <color name="hwedit_emui_edit_text_hint_color">#33ffffff</color>

    <color name="hwbutton_text_emphasize_disabled">#41ffffff</color>
    <color name="hwbutton_text_emphasize_color">#D8ffffff</color>
    <color name="hwbutton_text_color">#D8ffffff</color>
    <color name="hwbutton_text_disabled">#41ffffff</color>

    <!--对勾-->
    <color name="hwcheckbox_inner_checked_mark">#e6e6e6</color>

    <!--off 线框-->
    <color name="emui_color_gray_5">#4CE6E6E6</color>
    <!--off 填充-->
    <color name="hwcheckbox_off_mask">H7_BACKGROUND</color>

    <!--dark theme-->
    <!--dark on disable填充-->
    <color name="accent_on_disable_dark_emui">H7_ACCENT_COLOR_DISABLED</color>
    <!--dark disable对勾-->
    <color name="hwcheckbox_inner_disable_dark">#33ffffff</color>
    <!--dark off disable线框-->
    <color name="hwcheckbox_accent_off_disable_dark_emui">#19FFFFFF</color>
    <!--dark off 填充-->
    <!--<color name="emui_black">#E6E6E6</color>-->
    <!--dark on enable填充-->
    <color name="hwcheckbox_accent_on_dark_emui">H7_ACCENT_COLOR</color>
    <!--dark off线框-->
    <color name="hwcheckbox_accent_off_dark_emui">#33FFFFFF</color>
    <!--dark 对勾-->
    <color name="hwcheckbox_inner_normal_dark">#80ffffff</color>
    <!--dark 分割线-->
    <color name="divider_color">#33e6e6e6</color>
    <!--dark 评论详情页展示资源-资源描述颜色-->
    <color name="resource_description_color">#80e6e6e6</color>
    <!--dark 评论-被回复评论用户名颜色-->
    <color name="mention_user_name">#80e6e6e6</color>

    <!--问题反馈页面兼容深色皮肤-->
    <color name="feedback_text_color1">#F0F0F0</color>
    <color name="feedback_text_color2">#ADADAD</color>
    <color name="feedback_text_color3">#ADADAD</color>

    <color name="feedback_sdk_problem_submit_normol_bg">H7_ACCENT_COLOR</color>
    <color name="feedback_sdk_problem_submit_select_bg">H7_ACCENT_COLOR</color>
    <color name="feedback_sdk_problem_common_type_info_phone">#747474</color>
    <color name="feedback_sdk_problem_select_question_type">#E6E6E6</color>
    <color name="feedback_sdk_problem_question_info_bg">H7_ACTIONBAR</color>
    <color name="feedback_sdk_problem_question_info_or_phone_text">#FFFFFF</color>
    <color name="feedback_sdk_problem_question_info_or_phone_hint">#606060</color>
    <color name="feedback_sdk_problem_question_number">#676767</color>
    <color name="feedback_sdk_problem_question_max_number">#ff0000</color>
    <color name="feedback_sdk_problem_submit_text">#4F7083</color>
    <color name="feedback_sdk_problem_submit_select_text">#FFFFFF</color>
    <color name="feedback_sdk_problem_recycle_select_question_type">#E6E6E6</color>
    <color name="feedback_sdk_problem_recycle_normol_question_type_bg">#33ffffff</color>
    <color name="feedback_sdk_problem_recycle_select_question_type_bg">H7_ACCENT_COLOR</color>
    <color name="feedback_sdk_problem_photo_bg">H7_ACTIONBAR</color>
    <color name="feedback_sdk_text_normal_black">#99ffffff</color>
    <color name="feedback_sdk_label_text_color_normal">#E6E6E6</color>
    <color name="feedback_sdk_text_normal_black_50">#66ffffff</color>
    <color name="feedback_sdk_common_btn_blue">H7_ACCENT_COLOR</color>
    <color name="feedback_sdk_common_black_20">#33ffffff</color>
    <color name="feedback_sdk_moreservice_text_color">#E6E6E6</color>
    <color name="feedback_sdk_moreservice_choose_text_color">#80E6E6E6</color>
    <color name="feedback_sdk_common_black_40">#66ffffff</color>
    <color name="feedback_sdk_tab_slider_bg_color_selected">H7_ACCENT_COLOR</color>
    <color name="feedback_sdk_action_bar_grey">#19FFFFFF</color>
    <color name="feedback_sdk_notice_view_default_text_color">#80E6E6E6</color>
    <color name="feedback_sdk_notice_view_pad_background">H7_BACKGROUND</color>
    <color name="feedback_sdk_notice_view_background">H7_BACKGROUND</color>
    <color name="feedback_sdk_list_item_hint_text_color_normal">#4DE6E6E6</color>
    <color name="feedback_sdk_label_assist_text_color_normal">#80E6E6E6</color>
    <color name="feedback_sdk_grid_divider_color">#33E6E6E6</color>
    <color name="feedback_sdk_common_black_30">#4DE6E6E6</color>
    <color name="feedback_sdk_tab_slider_bg_color_selected_50">H7_ACCENT_COLOR_PRESS</color>
    <color name="faq_emui_white_bg">H7_BACKGROUND</color>
    <color name="faq_emui_color_gray_10">#E6E6E6</color>
    <color name="faq_emui_accent">H7_ACCENT_COLOR</color>
    <color name="faq_emui_white">#e6e6e6</color>
    <color name="faq_emui_color_gray_5">#4CE6E6E6</color>
    <color name="feedback_toggle_item_bg_color">#19FFFFFF</color>
    <color name="feedback_tab_text_color_selected_20">H7_ACCENT_COLOR_DISABLED</color>
    <!--EMUI9.0 深色主题需要添加的色值 按压状态颜色-->
    <color name="emui_clickeffic_default_color">#26FFFFFF</color>

    <!--云服务问题反馈SDK深色皮肤颜色-->
    <!--通用异常错误页面pad下的背景色-->
    <color name="faq_sdk_notice_view_pad_background">H7_BACKGROUND</color>
    <!--通用异常错误页面的背景色-->
    <color name="faq_sdk_notice_view_background">H7_BACKGROUND</color>
    <!--通用异常页面的文字颜色-->
    <color name="faq_sdk_notice_view_default_text_color">#80E6E6E6</color>
    <!--section的背景色-->
    <color name="faq_sdk_section_background_color_normal">#14ffffff</color>
    <!--section的标题文字颜色-->
    <color name="faq_sdk_section_sub_title_text_color_normal">#80E6E6E6</color>
    <!--grid 分割线颜色-->
    <color name="faq_sdk_grid_divider_color">#33E6E6E6</color>
    <!--list 分割线颜色-->
    <color name="faq_sdk_list_divider_color">#33E6E6E6</color>
    <!--list 选中状态背景色-->
    <color name="faq_sdk_list_item_selector_color">#19FFFFFF</color>
    <!--list 每个item文字颜色-->
    <color name="faq_sdk_list_item_title_text_color_normal">#E6E6E6</color>
    <!--正常文本文字颜色-->
    <color name="faq_sdk_label_text_color_normal">#E6E6E6</color>
    <!--次级文本文字颜色-->
    <color name="faq_sdk_label_assist_text_color_normal">#80E6E6E6</color>
    <!--高亮文本文字颜色-->
    <color name="faq_sdk_label_highlight_text_color_normal">H7_ACCENT_COLOR</color>
    <!--list提示文本的颜色-->
    <color name="faq_sdk_list_item_hint_text_color_normal">#4DE6E6E6</color>
    <!--主题颜色-->
    <color name="faq_sdk_action_bar_grey">H7_ACTIONBAR</color>

    <color name="faq_sdk_search_bg">#19ffffff</color>
    <color name="faq_sdk_btn_blue">H7_ACCENT_COLOR</color>
    <!--自定义分享框背景色-->
    <color name="faq_sdk_share_bg">H7_ACTIONBAR</color>
    <color name="module_base_label_text_color_normal">#E6E6E6</color>
    <color name="btn_blue">H7_ACCENT_COLOR</color>
    <color name="image_view_cover_color_normal">#0Dffffff</color>
    <color name="toggle_item_bg_color">#33FFFFFF</color>
    <color name="list_item_selector_color">#19FFFFFF</color>
    <color name="module_base_list_divider_color">#33FFFFFF</color>
    <color name="faq_sdk_category_menu_bg">H7_ACTIONBAR</color>
    <color name="faq_sdk_online_them">H7_BACKGROUND</color>

    <color name="cover_translucence_color">#99000000</color>
    <color name="color_white_alpha_20">#33000000</color>

    <!--方图背景色填充色-->
    <color name="background_fit_color_1">#E8EDF7</color>
    <color name="background_fit_color_2">#E8F5F7</color>
    <color name="background_fit_color_3">#F7EBE8</color>
    <color name="background_fit_color_4">#F3E8F7</color>
    <color name="background_fit_color_5">#F2F2F2</color>

    <!--shortcut图标颜色-->
    <color name="shortcut_main_color">#99FFFFFF</color>
    <!--shortcut背景颜色-->
    <color name="shortcut_bg_color">H7_ACTIONBAR</color>
    <!--ring图标背景颜色-->
    <color name="ring_bg_color">#FFFFFF</color>
    <!--省电皮肤 热门排行组件字体颜色-->
    <color name="emui_text_primary_inverse">#ffffff</color>
    <color name="emui_text_secondary_inverse">#99FFFFFF</color>
    <color name="emui_color_text_primary">#A9ffffff</color>
    <color name="emui_color_text_secondary">#80FFFFFF</color>
    <!--ring列表文字省电皮肤-->
    <color name="ring_text_color_primary">#E6E6E6</color>
    <color name="ring_text_color_secondary">#99ffffff</color>
    <!--排行榜文字省电皮肤-->
    <color name="ranking_text_color_primary">#E6E6E6</color>
    <color name="ranking_text_color_secondary">#96ffffff</color>
    <color name="ranking_bg_color">H7_BACKGROUND</color>
    <!--省电皮肤 更多-换一换边框颜色-->
    <color name="more_and_refresh_color">#4Dffffff</color>
    <!--社区消息背景颜色-->
    <color name="community_notice_bg_color">H7_BACKGROUND</color>

    <!--10.0.1.2 hwresources-support aar-->
    <color name="emui_accent_inverse">H7_ACCENT_COLOR</color>
    <color name="emui_accent_pressed">H7_ACCENT_COLOR</color>
    <color name="emui_button_default">#19FFFFFF</color>
    <color name="emui_button_default_disabled">#0AFFFFFF</color>
    <color name="emui_card_bg">H7_ACTIONBAR</color>
    <color name="emui_color_1">#5F58C7</color>
    <color name="emui_color_10">#E08C3A</color>
    <color name="emui_color_11">#D1A738</color>
    <color name="emui_color_2">H7_ACCENT_COLOR</color>
    <color name="emui_color_3">H7_ACCENT_COLOR</color>
    <color name="emui_color_4">#5BA854</color>
    <color name="emui_color_5">#86AD53</color>
    <color name="emui_color_6">#8C55C2</color>
    <color name="emui_color_7">#D64966</color>
    <color name="emui_color_8">#D94838</color>
    <color name="emui_color_9">#DB6B42</color>
    <color name="emui_color_bg">H7_BACKGROUND</color>
    <color name="emui_color_connected">#5BA854</color>
    <color name="emui_color_divider_horizontal">#33FFFFFF</color>
    <color name="emui_color_fg">#FFFFFFFF</color>
    <color name="emui_color_fg_inverse">#E5E5E5</color>
    <color name="emui_color_gray_3">H7_ACTIONBAR</color>
    <color name="emui_color_gray_6">#666666</color>
    <color name="emui_color_gray_7">#808080</color>
    <color name="emui_color_gray_8">#B3B3B3</color>
    <color name="emui_color_gray_9">#CCCCCC</color>
    <color name="emui_color_handup">#D94838</color>
    <color name="emui_color_list_divider">#33FFFFFF</color>
    <color name="emui_color_primary">#DBFFFFFF</color>
    <color name="emui_color_secondary">#99FFFFFF</color>
    <color name="emui_color_subheader_divider">#19FFFFFF</color>
    <color name="emui_color_tertiary">#66ffffff</color>
    <color name="emui_color_text_highlight">H7_ACCENT_COLOR_DISABLED</color>
    <color name="emui_color_text_primary">#A9ffffff</color>
    <color name="emui_color_text_secondary">#80FFFFFF</color>
    <color name="emui_color_text_tertiary">#66FFFFFF</color>
    <color name="emui_color_warning">#DB6B42</color>
    <color name="emui_control_highlight">H7_ACCENT_COLOR</color>
    <color name="emui_control_normal">#19FFFFFF</color>
    <color name="emui_control_normal_disabled">#0AFFFFFF</color>
    <color name="emui_fab_bg_normal">H7_ACCENT_COLOR</color>
    <color name="emui_fab_bg_pressed">H7_ACCENT_COLOR</color>
    <color name="emui_fab_icon">#FFFFFF</color>
    <color name="emui_functional_blue">H7_ACCENT_COLOR</color>
    <color name="emui_functional_blue_inverse">H7_ACCENT_COLOR</color>
    <color name="emui_functional_green">#007900</color>
    <color name="emui_functional_red">#D94838</color>
    <color name="emui_list_separator_text">#7F000000</color>
    <color name="emui_primary">#FFFFFF</color>
    <color name="emui_primary_inverse">#E5E5E5</color>
    <color name="emui_text_disabled">#66FFFFFF</color>
    <color name="emui_text_hint">#99FFFFFF</color>
    <color name="emui_text_hint_inverse">#99FFFFFF</color>
    <color name="emui_text_inverse_disable">#66FFFFFF</color>
    <color name="emui_text_primary">#FFFFFF</color>
    <color name="emui_text_tertiary_inverse">#66FFFFFF</color>
    <item format="float" name="emui_disabled_alpha" type="dimen">0.4</item>
    <item format="float" name="emui_divider_alpha" type="dimen">.1</item>
    <item format="float" name="emui_highlight_bg_alpha" type="dimen">0.4</item>
    <item format="float" name="emui_normal_bg_alpha" type="dimen">.1</item>
    <item format="float" name="emui_primary_content_alpha" type="dimen">0.86</item>
    <item format="float" name="emui_secondary_content_alpha" type="dimen">0.6</item>
    <item format="float" name="emui_tertiary_content_alpha" type="dimen">0.4</item>
    <item format="float" name="emui_tips_bg_alpha" type="dimen">.1</item>

    <!--hwspinner-support 10.0.0.1.2-->
    <color name="hwspinner_icon_emui">#A9FFFFFF</color>
    <color name="hwspinner_item_disabled">#40FFFFFF</color>

    <color name="designer_bg">H7_BACKGROUND</color>
    <!--发布页面Item的加号图标的背景颜色-->
    <color name="add_icon_background">#0DFFFFFF</color>
    <!-- 38% 不透明度黑色-->
    <color name="grey_color_38">#61ffffff</color>

    <!--社区感兴趣的人背景填充色-->
    <color name="skin_community_interested_color_bg">H7_ACTIONBAR</color>

    <!-- 分类组件边框的颜色-->
    <color name="sort_bord">H7_ACTIONBAR</color>
    <!--优秀设计师推荐背景颜色-->
    <color name="professional_designer_recommend">H7_ACTIONBAR</color>
    <color name="professional_designer_cover">#4dffffff</color>
    <color name="emui_white_bg">H7_BACKGROUND</color>
    <color name="emui_black">#ffffff</color>

    <!--造字首页-->
    <color name="font_make_home_page">H7_BACKGROUND</color>
    <!--20%透明度蓝色-->
    <color name="emui_accent_20_percent">#33317AF7</color>
    <!--社区瀑布流 背景色-->
    <color name="hiad_emui_color_gray_1">#19ffffff</color>
    <!--60%黑深色皮肤下颜色-->
    <color name="hiad_60_percent_black">#99ffffff</color>
    <!--80%黑深色皮肤下颜色-->
    <color name="hiad_80_percent_black">#ccffffff</color>
    <!--我的页面 会员中心标题颜色-->
    <color name="mine_regist_title_color">#99ffffff</color>
    <!--我的页面 下方滚动视图背景色-->
    <color name="mine_scroll_bg_color">H7_BACKGROUND</color>
    <!--我的页面 会员中心副标题颜色-->
    <color name="mine_regist_subtitle_color">#61ffffff</color>
    <!--我的页面 会员中心分割线颜色-->
    <color name="mine_regist_divider_color">#33ffffff</color>
    <!--我的页面 免费声明入口文字颜色-->
    <color name="free_statement_entrances_text_color">#FFFFFF</color>
    <!--免费声明 描述区域背景颜色-->
    <color name="free_statement_area_background">#1AFFFFFF</color>
    <!--免费声明 描述区域文字颜色-->
    <color name="free_statement_area_text_color">#FFFFFF</color>

    <!--滤镜页面底部tab颜色-->
    <color name="tab_photo_filter">H7_ACTIONBAR</color>
    <color name="tab_photo_filter_press">H7_ACTIONBAR</color>

    <!--信息流帖子话题背景色-->
    <color name="topic_item_bg">H7_BACKGROUND</color>
    <!--购买会员套餐界面选中后item背景色-->
    <color name="vip_buy_package_item_bg_selected_color">#1AFFFFFF</color>
    <!--底部Tab图标+文本默认颜色，有换肤效果，请勿更名-->
    <color name="skin_tab_bottom_icon_default_color">#80ffffff</color>

    <!-- subtab 选中的颜色-->
    <color name="subtab_active_color">#E5ffffff</color>
    <!-- subtab 未选中的颜色-->
    <color name="subtab_normal_color">#99ffffff</color>
    <color name="icon_channel_color">#DBFFFFFF</color>

    <!--电影模板列表页卡片背景色-->
    <color name="movie_list_card_bg">H7_ACTIONBAR</color>
    <!-- 电影模板shotColor-->
    <color name="movie_shot_color">#66FFFFFF</color>
    <!--电子刊下载进度数字-->
    <color name="magazine_dialog_progress">#99ffffff</color>
    <!--排行榜图片底色-->
    <color name="category_ranking_bg_color">H7_ACTIONBAR</color>
    <!--排行榜logo底色-->
    <color name="category_ranking_theme_color">H7_ACTIONBAR</color>
    <!--贴纸更多背景色-->
    <color name="sticker_left_unselected">H7_ACTIONBAR</color>
    <!--“我的”的界面推送弹框 省点模式背景色-->
    <color name="notice_push_bg_color">H7_ACTIONBAR</color>
    <!--我的页面 社区管理背景色-->
    <color name="mine_community_management">#1AFFFFFF</color>
    <!--我的页面 社区管理title颜色-->
    <color name="mine_community_management_title">#ffffff</color>
    <!--我的页面 社区管理desc颜色-->
    <color name="mine_community_management_desc">#ffffff</color>

    <!--热门搜索结果颜色-->
    <color name="top_search_first_index">#FF787A</color>
    <color name="top_search_second_index">#FFD79D</color>
    <color name="top_search_third_index">H7_ACCENT_COLOR</color>
    <color name="top_search_normal_index">#FFFFFF</color>
    <color name="top_search_content">#FFFCFC</color>
    <color name="top_search_desc">#E3E3E3</color>

    <!--  会员满赠记录  -->
    <color name="vip_record_full_minus">H7_ACTIONBAR</color>

    <!--全部频道界面icon的背景色-->
    <color name="tab_channel_icon_bg">H7_ACTIONBAR</color>
    <color name="tab_channel_icon_drawer">#ffffff</color>

    <!--发布页-选择美化图片模板选择弹框-->
    <color name="publish_picture_template_pop_bg">H7_ACTIONBAR</color>

    <!--推荐-美化-弹框-作者名称 38%白色-->
    <color name="pict_template_beautify_author">#9effffff</color>
    <!-- UGC颜色适配修改，90%不透明黑，5%不透明黑  -->
    <color name="menu_title_text_color">#e6ffffff</color>
    <color name="menu_divider_line_color">#0dffffff</color>

    <!--综合搜索无结果提示文本颜色-->
    <color name="search_no_result_text_color">#9aFFFFFF</color>

    <color name="horizon_wallpaper_list_text">#9aFFFFFF</color>

    <!-- pps sdk更新后，去掉了这几个值，这里自定义一下  -->
    <color name="hiad_15_percent_white">#26000000</color>
    <color name="hiad_30_percent_white">#4c000000</color>
    <color name="hiad_10_percent_black">#19ffffff</color>
    <!--普通按钮背景色-->
    <color name="btn_normal_bg">#1AFFFFFF</color>

    <!--升级SDK-->
    <color name="upsdk_color_gray_1">H7_ACTIONBAR</color>
    <color name="upsdk_color_gray_7">#808080</color>
    <color name="upsdk_color_gray_10">#E6E6E6</color>
    <color name="bg_we_chat_psd_dialog">H7_ACTIONBAR</color>

    <!--鸿蒙的统一背景颜色值-->
    <color name="bg_color_harmony">H7_BACKGROUND</color>
    <color name="btn_normal_bg_harmony">#26ffffff</color>
    <color name="btn_press_bg_harmony">#19ffffff</color>

    <color name="toggle_bg_harmony">#26ffffff</color>

    <!--鸿蒙的半模态背景颜色值-->
    <color name="bg_modal_harmony">H7_ACTIONBAR</color>

    <color name="emui_card_panel_bg">H7_ACTIONBAR</color>

    <!--鸿蒙的分割线颜色值-->
    <color name="divider_color_harmony">#33ffffff</color>

    <!--鸿蒙的搜索框颜色值-->
    <color name="emui_inputbox_bg">#19FFFFFF</color>

    <color name="white_95_percent">#19FFFFFF</color>
    <color name="white_95_percent_paster_top">H7_ACTIONBAR</color>
    <color name="white_95_percent_paster_bottom">H7_BACKGROUND</color>
    <!--鸿蒙社区评论回复背景色-->
    <color name="bg_comment_reply">#19FFFFFF</color>

    <color name="emui_accent_bg_30">H7_ACCENT_COLOR_PRESS</color>

    <color name="emui_control_hover">#19FFFFFF</color>

    <color name="emui_bottombar_icon_off">#33FFFFFF</color>
    <color name="emui_bottombar_text_off">#99FFFFFF</color>

    <color name="emui_dialog_bg">H7_ACTIONBAR</color>

    <color name="emui_bottombar_subbg">H7_BACKGROUND</color>

    <!-- 每日放送组件 -->
    <color name="skin_tabhost_title_selected">#DBFFFFFF</color>
    <color name="skin_tabhost_title_unselected">#99FFFFFF</color>
    <color name="skin_tabhost_sub_title">#66FFFFFF</color>
    <color name="skin_tabhost_backgroud">#1AFFFFFF</color>
    <color name="tabhost_border_line">#33FFFFFF</color>

    <color name="emui_black">#E6E6E6</color>

    <!-- 热词组件的搜索logo颜色 -->
    <color name="red_hotspot_logo">#FD441E</color>
    <color name="hotspot_logo_round">#999999</color>
    <color name="hotspot_logo_round_border">#999999</color>
    <!-- 热词文字颜色 -->
    <color name="skin_hotspot_text_color">#DBffffff</color>
    <color name="skin_hotspot_count_text_color">#66ffffff</color>
    <color name="hotspot_background">#1Affffff</color>
    <!-- 会员套餐资源回收拒绝按钮 -->
    <color name="vip_expirded_btn_refuse">#99FFFFFF</color>
    <!-- 设置-铃声页面背景色 -->
    <color name="settings_background">H7_BACKGROUND</color>
    <color name="vip_coupons_text_color">#DB6B42</color>
    <color name="skin_bg_color_harmony">H7_BACKGROUND</color>
    <!-- 社区中部tab阴影色 -->
    <color name="bg_color_harmony_alpha_50">#80000000</color>
    <!-- harmony样式设置内页面的背景色与卡片背景色, 请勿修改start -->
    <color name="settings_card_bg">H7_ACTIONBAR</color>
    <color name="emui_clickeffic_default_color_press">#19000000</color>
    <!-- harmony样式设置内页面的背景色与卡片背景色, 请勿修改end -->

    <color name="horizon_wallpaper_list_text">#9aFFFFFF</color>
    <color name="horizon_wallpaper_list_title">#99ffffff</color>


    <color name="emui_color_bg">#ffffffff</color>

    <color name="CS_background">H7_BACKGROUND</color>
    <color name="CS_black">#ffffffff</color>
    <color name="CS_black_0_percent">#ff969696</color>
    <color name="CS_black_100_percent">#ffffffff</color>
    <color name="CS_black_20_percent">#33ffffff</color>
    <color name="CS_black_50_percent">#80ffffff</color>
    <color name="CS_emui_color_gray_10">#ffe6e6e6</color>
    <color name="CS_panel_bg">H7_ACTIONBAR</color>
    <color name="add_icon_background">#0dffffff</color>
    <color name="agd_appbar_primary_title">#dbffffff</color>
    <color name="agd_appbar_sub_title">#99ffffff</color>
    <color name="agd_shop_in_shop_tips_message">#99ffffff</color>
    <color name="bar_textcolor">#a8ffffff</color>
    <color name="bg_anim_tab">#e6ffffff</color>
    <color name="bg_color_harmony">H7_BACKGROUND</color>
    <color name="bg_color_harmony_alpha_50">#80000000</color>
    <color name="bg_comment_reply">#19ffffff</color>
    <color name="bg_modal_harmony">H7_ACTIONBAR</color>
    <color name="bg_private_chat_color">#19ffffff</color>
    <color name="bg_we_chat_psd_dialog">H7_ACTIONBAR</color>
    <color name="black_10_opacity">#1ae6e6e6</color>
    <color name="blank_view_color">H7_ACTIONBAR</color>
    <color name="bottom_icon_color">#ffffffff</color>
    <color name="bottom_tab_default_color">#80ffffff</color>
    <color name="boutique_zone_tab_background">H7_BACKGROUND</color>
    <color name="btn_blue">H7_ACCENT_COLOR</color>
    <color name="btn_normal_bg">#1affffff</color>
    <color name="btn_normal_bg_harmony">#26ffffff</color>
    <color name="btn_normal_bg_pressed">#30ffffff</color>
    <color name="btn_normal_text_disable">H7_ACCENT_COLOR_DISABLED</color>
    <color name="btn_press_bg_harmony">#19ffffff</color>
    <color name="category_normal_backGround_color">H7_ACTIONBAR</color>
    <color name="category_ranking_bg_color">H7_ACTIONBAR</color>
    <color name="category_ranking_theme_color">H7_ACTIONBAR</color>
    <color name="color_bottom_end_diver">#33ffffff</color>
    <color name="color_e6000000">#ffffffff</color>
    <color name="color_favorites_rect">H7_ACTIONBAR</color>
    <color name="color_ok_icon">H7_ACTIONBAR</color>
    <color name="color_pic_bash">#1affffff</color>
    <color name="color_progressbar_bg_paster">#19ffffff</color>
    <color name="common_button_disable_color">H7_ACCENT_COLOR_DISABLED</color>
    <color name="common_seekbar_background_color">#1affffff</color>
    <color name="community_notice_bg_color">H7_BACKGROUND</color>
    <color name="community_notice_item_default_color">H7_ACTIONBAR</color>
    <color name="community_tab_bottom_icon_default_color">#80ffffff</color>
    <color name="count_bag_color">H7_BACKGROUND</color>
    <color name="designer_bg">H7_BACKGROUND</color>
    <color name="divider_color">#33e6e6e6</color>
    <color name="divider_color_harmony">#33ffffff</color>
    <color name="editor_cursor_light">H7_ACCENT_COLOR</color>
    <color name="emui_accent">H7_ACCENT_COLOR</color>
    <color name="emui_accent_20_percent">H7_ACCENT_COLOR_DISABLED</color>
    <color name="emui_accent_bg_30">H7_ACCENT_COLOR_PRESS</color>
    <color name="emui_accent_pressed">H7_ACCENT_COLOR</color>
    <color name="emui_activated">H7_ACCENT_COLOR</color>
    <color name="emui_activated_end">H7_ACCENT_COLOR</color>
    <color name="emui_activated_start">H7_ACCENT_COLOR</color>
    <color name="emui_appbar_bg">H7_BACKGROUND</color>
    <color name="emui_appbar_icon">#dbffffff</color>
    <color name="emui_appbar_icon_pressed">#dbffffff</color>
    <color name="emui_appbar_subbg">H7_BACKGROUND</color>
    <color name="emui_appbar_subtitle">#99ffffff</color>
    <color name="emui_appbar_title">#dbffffff</color>
    <color name="emui_appbar_title_off">#99ffffff</color>
    <color name="emui_badge_red">#ffd94838</color>
    <color name="emui_black">#ffffffff</color>
    <color name="emui_bottombar_bg">H7_BACKGROUND</color>
    <color name="emui_bottombar_bg_blur">H7_BACKGROUND</color>
    <color name="emui_bottombar_icon_off">#33ffffff</color>
    <color name="emui_bottombar_icon_off_auxcolor_01">#3fffffff</color>
    <color name="emui_bottombar_icon_off_auxcolor_02">#66ffffff</color>
    <color name="emui_bottombar_icon_on">H7_ACCENT_COLOR</color>
    <color name="emui_bottombar_icon_on_auxcolor_02">H7_ACCENT_COLOR_PRESS</color>
    <color name="emui_bottombar_subbg">H7_BACKGROUND</color>
    <color name="emui_bottombar_subbg_blur">H7_BACKGROUND</color>
    <color name="emui_bottombar_text_off">#99ffffff</color>
    <color name="emui_bottombar_text_on">H7_ACCENT_COLOR</color>
    <color name="emui_bottomsheet_bg">H7_ACTIONBAR</color>
    <color name="emui_button_default">#19ffffff</color>
    <color name="emui_button_default_disabled">#0affffff</color>
    <color name="emui_card_bg">H7_ACTIONBAR</color>
    <color name="emui_card_panel_bg">H7_ACTIONBAR</color>
    <color name="emui_center_color">H7_ACCENT_COLOR</color>
    <color name="emui_clickeffic_default_color">#26ffffff</color>
    <color name="emui_clickeffic_default_color_press">#26ffffff</color>
    <color name="emui_color_1">#ff5f58c7</color>
    <color name="emui_color_10">#ffe08c3a</color>
    <color name="emui_color_11">#ffffbf00</color>
    <color name="emui_color_2">H7_ACCENT_COLOR</color>
    <color name="emui_color_3">H7_ACCENT_COLOR</color>
    <color name="emui_color_4">#ff5ba854</color>
    <color name="emui_color_5">#ff86ad53</color>
    <color name="emui_color_6">#ff8c55c2</color>
    <color name="emui_color_7">#ffd64966</color>
    <color name="emui_color_8">#ffd94838</color>
    <color name="emui_color_9">#ffdb6b42</color>
    <color name="emui_color_badge">H7_ACCENT_COLOR</color>
    <color name="emui_color_bg">H7_BACKGROUND</color>
    <color name="emui_color_connected">#ff5ba854</color>
    <color name="emui_color_divider_horizontal">#33ffffff</color>
    <color name="emui_color_fg">#ffffffff</color>
    <color name="emui_color_fg_1">#ff5550a6</color>
    <color name="emui_color_fg_10">#ff9e7349</color>
    <color name="emui_color_fg_11">#ff997e39</color>
    <color name="emui_color_fg_2">H7_ACCENT_COLOR</color>
    <color name="emui_color_fg_3">H7_ACCENT_COLOR</color>
    <color name="emui_color_fg_4">#ff5c8059</color>
    <color name="emui_color_fg_5">#ff6b8052</color>
    <color name="emui_color_fg_6">#ff634794</color>
    <color name="emui_color_fg_7">#ffa14a5c</color>
    <color name="emui_color_fg_8">#ff9c554b</color>
    <color name="emui_color_fg_9">#ff9e644f</color>
    <color name="emui_color_fg_inverse">#ffe5e5e5</color>
    <color name="emui_color_fg_inverse_disable">#ff666666</color>
    <color name="emui_color_fourth">#33ffffff</color>
    <color name="emui_color_gray_1">H7_ACTIONBAR</color>
    <color name="emui_color_gray_10">#ffe6e6e6</color>
    <color name="emui_color_gray_2">H7_ACTIONBAR</color>
    <color name="emui_color_gray_3">H7_ACTIONBAR</color>
    <color name="emui_color_gray_4">#33ffffff</color>
    <color name="emui_color_gray_5">#4ce6e6e6</color>
    <color name="emui_color_gray_6">#ff666666</color>
    <color name="emui_color_gray_8">#ffb3b3b3</color>
    <color name="emui_color_gray_9">#ffcccccc</color>
    <color name="emui_color_handup">#ffd94838</color>
    <color name="emui_color_primary">#dbffffff</color>
    <color name="emui_color_progress">#99ffffff</color>
    <color name="emui_color_secondary">#99ffffff</color>
    <color name="emui_color_spinner_icon">#dbffffff</color>
    <color name="emui_color_subbg">H7_BACKGROUND</color>
    <color name="emui_color_subheader_divider">#19ffffff</color>
    <color name="emui_color_tertiary">#66ffffff</color>
    <color name="emui_color_text_highlight">H7_ACCENT_COLOR_PRESS</color>
    <color name="emui_color_text_primary">#a9ffffff</color>
    <color name="emui_color_text_secondary">#80ffffff</color>
    <color name="emui_color_text_tertiary">#66ffffff</color>
    <color name="emui_color_tips_bg">H7_ACTIONBAR</color>
    <color name="emui_color_warning">#ffdb6b42</color>
    <color name="emui_control_focused">H7_ACCENT_COLOR</color>
    <color name="emui_control_focused_outline">H7_ACCENT_COLOR</color>
    <color name="emui_control_highlight">H7_ACCENT_COLOR</color>
    <color name="emui_control_hover">#19ffffff</color>
    <color name="emui_control_normal">#19ffffff</color>
    <color name="emui_control_normal_disabled">#0affffff</color>
    <color name="emui_dialog_bg">H7_ACTIONBAR</color>
    <color name="emui_end_color">H7_ACCENT_COLOR</color>
    <color name="emui_fab_bg_normal">H7_ACCENT_COLOR</color>
    <color name="emui_fab_bg_pressed">H7_ACCENT_COLOR</color>
    <color name="emui_fab_shadow_end">H7_ACCENT_COLOR_DISABLED</color>
    <color name="emui_fab_shadow_start">H7_ACCENT_COLOR_DISABLED</color>
    <color name="emui_focused_color_1">#e5ffffff</color>
    <color name="emui_focused_color_2">#99ffffff</color>
    <color name="emui_focused_color_3">#66ffffff</color>
    <color name="emui_functional_blue">H7_ACCENT_COLOR</color>
    <color name="emui_functional_green">#ff007900</color>
    <color name="emui_functional_red">#ffd94838</color>
    <color name="emui_inputbox_bg">#19ffffff</color>
    <color name="emui_inputbox_subbg">#19ffffff</color>
    <color name="emui_mask_light">#99000000</color>
    <color name="emui_mask_regular">#b2000000</color>
    <color name="emui_mask_thick">#e5000000</color>
    <color name="emui_mask_thin">#66000000</color>
    <color name="emui_navigationbar_bg">#e5000000</color>
    <color name="emui_primary">#ffffffff</color>
    <color name="emui_primary_inverse">#ffe5e5e5</color>
    <color name="emui_rating_bar_color">#ffffffff</color>
    <color name="emui_ratingbar_black">H7_ACTIONBAR</color>
    <color name="emui_special_color_1">#ff392f49</color>
    <color name="emui_special_color_11">#ff4a4333</color>
    <color name="emui_special_color_2">#ff343e4a</color>
    <color name="emui_special_color_4">#ff3c4b34</color>
    <color name="emui_special_color_7">#ff443038</color>
    <color name="emui_special_color_9">#ff463630</color>
    <color name="emui_start_color">H7_ACCENT_COLOR</color>
    <color name="emui_subtab_bg">H7_BACKGROUND</color>
    <color name="emui_subtab_line_on">H7_ACCENT_COLOR</color>
    <color name="emui_subtab_text_off">#99ffffff</color>
    <color name="emui_subtab_text_on">H7_ACCENT_COLOR</color>
    <color name="emui_switch_bg_off">#33000000</color>
    <color name="emui_switch_outline_off">#66ffffff</color>
    <color name="emui_text_disabled">#66ffffff</color>
    <color name="emui_text_hint">#99ffffff</color>
    <color name="emui_text_primary">#ffffffff</color>
    <color name="emui_toolbar_bg">H7_BACKGROUND</color>
    <color name="emui_toolbar_icon">#dbffffff</color>
    <color name="emui_toolbar_icon_actived">H7_ACCENT_COLOR</color>
    <color name="emui_toolbar_subbg">H7_BACKGROUND</color>
    <color name="emui_toolbar_text">#dbffffff</color>
    <color name="emui_toolbar_text_actived">H7_ACCENT_COLOR</color>
    <color name="emui_white">H7_BACKGROUND</color>
    <color name="emui_white_bg">H7_BACKGROUND</color>
    <color name="emui_white_dialog">H7_ACTIONBAR</color>
    <color name="engine_install_state_bg">H7_ACTIONBAR</color>
    <color name="expandable_text_view_body_default">#ffe6e6e6</color>
    <color name="faq_emui_accent">H7_ACCENT_COLOR</color>
    <color name="faq_emui_color_gray_10">H7_ACTIONBAR</color>
    <color name="faq_emui_color_gray_5">#4ce6e6e6</color>
    <color name="faq_emui_white">#ffe6e6e6</color>
    <color name="faq_emui_white_bg">H7_BACKGROUND</color>
    <color name="faq_sdk_action_bar_grey">H7_ACTIONBAR</color>
    <color name="faq_sdk_bar_black">#dbffffff</color>
    <color name="faq_sdk_btn_blue">H7_ACCENT_COLOR</color>
    <color name="faq_sdk_category_menu_bg">H7_ACTIONBAR</color>
    <color name="faq_sdk_dialog_bg">H7_ACTIONBAR</color>
    <color name="faq_sdk_grid_divider_color">#33e6e6e6</color>
    <color name="faq_sdk_label_assist_text_color_normal">#80e6e6e6</color>
    <color name="faq_sdk_label_highlight_text_color_normal">H7_ACCENT_COLOR</color>
    <color name="faq_sdk_label_text_color_normal">#ffe6e6e6</color>
    <color name="faq_sdk_list_divider_color">#33e6e6e6</color>
    <color name="faq_sdk_list_item_hint_text_color_normal">#4de6e6e6</color>
    <color name="faq_sdk_list_item_selector_color">#19ffffff</color>
    <color name="faq_sdk_list_item_title_text_color_normal">#ffe6e6e6</color>
    <color name="faq_sdk_menu_pressed_bg">#19ffffff</color>
    <color name="faq_sdk_notice_view_background">H7_BACKGROUND</color>
    <color name="faq_sdk_notice_view_default_text_color">#80e6e6e6</color>
    <color name="faq_sdk_notice_view_pad_background">H7_BACKGROUND</color>
    <color name="faq_sdk_online_them">H7_BACKGROUND</color>
    <color name="faq_sdk_pop_menu_bg">H7_ACTIONBAR</color>
    <color name="faq_sdk_search_bg">#19ffffff</color>
    <color name="faq_sdk_section_background_color_normal">#14ffffff</color>
    <color name="faq_sdk_section_sub_title_text_color_normal">#80e6e6e6</color>
    <color name="faq_sdk_share_bg">H7_ACTIONBAR</color>
    <color name="faq_sdk_white_bg">H7_BACKGROUND</color>
    <color name="feedback_sdk_action_bar_grey">#19ffffff</color>
    <color name="feedback_sdk_bar_black">#dbffffff</color>
    <color name="feedback_sdk_common_black_20">#33ffffff</color>
    <color name="feedback_sdk_common_black_30">#4de6e6e6</color>
    <color name="feedback_sdk_common_black_40">#66ffffff</color>
    <color name="feedback_sdk_common_btn_blue">H7_ACCENT_COLOR</color>
    <color name="feedback_sdk_dialog_bg">H7_ACTIONBAR</color>
    <color name="feedback_sdk_grid_divider_color">#33e6e6e6</color>
    <color name="feedback_sdk_label_assist_text_color_normal">#80e6e6e6</color>
    <color name="feedback_sdk_label_text_color_normal">#ffe6e6e6</color>
    <color name="feedback_sdk_list_item_hint_text_color_normal">#4de6e6e6</color>
    <color name="feedback_sdk_moreservice_choose_text_color">#80e6e6e6</color>
    <color name="feedback_sdk_moreservice_text_color">#ffe6e6e6</color>
    <color name="feedback_sdk_notice_view_background">H7_BACKGROUND</color>
    <color name="feedback_sdk_notice_view_default_text_color">#80e6e6e6</color>
    <color name="feedback_sdk_notice_view_pad_background">H7_BACKGROUND</color>
    <color name="feedback_sdk_problem_common_type_info_phone">#ff747474</color>
    <color name="feedback_sdk_problem_photo_bg">H7_ACTIONBAR</color>
    <color name="feedback_sdk_problem_question_info_bg">H7_ACTIONBAR</color>
    <color name="feedback_sdk_problem_question_info_or_phone_hint">#ff606060</color>
    <color name="feedback_sdk_problem_question_info_or_phone_text">#ffffffff</color>
    <color name="feedback_sdk_problem_question_number">#ff676767</color>
    <color name="feedback_sdk_problem_recycle_normol_question_type_bg">#33ffffff</color>
    <color name="feedback_sdk_problem_recycle_select_question_type">#ffe6e6e6</color>
    <color name="feedback_sdk_problem_recycle_select_question_type_bg">H7_ACCENT_COLOR</color>
    <color name="feedback_sdk_problem_select_question_type">#ffe6e6e6</color>
    <color name="feedback_sdk_problem_submit_normol_bg">H7_ACCENT_COLOR</color>
    <color name="feedback_sdk_problem_submit_select_bg">H7_ACCENT_COLOR</color>
    <color name="feedback_sdk_problem_submit_text">H7_ACCENT_COLOR</color>
    <color name="feedback_sdk_tab_slider_bg_color_selected">H7_ACCENT_COLOR</color>
    <color name="feedback_sdk_tab_slider_bg_color_selected_50">H7_ACCENT_COLOR_PRESS</color>
    <color name="feedback_sdk_text_normal_black">#99ffffff</color>
    <color name="feedback_sdk_text_normal_black_50">#66ffffff</color>
    <color name="feedback_tab_text_color_selected_20">H7_ACCENT_COLOR_DISABLED</color>
    <color name="feedback_toggle_item_bg_color">#19ffffff</color>
    <color name="font_make_home_page">H7_BACKGROUND</color>
    <color name="free_statement_area_background">#1affffff</color>
    <color name="free_statement_area_text_color">#ffffffff</color>
    <color name="free_statement_entrances_text_color">#ffffffff</color>
    <color name="gray_anonymous_publishing_notification_details">#ffe5e5e5</color>
    <color name="grey_color_38">#61ffffff</color>
    <color name="grid_item_default_circle_color">H7_ACTIONBAR</color>
    <color name="haid_landing_app_down_pre_scan_bg">#1affffff</color>
    <color name="hiad_10_percent_black">#19ffffff</color>
    <color name="hiad_10_percent_white">#19000000</color>
    <color name="hiad_15_percent_white">#26000000</color>
    <color name="hiad_20_percent_black">#33ffffff</color>
    <color name="hiad_30_percent_black">#4cffffff</color>
    <color name="hiad_30_percent_white">#4c000000</color>
    <color name="hiad_40_percent_white">#66000000</color>
    <color name="hiad_60_percent_black">#99ffffff</color>
    <color name="hiad_62_percent_black">#9effffff</color>
    <color name="hiad_70_percent_black">#b2ffffff</color>
    <color name="hiad_80_percent_black">#ccffffff</color>
    <color name="hiad_80_percent_white">#cc000000</color>
    <color name="hiad_90_percent_black">#e6ffffff</color>
    <color name="hiad_90_percent_white">#e5000000</color>
    <color name="hiad_activie_app_desc_color">#80ffffff</color>
    <color name="hiad_app_down_installing_bg">#0dffffff</color>
    <color name="hiad_app_down_installing_stroke">#0dffffff</color>
    <color name="hiad_app_down_processing_backgroud">#00ffffff</color>
    <color name="hiad_app_down_processing_landing_page_text">#ffffffff</color>
    <color name="hiad_app_down_processing_text">#ffffffff</color>
    <color name="hiad_app_text_color">#a9ffffff</color>
    <color name="hiad_app_text_color_half">#a9ffffff</color>
    <color name="hiad_button_pressed">#1affffff</color>
    <color name="hiad_cancel_text_color">H7_ACCENT_COLOR</color>
    <color name="hiad_dialog_gray_10">#ccffffff</color>
    <color name="hiad_down_normal_bg">#0dffffff</color>
    <color name="hiad_down_normal_bg_press">#1affffff</color>
    <color name="hiad_down_normal_stroke">#0dffffff</color>
    <color name="hiad_download_button">H7_ACCENT_COLOR</color>
    <color name="hiad_download_button_pressed">H7_ACCENT_COLOR</color>
    <color name="hiad_emui_8_btn_color">#a9ffffff</color>
    <color name="hiad_emui_accent">H7_ACCENT_COLOR</color>
    <color name="hiad_emui_black">#ffffffff</color>
    <color name="hiad_emui_color_gray_1">#19ffffff</color>
    <color name="hiad_emui_white">H7_BACKGROUND</color>
    <color name="hiad_endcard_default_bg">H7_ACTIONBAR</color>
    <color name="hiad_endcard_desc_color">#99ffffff</color>
    <color name="hiad_endcard_text_color">#ffffffff</color>
    <color name="hiad_install_success_card_color">H7_ACTIONBAR</color>
    <color name="hiad_install_success_desc_color">#99e7e7e5</color>
    <color name="hiad_install_success_title_color">#ffffffff</color>
    <color name="hiad_landing_app_down_normal_bg_hm">H7_ACCENT_COLOR</color>
    <color name="hiad_open_btn_normal_bg">#1affffff</color>
    <color name="hiad_open_btn_pressed_bg">H7_ACTIONBAR</color>
    <color name="hiad_popup_default_bg">H7_ACTIONBAR</color>
    <color name="hiad_popup_text_color">#ffffffff</color>
    <color name="hiad_popup_version_color">#99ffffff</color>
    <color name="hiad_seekbar_thumb_edge_color">#08ffffff</color>
    <color name="hiad_theme_color">H7_ACCENT_COLOR</color>
    <color name="hiad_video_progress_bg">#26000000</color>
    <color name="hiad_video_progress_blue_hm">H7_ACCENT_COLOR</color>
    <color name="hiad_whythisad_root_bg">#ffffffff</color>
    <color name="home_default">H7_ACTIONBAR</color>
    <color name="home_default_brush">H7_ACTIONBAR</color>
    <color name="horizon_wallpaper_list_text">#9affffff</color>
    <color name="horizon_wallpaper_list_title">#99ffffff</color>
    <color name="hotspot_background">#1affffff</color>
    <color name="hotspot_logo_round">#ff999999</color>
    <color name="hotspot_logo_round_border">#ff999999</color>
    <color name="hwadvancedcardview_Shadow_Color_light">H7_BACKGROUND</color>
    <color name="hwbottomnavigationview_blur_color">H7_ACTIONBAR</color>
    <color name="hwbottomnavigationview_message_bg">#ffd30003</color>
    <color name="hwbubblelayout_shadow_color_light">H7_BACKGROUND</color>
    <color name="hwbutton_color_emui_accent_disable">H7_ACCENT_COLOR_DISABLED</color>
    <color name="hwbutton_default_pressed_color_layer">#19ffffff</color>
    <color name="hwbutton_emphasize_pressed_color_layer">#19ffffff</color>
    <color name="hwbutton_functional_blue_disable">H7_ACCENT_COLOR_DISABLED</color>
    <color name="hwlistpattern_swipe_bg">#1affffff</color>
    <color name="hwsearchview_color_plate_bg">#19ffffff</color>
    <color name="hwsearchview_color_plate_bg_click">#33ffffff</color>
    <color name="hwseekbar_scale_color">#33ffffff</color>
    <color name="hwseekbar_step_text">#80ffffff</color>
    <color name="hwspinner_item_disabled">#66ffffff</color>
    <color name="hwspinner_list_shadow_color">H7_BACKGROUND</color>
    <color name="hwswitch_off_track_bg">#ff616161</color>
    <color name="hwswitch_thumb_disable">#ff616161</color>
    <color name="hwtoolbar_status_color">H7_ACTIONBAR</color>
    <color name="ic_header_color_deep">#ff616161</color>
    <color name="ic_header_color_shallow">#ffa8a8a8</color>
    <color name="icon_channel_color">#dbffffff</color>
    <color name="id_fa_color_activated">H7_ACCENT_COLOR</color>
    <color name="id_fa_color_alert">#ffd94838</color>
    <color name="id_fa_color_background">H7_ACTIONBAR</color>
    <color name="id_fa_color_background_blur">H7_ACTIONBAR</color>
    <color name="id_fa_color_click_effect">#19ffffff</color>
    <color name="id_fa_color_component_normal">#19ffffff</color>
    <color name="id_fa_color_connected">#ff5ba854</color>
    <color name="id_fa_color_emphasize">H7_ACCENT_COLOR</color>
    <color name="id_fa_color_emphasize_outline">H7_ACCENT_COLOR</color>
    <color name="id_fa_color_foreground">#ffffffff</color>
    <color name="id_fa_color_handup">#ffd94838</color>
    <color name="id_fa_color_icon_fourth">#33ffffff</color>
    <color name="id_fa_color_icon_primary">#dbffffff</color>
    <color name="id_fa_color_icon_secondary">#99ffffff</color>
    <color name="id_fa_color_icon_tertiary">#66ffffff</color>
    <color name="id_fa_color_list_card_bg">#19ffffff</color>
    <color name="id_fa_color_list_card_bg_blur">#19ffffff</color>
    <color name="id_fa_color_list_separator">#33ffffff</color>
    <color name="id_fa_color_palette1">#ff5f58c7</color>
    <color name="id_fa_color_palette10">#ffe08c3a</color>
    <color name="id_fa_color_palette11">#ffd1a738</color>
    <color name="id_fa_color_palette2">H7_ACCENT_COLOR</color>
    <color name="id_fa_color_palette3">H7_ACCENT_COLOR</color>
    <color name="id_fa_color_palette4">#ff5ba854</color>
    <color name="id_fa_color_palette5">#ff86ad53</color>
    <color name="id_fa_color_palette6">#ff8c55c2</color>
    <color name="id_fa_color_palette7">#ffd64966</color>
    <color name="id_fa_color_palette8">#ffd94838</color>
    <color name="id_fa_color_palette9">#ffdb6b42</color>
    <color name="id_fa_color_sub_background">H7_ACTIONBAR</color>
    <color name="id_fa_color_text_activated">H7_ACCENT_COLOR</color>
    <color name="id_fa_color_text_fourth">#33ffffff</color>
    <color name="id_fa_color_text_primary">#dbffffff</color>
    <color name="id_fa_color_text_secondary">#99ffffff</color>
    <color name="id_fa_color_text_tertiary">#66ffffff</color>
    <color name="id_fa_color_warning">#ffdb6b42</color>
    <color name="image_view_cover_color_normal">#0dffffff</color>
    <color name="line_view_bg">#33ffffff</color>
    <color name="list_item_selector_color">#19ffffff</color>
    <color name="list_shortcut_tab_color">#ffe6e6e6</color>
    <color name="listview_pressed_color">H7_ACTIONBAR</color>
    <color name="live_font_loding_bg">#ff808080</color>
    <color name="local_icon_background_color">H7_ACTIONBAR</color>
    <color name="magazine_dialog_progress">#99ffffff</color>
    <color name="mask_color">#33ffffff</color>
    <color name="mention_user_name">#80e6e6e6</color>
    <color name="menu_divider_line_color">#0dffffff</color>
    <color name="menu_title_text_color">#e6ffffff</color>
    <color name="mine_card_color">H7_ACTIONBAR</color>
    <color name="mine_community_management">#1affffff</color>
    <color name="mine_community_management_desc">#ffffffff</color>
    <color name="mine_community_management_title">#ffffffff</color>
    <color name="mine_regist_divider_color">#33ffffff</color>
    <color name="mine_regist_subtitle_color">#61ffffff</color>
    <color name="mine_regist_title_color">#99ffffff</color>
    <color name="mine_scroll_bg_color">H7_BACKGROUND</color>
    <color name="mini_video_name">#ffffffff</color>
    <color name="module_base_label_text_color_normal">#ffe6e6e6</color>
    <color name="module_base_list_divider_color">#33ffffff</color>
    <color name="more_and_refresh_color">#4dffffff</color>
    <color name="more_title_press">#ffffffff</color>
    <color name="more_wallpaper_devidecolor">H7_ACTIONBAR</color>
    <color name="more_wallpaper_textcolor">#ffe6e6e6</color>
    <color name="movie_list_card_bg">H7_ACTIONBAR</color>
    <color name="movie_shot_color">#66ffffff</color>
    <color name="no_resource_svg_color">#80ffffff</color>
    <color name="notice_push_bg_color">H7_ACTIONBAR</color>
    <color name="outdate_color_corner">#ffffffff</color>
    <color name="personal_subscribe_color">H7_ACTIONBAR</color>
    <color name="pict_template_beautify_author">#9effffff</color>
    <color name="pps_download_btn_text">H7_ACCENT_COLOR</color>
    <color name="pps_download_btn_text_2">H7_ACCENT_COLOR</color>
    <color name="pps_download_btn_text_3">#fff2f2f2</color>
    <color name="private_policy_press">#1affffff</color>
    <color name="professional_designer_cover">H7_ACTIONBAR</color>
    <color name="professional_designer_recommend">H7_ACTIONBAR</color>
    <color name="progress_bg_color">H7_ACTIONBAR</color>
    <color name="progress_button_content_pressed">H7_ACCENT_COLOR_DISABLED</color>
    <color name="progress_button_line">H7_ACCENT_COLOR</color>
    <color name="progressbar_background">#33ffffff</color>
    <color name="progressbar_progress">#33ffffff</color>
    <color name="publish_picture_template_pop_bg">H7_ACTIONBAR</color>
    <color name="ranking_bg_color">H7_BACKGROUND</color>
    <color name="ranking_text_color_primary">#ffe6e6e6</color>
    <color name="ranking_text_color_secondary">#96ffffff</color>
    <color name="recommend_card_bg_color">H7_ACTIONBAR</color>
    <color name="recommend_subtitle_color">#ffffffff</color>
    <color name="recommend_title_color">#99ffffff</color>
    <color name="resource_description_color">#80e6e6e6</color>
    <color name="ring_bg_color">#ffffffff</color>
    <color name="ring_text_color_primary">#ffe6e6e6</color>
    <color name="ring_text_color_secondary">#99ffffff</color>
    <color name="scalebar_textcolor">#a8ffffff</color>
    <color name="scrollbar_color">#33ffffff</color>
    <color name="search_color">#ffffffff</color>
    <color name="search_no_result_split_color">#33ffffff</color>
    <color name="search_no_result_text_color">#9affffff</color>
    <color name="search_view_bg">#19ffffff</color>
    <color name="search_view_hint_color">#33ffffff</color>
    <color name="searchview_editview_bg">#4dffffff</color>
    <color name="select_ring_text_color_secondary">H7_ACCENT_COLOR_PRESS</color>
    <color name="settings_background">H7_BACKGROUND</color>
    <color name="settings_card_bg">H7_ACTIONBAR</color>
    <color name="share_preview_bg_color">#00000000</color>
    <color name="shortcut_bg_color">H7_ACTIONBAR</color>
    <color name="shortcut_main_color">#ffffffff</color>
    <color name="skin_community_interested_color_bg">H7_ACTIONBAR</color>
    <color name="skin_designer_settings_card_bg">H7_ACTIONBAR</color>
    <color name="skin_hotspot_count_text_color">#66ffffff</color>
    <color name="skin_hotspot_text_color">#dbffffff</color>
    <color name="skin_loading_text_color">#ff808080</color>
    <color name="skin_overlay_blur_color">H7_ACTIONBAR</color>
    <color name="skin_tab_bg_color">H7_ACTIONBAR</color>
    <color name="skin_tab_bottom_icon_default_color">#80ffffff</color>
    <color name="skin_tabhost_backgroud">#1affffff</color>
    <color name="skin_tabhost_sub_title">#66ffffff</color>
    <color name="skin_tabhost_title_selected">#dbffffff</color>
    <color name="skin_tabhost_title_unselected">#99ffffff</color>
    <color name="skin_white_color">#00000000</color>
    <color name="sort_bord">H7_ACTIONBAR</color>
    <color name="status_bar_color">H7_BACKGROUND</color>
    <color name="status_bar_color_no_harmony">H7_BACKGROUND</color>
    <color name="sticker_left_unselected">H7_ACTIONBAR</color>
    <color name="subtab_active_color">#e5ffffff</color>
    <color name="subtab_normal_color">#99ffffff</color>
    <color name="svg_list_item_color1">#8abcb8b8</color>
    <color name="switch_track_off_bg_emui">#66ffffff</color>
    <color name="tab_bottow_color_navigationin_sink">H7_BACKGROUND</color>
    <color name="tab_channel_icon_bg">H7_ACTIONBAR</color>
    <color name="tab_channel_icon_drawer">#ffffffff</color>
    <color name="tab_photo_filter">H7_ACTIONBAR</color>
    <color name="tab_photo_filter_press">H7_ACTIONBAR</color>
    <color name="tab_toolbar_color">H7_BACKGROUND</color>
    <color name="tabhost_border_line">#26ffffff</color>
    <color name="theme_color">H7_ACCENT_COLOR</color>
    <color name="theme_engine_reminder">#61ffffff</color>
    <color name="theme_preview_bg">#0dffffff</color>
    <color name="theme_preview_info_title_color">#80ffffff</color>
    <color name="theme_title_color">#ffffffff</color>
    <color name="title_gray">#fff8f8ff</color>
    <color name="toggle_bg_harmony">#26ffffff</color>
    <color name="toggle_item_bg_color">#33ffffff</color>
    <color name="toolbar_bg_color">H7_BACKGROUND</color>
    <color name="toolbar_progress_color">#ff999999</color>
    <color name="top_search_content">#fffffcfc</color>
    <color name="top_search_first_index">#ffff787a</color>
    <color name="top_search_normal_index">#ff8c8c8c</color>
    <color name="top_search_second_index">#ffffd79d</color>
    <color name="top_search_third_index">H7_ACCENT_COLOR</color>
    <color name="topic_item_bg">H7_BACKGROUND</color>
    <color name="ucd_lib_scalebar_scale_text_color">#FFFFFFFF</color>
    <color name="ucd_lib_sectionview_black">#a9ffffff</color>
    <color name="ucd_lib_setctionview_black_50_opacity">#80FFFFFF</color>
    <color name="unheighlight_color">#99ffffff</color>
    <color name="upsdk_color_gray_1">H7_ACTIONBAR</color>
    <color name="upsdk_color_gray_10">#ffe6e6e6</color>
    <color name="vip_buy_package_item_bg_selected_color">#1affffff</color>
    <color name="vip_coupons_text_color">#ffdb6b42</color>
    <color name="vip_expirded_btn_refuse">#99ffffff</color>
    <color name="vip_record_full_minus">H7_ACTIONBAR</color>
    <color name="wallpaper_detail_engine_install_state_bg">H7_ACTIONBAR</color>
    <color name="wallpaper_detail_engine_install_text_color">#ff989898</color>
    <color name="watchface_cancel_text">#ffffffff</color>
    <color name="watchface_main_background">H7_ACTIONBAR</color>
    <color name="watchface_tips_textview_background">#e6ffffff</color>
    <color name="watchface_toggle">#ccffffff</color>
    <color name="white_95_percent">#19ffffff</color>
    <color name="white_95_percent_paster_bottom">H7_BACKGROUND</color>
    <color name="white_95_percent_paster_top">H7_ACTIONBAR</color>
    <color name="accent_on_disable_dark_emui">H7_ACCENT_COLOR_DISABLED</color>
    <color name="feedback_text_color1">#fff0f0f0</color>
    <color name="feedback_text_color2">#ffadadad</color>
    <color name="feedback_text_color3">#ffadadad</color>
    <color name="hwbutton_text_color">#d8ffffff</color>
    <color name="hwbutton_text_disabled">#41ffffff</color>
    <color name="hwbutton_text_emphasize_color">#d8ffffff</color>
    <color name="hwbutton_text_emphasize_disabled">#41ffffff</color>
    <color name="hwcheckbox_accent_off_dark_emui">#33ffffff</color>
    <color name="hwcheckbox_accent_off_disable_dark_emui">#19ffffff</color>
    <color name="hwcheckbox_accent_on_dark_emui">H7_ACCENT_COLOR</color>
    <color name="hwcheckbox_inner_checked_mark">#ffe6e6e6</color>
    <color name="hwcheckbox_inner_disable_dark">#33ffffff</color>
    <color name="hwcheckbox_inner_normal_dark">#80ffffff</color>
    <color name="hwcheckbox_off_mask">H7_BACKGROUND</color>
    <color name="hwedit_emui_black_color_alpha_30">#4ce6e6e6</color>
    <color name="hwedit_emui_edit_text_hint_color">#33ffffff</color>
    <color name="hwspinner_list_selector_bg_focused_emui">#191f69ff</color>
    <color name="progress_button_content">H7_ACCENT_COLOR_DISABLED</color>
	
    <color name="status_bar_color">H7_BACKGROUND</color>
    <color name="skin_tab_bg_color">H7_BACKGROUND</color>
    <color name="skin_selected_tab_background">H7_BACKGROUND</color>
    <color name="skin_custom_subtab_background">H7_BACKGROUND</color>
    <color name="settings_background">H7_BACKGROUND</color>
    <color name="settings_card_bg">H7_ACTIONBAR</color>
	<color name="emui_appbar_subbg">H7_BACKGROUND</color>
    <color name="bg_color_harmony">H7_BACKGROUND</color>
    <color name="bg_color_harmony_alpha_50">H7_BACKGROUND</color>
    <color name="bg_modal_harmony">H7_BACKGROUND</color>
    <color name="emui_bottombar_subbg">H7_BACKGROUND</color>
    <color name="emui_bottombar_subbg_blur">H7_BACKGROUND</color>
    <color name="emui_bottomsheet_bg">H7_BACKGROUND</color>
    <color name="emui_bottomsheet_bg_translucent">H7_BACKGROUND</color>
    <color name="emui_color_subbg">H7_BACKGROUND</color>
    <color name="emui_toolbar_subbg">H7_BACKGROUND</color>
    <color name="hwcheckbox_focused_path_color">H7_BACKGROUND</color>
    <color name="id_fa_color_sub_background">H7_BACKGROUND</color>
    <color name="agd_background">H7_BACKGROUND</color>
    <color name="hwbottomnavigationview_sub_bg">H7_BACKGROUND</color>
    <color name="hwbottomnavigationview_sub_bg_dark">H7_BACKGROUND</color>
    <color name="hwbottomnavigationview_sub_bg_translucent">H7_BACKGROUND</color>
    <color name="hwbottomnavigationview_sub_blur_color">H7_BACKGROUND</color>
    <color name="hwbottomnavigationview_sub_blur_color_dark">H7_BACKGROUND</color>
    <color name="hwbottomnavigationview_sub_blur_color_translucent">H7_BACKGROUND</color>
    <color name="skin_bg_color_harmony">H7_BACKGROUND</color>
	
</resources>
