<?xml version="1.0" encoding="UTF-8"?><resources>
   <drawable name="album_cover_background">H7_BACKGROUND</drawable>
   <color name="album_cover_background">H7_BACKGROUND</color>
  <color name="photo_page_immersion_color">H7_BACKGROUND_PRESS</color>
   <color name="photo_page_full_immersion_color">H7_BACKGROUND</color>
   <color name="albumset_background">H7_BACKGROUND</color>
   <color name="album_placeholder">H7_BACKGROUND</color>
   <!--  DTS2015020300419  s00219286 20150203 end -->
   <!-- configuration for photo page -->
   <color name="photo_background">H7_BACKGROUND</color>
   <!-- configuration for manage cache page -->
   <!-- DTS2013041507468 w00210918 20130417 begin -->
   <!-- DTS2013041507468 w00210918 20130417 end -->
   <color name="crop_button_selected">H7_BACKGROUND</color>
   <color name="crop_button_notselected">H7_BACKGROUND</color>
   <!-- For Action Bar -->
   <color name="actionbar_hightlight_text_color_normal">H7_ACCENT_COLOR</color>
   <color name="actionbar_hightlight_text_color_white">H7_BACKGROUND</color>
   <color name="selection_all_bg_color">H7_BACKGROUND</color>
   <!-- configuration for cloud photo -->
   <!-- DTS2015040203985 s00219286 20150416 begin -->
	<color name="default_background">#000000</color>
   <!-- for MultiScreen -->
   <!-- for Diag Delete Button -->
   <!-- For album slot fragment -->
   <!-- for Photoshare -->
   <color name="photoshare_login_background_color">H7_BACKGROUND</color>
   <!--For pull_down_ListView -->
   <!-- For simple editor adjust state -->
   <color name="editor_reset_color">H7_ACCENT_COLOR</color>
   <drawable name="grid_background">H7_ACTIONBAR</drawable>
   <color name="switcher_mode_text">H7_BACKGROUND</color>
   <!-- DTS2014110703256 xiweinan x00263025 20141107 end -->
   <color name="bardian_time_line_group_title_text_color">H7_ACCENT_COLOR</color>
   <!-- DTS2015042703420 g00282909 20150427 begin -->
   <color name="distance_line_color">H7_BACKGROUND</color>
   <!-- DTS2015042703420 g00282909 20150427 end -->
   <color name="emui_tab_title_selected_light">H7_ACCENT_COLOR</color>
   <color name="emui_tab_title_selected_pressed_light">H7_ACCENT_COLOR_PRESS</color>
   <color name="photo_share_policy_color">H7_ACCENT_COLOR</color>
   <color name="comment_text_background">H7_BACKGROUND_PRESS</color>
   <color name="wallpaper_controll_actived">H7_BACKGROUND</color>
   <color name="user_guard_tutton_text_color_normal">H7_ACCENT_COLOR</color>
   <color name="user_guard_tutton_text_color_pressed">H7_ACCENT_COLOR</color>
   <color name="actionbar_background_color">H7_BACKGROUND</color>
   <color name="icon_white_background_color_normal">H7_ACCENT_COLOR</color>
   <color name="icon_white_background_color_activated">H7_ACCENT_COLOR</color>
   <color name="icon_white_background_color_pressed">H7_ACCENT_COLOR</color>
   <color name="icon_white_background_color_disabled">H7_ACCENT_COLOR</color>
   <color name="activity_background">H7_BACKGROUND</color>
   <color name="photoshare_invite_status_waiting">H7_ACCENT_COLOR</color>
   <color name="people_detail_rename_checked_color">H7_ACCENT_COLOR_PRESS</color>
   <color name="photomore_location_press_color">H7_ACCENT_COLOR</color>
   <color name="photomore_location_color">H7_ACCENT_COLOR</color>
   <color name="photo_view_background_color">H7_BACKGROUND</color>
   <color name="user_guide_bar_background">H7_BACKGROUND</color>
   <color name="photomore_info_background">H7_BACKGROUND</color>
   <color name="background_white">H7_BACKGROUND</color>
   <color name="tv_content_new_album_cloor">H7_ACCENT_COLOR</color>
   <color name="search_suggestion_tag_view_background">H7_BACKGROUND</color>
   <drawable name="fragment_viewpage_background">H7_BACKGROUND</drawable>
    <item type="drawable" name="album_cover_background">H7_ACTIONBAR</item>
    <item type="drawable" name="fragment_viewpage_background">H7_BACKGROUND</item>
    <item type="drawable" name="grid_background">H7_ACTIONBAR</item>
    <item type="drawable" name="hw_transparent">#00000000</item>
    <item type="drawable" name="stack_cover_background1">#0fffffff</item>
    <item type="drawable" name="stack_cover_background2">#08ffffff</item>
    <color name="actionbar_background_color">H7_BACKGROUND</color>
    <color name="actionbar_hightlight_text_color_normal">H7_ACCENT_COLOR</color>
    <color name="album_cover_background">H7_ACTIONBAR</color>
    <color name="album_placeholder">H7_ACTIONBAR</color>
    <color name="albumset_background">H7_BACKGROUND</color>
    <color name="alpha_black10">H7_ACTIONBAR</color>
    <color name="background_white">H7_BACKGROUND</color>
    <color name="bardian_time_line_group_title_text_color">H7_ACCENT_COLOR</color>
    <color name="bitmap_screennail_placeholder">H7_ACTIONBAR</color>
    <color name="cache_background">H7_ACTIONBAR</color>
    <color name="cache_placeholder">H7_ACTIONBAR</color>
    <color name="cloud_placeholder">H7_ACTIONBAR</color>
    <color name="crop_button_notselected">H7_BACKGROUND</color>
    <color name="dialog_content_textcolor">H7_ACTIONBAR</color>
    <color name="emui_accent">H7_ACCENT_COLOR</color>
    <color name="emui_accent_inverse">H7_ACCENT_COLOR</color>
    <color name="emui_accent_pressed">H7_ACCENT_COLOR</color>
    <color name="emui_black">H7_BACKGROUND</color>
    <color name="emui_color_bg">H7_BACKGROUND</color>
    <color name="emui_color_fg">H7_ACTIONBAR</color>
    <color name="emui_color_gray_1">H7_ACTIONBAR</color>
    <color name="emui_color_gray_10">H7_BACKGROUND</color>
    <color name="emui_color_gray_3">H7_ACTIONBAR</color>
    <color name="emui_color_gray_4">H7_ACTIONBAR</color>
    <color name="emui_color_text_highlight">H7_ACCENT_COLOR_PRESS</color>
    <color name="emui_control_highlight">H7_ACCENT_COLOR</color>
    <color name="emui_functional_blue">H7_ACCENT_COLOR</color>
    <color name="emui_functional_blue_inverse">H7_ACCENT_COLOR</color>
    <color name="emui_tab_title_selected_light">H7_ACCENT_COLOR</color>
    <color name="emui_tab_title_selected_pressed_light">H7_ACCENT_COLOR_PRESS</color>
    <color name="emui_white">H7_BACKGROUND</color>
    <color name="freeshare_device_title_textcolor">H7_ACCENT_COLOR</color>
    <color name="icon_black_background_color_activated">H7_ACCENT_COLOR</color>
    <color name="icon_white_background_color_activated">H7_ACCENT_COLOR</color>
    <color name="icon_white_background_color_disabled">H7_ACCENT_COLOR_DISABLED</color>
    <color name="icon_white_background_color_normal">H7_ACCENT_COLOR</color>
    <color name="icon_white_background_color_pressed">H7_ACCENT_COLOR_PRESS</color>
    <color name="list_album_sys_bg">H7_ACTIONBAR</color>
    <color name="photo_background">H7_BACKGROUND</color>
    <color name="photo_page_full_immersion_color">H7_BACKGROUND</color>
    <color name="photo_placeholder">H7_ACTIONBAR</color>
    <color name="photo_share_policy_color">H7_ACCENT_COLOR</color>
    <color name="photo_view_background_color">H7_BACKGROUND</color>
    <color name="photomore_info_background">H7_BACKGROUND</color>
    <color name="photomore_location_press_color">H7_ACCENT_COLOR</color>
    <color name="photopage_bottom_buttom_pressed">H7_ACCENT_COLOR</color>
    <color name="photoshare_down_up_status_progress_bgd_color_2">H7_ACTIONBAR</color>
    <color name="photoshare_login_background_color">H7_BACKGROUND</color>
    <color name="recycle_circle_bg">H7_ACTIONBAR</color>
    <color name="search_suggestion_tag_color">H7_ACTIONBAR</color>
    <color name="search_suggestion_tag_view_background">H7_BACKGROUND</color>
    <color name="selection_all_bg_color">H7_BACKGROUND</color>
    <color name="slideshow_background">H7_BACKGROUND</color>
    <color name="use_network_bottom_line_color">H7_ACTIONBAR</color>
    <color name="user_guard_tutton_text_color_normal">H7_ACCENT_COLOR</color>
    <color name="user_guard_tutton_text_color_pressed">H7_ACCENT_COLOR</color>
    <color name="user_guide_bar_background">H7_BACKGROUND</color>
    <color name="welcome_page_background">H7_BACKGROUND</color>
    <color name="actionbar_number_background_color">H7_ACTIONBAR</color>
    <color name="activity_background">H7_BACKGROUND</color>
    <color name="image_damage_background_color">H7_ACTIONBAR</color>
    <color name="photoshare_invite_status_waiting">H7_ACCENT_COLOR</color>
		<color name="action_divider_color">H7_ACTIONBAR</color>
	<color name="album_background">H7_ACTIONBAR</color>
	<color name="album_set_background">H7_BACKGROUND</color>
	<color name="watermark_list_item_color">H7_ACTIONBAR</color>
	<color name="slideshow_background">H7_ACTIONBAR</color>
	<color name="photoshare_new_share_name_text_color">H7_ACTIONBAR</color>
	<color name="photo_page_immersion_color">H7_ACTIONBAR</color>
	<color name="photo_view_background_color">H7_ACTIONBAR</color>
	<color name="emui_action_bar_title_text_color_light">H7_ACTIONBAR</color>
	<color name="title_sub_title_text_enable_color_light">H7_ACTIONBAR</color>
	<color name="photo_share_edit_friends_text_enable_color_light">H7_ACTIONBAR</color>
	<color name="icon_black_background_active_color">H7_ACTIONBAR</color>
	<color name="icon_white_background_color_normal">H7_ACTIONBAR</color>
	<color name="icon_white_background_color_activated">H7_ACTIONBAR</color>
	<color name="icon_white_background_active_color">H7_ACTIONBAR</color>
	<color name="icon_white_background_color">H7_ACTIONBAR</color>
	<color name="hw_graphics_list_item_shadow_item_2_end_color">H7_BACKGROUND</color>
	<drawable name="fragment_viewpage_background">H7_ACTIONBAR</drawable>
	<color name="photo_page_immersion_color">H7_ACTIONBAR</color>
	<color name="photo_page_full_immersion_color">H7_ACTIONBAR</color>
	<color name="photomore_info_background">H7_ACTIONBAR</color>
	<color name="list_album_sys_bg">H7_ACTIONBAR</color>
	<color name="recycle_circle_bg">H7_ACTIONBAR</color>
	<color name="background_white">H7_ACTIONBAR</color>
	<color name="bardian_title_background">H7_ACTIONBAR</color>
	<color name="search_suggestion_tag_view_background">H7_ACTIONBAR</color>
	<drawable name="fragment_viewpage_background">H7_ACTIONBAR</drawable>
	<color name="gray_title_groundcolor">H7_ACTIONBAR</color>
	<color name="photo_page_immersion_color">H7_ACTIONBAR</color>
	<color name="photo_view_background_color">H7_ACTIONBAR</color>
	<color name="hwsubtab_emui_subtab_text_on">H7_ACTIONBAR</color>
	<color name="hwsubtab_emui_subtab_text_off">H7_ACTIONBAR</color>
	<color name="hwsubheader_emui_color_divider">H7_BACKGROUND</color>
	<color name="hwtoolbar_background">H7_ACTIONBAR</color>
	<color name="albumset_background">H7_BACKGROUND</color>
	<color name="albumset_placeholder">H7_BACKGROUND</color>
	<color name="albumset_label_background">H7_BACKGROUND</color>
	<color name="albumset_label_select_title">H7_BACKGROUND</color>
	<color name="album_background">H7_BACKGROUND</color> 
	<color name="photo_background">H7_BACKGROUND</color>
	<color name="slideshow_background">H7_BACKGROUND</color>
	<color name="button_dark_transparent_background">H7_BACKGROUND</color>
	<color name="transparent">H7_BACKGROUND</color> 
	<color name="selection_all_bg_color">H7_BACKGROUND</color>
	<color name="hw_graphics_list_item_shadow_item_2_end_color">H7_BACKGROUND</color>
	<color name="multiscreen_tips_background">H7_BACKGROUND</color>
	<color name="multiscreen_controller_background">H7_BACKGROUND</color>
	<color name="photoshare_login_background_color">H7_BACKGROUND</color>
	<color name="map_overlay">H7_BACKGROUND</color>
	<drawable name="hw_transparent">H7_BACKGROUND</drawable>
	<drawable name="album_cover_background">H7_BACKGROUND</drawable>
	<color name="album_cover_background">H7_BACKGROUND</color>
	<drawable name="stack_cover_background1">H7_BACKGROUND</drawable>
	<drawable name="stack_cover_background2">H7_BACKGROUND</drawable>
	<drawable name="grid_background">H7_BACKGROUND</drawable>
	<color name="bardian_title_background">H7_BACKGROUND</color>
	<color name="kids_album_background">H7_BACKGROUND</color>
	<color name="comment_text_background">H7_BACKGROUND</color>
	<color name="white">H7_BACKGROUND</color>
	<color name="ic_choosed_number_bg_dark_color">H7_BACKGROUND</color>
	<color name="ic_choosed_number_bg_dark_color">H7_BACKGROUND</color> 
	<color name="ic_choosed_number_bg_color">H7_BACKGROUND</color>
	<color name="actionbar_background_color">H7_BACKGROUND</color>
	<color name="actionbar_number_background_color">H7_BACKGROUND</color>
	<color name="activity_background">H7_BACKGROUND</color>
	<color name="search_suggestion_tag_background_color">H7_BACKGROUND</color> 
	<color name="photo_view_background_color">H7_BACKGROUND</color>
	<color name="user_guide_bar_background">H7_BACKGROUND</color>
	<color name="photo_page_immersion_color">H7_BACKGROUND</color>
	<color name="photo_page_full_immersion_color">H7_BACKGROUND</color>
	<color name="photomore_info_background">H7_BACKGROUND</color> 
	<color name="recycle_circle_bg">H7_BACKGROUND</color>
	<color name="background_white">H7_BACKGROUND</color> 
	<color name="search_suggestion_tag_view_background">H7_BACKGROUND</color> 
	<drawable name="fragment_viewpage_background">H7_BACKGROUND</drawable>
	<color name="gray_title_groundcolor">H7_BACKGROUND</color>
	<color name="navi_bar_bg_color">H7_ACTIONBAR</color>
	<color name="status_bar_bg_color">H7_ACTIONBAR</color>
	<color name="default_statusbar_color">H7_ACTIONBAR</color>
	<color name="actionbar_primary_background">H7_ACTIONBAR</color>
	<color name="fifteen_black">H7_BACKGROUND</color>
	<color name="gallery_foot_background_color_end">H7_BACKGROUND</color>
	<color name="divider_line_bg_color">H7_BACKGROUND</color>
</resources>