<?xml version="1.0" encoding="UTF-8"?><resources>


	<color name="link_blue">H7_COLOR_SETTINGS</color>
    <color name="emui_functional_blue">H7_COLOR_SETTINGS</color>
    <color name="color_wifi_add_other_network_title">H7_COLOR_SETTINGS</color>
    <color name="clear_search_history_text_color">H7_COLOR_SETTINGS</color>
    <color name="color_yalan">H7_COLOR_SETTINGS</color>
    <color name="display_mode_icon_color">H7_COLOR_SETTINGS</color>
    <color name="settings_menu_color_land">H7_COLOR_SETTINGS</color>
    <color name="menu_state_pressed_dark_icon">H7_COLOR_SETTINGS</color>
    <color name="menu_state_focused_dark_icon">H7_COLOR_SETTINGS</color>
    <color name="menu_state_selected_dark_icon">H7_COLOR_SETTINGS</color>
    <color name="menu_state_disabled_dark_icon">H7_COLOR_SETTINGS</color>
    <color name="menu_state_default_dark_icon">H7_COLOR_SETTINGS</color>
    <color name="clean_sub_settings_action_bar_setting_icon">H7_COLOR_SETTINGS</color>
    <color name="face_recognize_button">H7_COLOR_SETTINGS</color>
    <color name="flow_layout_text_bg_pressed">H7_COLOR_SETTINGS_PRESS</color>
    <color name="searchview_cursor_color_light_bg">H7_COLOR_SETTINGS</color>	

    
    
    
    
    
    
    
    
    <color name="settings_icon_color">H7_COLOR_SETTINGS_PRESS</color>
    <color name="settings_menu_color">H7_COLOR_SETTINGS</color>

    
    <color name="white">H7_COLOR_SETTINGS</color>
    
    

    
    <color name="card_background">H7_COLOR_SETTINGS</color>
    <color name="user_experience_background_color">H7_COLOR_SETTINGS</color>
    
    
    
    
    
    

    
    <color name="fp_preference_common_color">H7_COLOR_SETTINGS</color>

    <color name="emui_list_separator_default">H7_COLOR_SETTINGS</color>
	
    
    
    
    
    
    
    
    
    
    
    
    
    
    <color name="conversation_background">H7_COLOR_SETTINGS</color>
    
    
</resources>