<?xml version="1.0" encoding="utf-8"?>
<resources>


	<color name="primary_text_default_material_light">#ffafafaf</color>
	<color name="notification_default_color">#ffafafaf</color>
	<color name="notification_default_color_dark">#ffafafaf</color>
	<color name="notification_default_color_light">#ffafafaf</color>
	<color name="notification_event_text_color">#ffafafaf</color>
	<color name="notification_primary_text_color_dark">#ffafafaf</color>
	<color name="notification_primary_title_color">#ffafafaf</color>
	<color name="notification_secondary_text_color_dark">#ffa1a1a1</color>
	<color name="notification_sub_text_color">#ffa1a1a1</color>

	<color name="micro_text_light">#ffa1a1a1</color>
	<color name="emui_text_dark">#ffafafaf</color>

	<color name="system_notification_accent_color">#ffafafaf</color>	
	<color name="notification_default_color">#ffafafaf</color>	

	<color name="perms_costs_money">#ffafafaf</color>
	<color name="perms_dangerous_grp_color">#ffafafaf</color>
	<color name="perms_dangerous_perm_color">#ffafafaf</color>

	<color name="link_text_dark">#ffafafaf</color>
	<color name="link_text_holo_dark">#ffafafaf</color>
	<color name="link_text_holo_light">#ffafafaf</color>		 
	<color name="link_text_light">#ffafafaf</color>

	<color name="legacy_light_button_normal">#ffafafaf</color>
	<color name="legacy_light_button_pressed">#ffa1a1a1</color>
	<color name="legacy_light_control_activated">#ffafafaf</color>	

	<color name="group_button_dialog_focused_holo_dark">#ffafafaf</color>
	<color name="group_button_dialog_focused_holo_light">#ffafafaf</color>	 
	<color name="group_button_dialog_pressed_holo_dark">#ffa1a1a1</color>

	
	<color name="notification_secondary_text_color_light">#ffa1a1a1</color>
	<color name="notification_action_list_background_color">#ffafafaf</color> 
	<color name="notification_action_list">#ffafafaf</color> 
	<color name="notification_primary_text_color_light">#ffafafaf</color>
	<color name="primary_dark_device_default_dark">#ffafafaf</color>
	<color name="primary_dark_device_default_settings">#ffafafaf</color>
	<color name="primary_dark_device_default_settings_light">#ffafafaf</color>
	<color name="primary_dark_material_settings_light">#ffafafaf</color>
	<color name="primary_device_default_dark">#ffafafaf</color> 
	<color name="primary_device_default_settings">afafaf</color>
	<color name="primary_device_default_settings_light">#ffafafaf</color>
	<color name="primary_material_settings_light">#ffafafaf</color>
	<color name="secondary_text_default_material_light">#ffa1a1a1</color>
	<color name="secondary_text_leanback_dark">#ffa1a1a1</color>
	<color name="suggestion_highlight_text">#ffa1a1a1</color>  


</resources>
