﻿<resources>
	<color name="search_text_color">H7_ACCENT_COLOR</color>
	<color name="agenda_item_background">H7_ACCENT_COLOR_DISABLED</color>
	<color name="action_menu_color">H7_ACCENT_COLOR</color>
	<color name="load_more_event_text_color_pressed">H7_ACCENT_COLOR_PRESS</color>
	<color name="header_num_circle_color">H7_ACCENT_COLOR</color>
	<color name="action_bar_menu_disable_color">H7_ACCENT_COLOR_DISABLED</color>
	<color name="ActionbarTitleCount_Program">H7_ACCENT_COLOR_PRESS</color>
	<color name="text_color_link">H7_ACCENT_COLOR_PRESS</color>
	<color name="color_focused_highlight">H7_ACCENT_COLOR_PRESS</color>
	<color name="list_item_selected">H7_ACCENT_COLOR</color>
	<color name="background_color">H7_BACKGROUND</color>
	<color name="calendar_date_banner_background">H7_ACTIONBAR</color>
	<color name="month_day_event_point_color">H7_ACCENT_COLOR_PRESS</color>
	<color name="month_day_event_point_color_not_focus">H7_ACCENT_COLOR_PRESS</color>
	<color name="header_num_circle_color">H7_ACCENT_COLOR</color>
	<color name="month_event_other_color">H7_ACCENT_COLOR_PRESS</color>
	<color name="month_festival">H7_ACCENT_COLOR_PRESS</color>
	<color name="month_festival_not_focus">H7_ACCENT_COLOR_PRESS</color>
	<color name="agenda_list_separator_color">H7_ACTIONBAR</color>
	<color name="edit_event_separator_area">H7_ACTIONBAR</color>
	<color name="search_text_color">H7_ACCENT_COLOR</color>
	<color name="primary_color">H7_ACCENT_COLOR</color>
	<color name="rest_color">H7_ACCENT_COLOR</color>
	<color name="month_view_select_event_background">H7_ACTIONBAR</color>
	<color name="agenda_fragment_background">H7_BACKGROUND</color>
	<color name="agenda_item_background">H7_BACKGROUND</color>
	<color name="year_view_day_of_frist">H7_ACCENT_COLOR_PRESS</color>
	<color name="click_text_highlight_color">H7_ACCENT_COLOR_PRESS</color>
	<color name="action_menu_color">H7_ACCENT_COLOR_PRESS</color>
	<color name="action_menu_pressed_color">H7_ACCENT_COLOR_PRESS</color>
	<color name="agenda_day_view_background">H7_ACCENT_COLOR</color>
	<color name="day_activity_recolor">H7_ACCENT_COLOR</color>
	<color name="event_info_dialog_bg">H7_ACTIONBAR</color>
	<color name="search_more_gal_separator">H7_ACCENT_COLOR_PRESS</color>
	<color name="select_calendars_fragment_bg">H7_ACTIONBAR</color>
	<color name="day_view_old_background_color">H7_BACKGROUND</color>
	<color name="day_view_old_background_color">H7_BACKGROUND</color>
	<color name="emui_numberpicker_select_textcolor">H7_ACCENT_COLOR</color>
	<color name="folder_title_count_bg_color">H7_ACTIONBAR</color>
	<color name="action_bar_menu_color">H7_ACCENT_COLOR</color>
	<color name="load_more_event_text_color">H7_ACCENT_COLOR_PRESS</color>
	<color name="action_bar_menu_pressed_color">H7_ACCENT_COLOR</color>
	<color name="drawer_layout_other_view_background">H7_BACKGROUND_PRESS</color>
	<color name="cover_translucence_background">H7_BACKGROUND_PRESS</color>
	<color name="day_view_pop_window_background">H7_BACKGROUND_SEC</color>
	<color name="day_view_event_bg_color_alpha">H7_BACKGROUND</color>
	<color name="day_view_event_pressed_bg_color_alpha">H7_BACKGROUND</color>
	<color name="google_map_current_location_color">H7_BACKGROUND</color>
	<color name="black_calendar_edit_add_bg">H7_BACKGROUND</color>
	<color name="emui_functional_blue">H7_ACCENT_COLOR</color>
	<color name="more_event_color">H7_ACCENT_COLOR</color>
	<color name="view_today_bg_circle_color">H7_ACCENT_COLOR</color>
	<color name="view_today_fill_screen_bg_color">H7_ACCENT_COLOR</color>
	<color name="network_remind_agree_text_color">H7_ACCENT_COLOR</color>
	<color name="action_bar_land_menu_color">H7_ACCENT_COLOR</color>
	<color name="emui_accent">H7_ACCENT_COLOR</color>
	<color name="calendar_main_color">H7_BACKGROUND</color>
	<color name="location_address_list_item_bg">H7_BACKGROUND</color>
</resources>