﻿<?xml version="1.0" encoding="utf-8"?>
<resources>
     <color name="airplane_color">#ff666666</color>
     <color name="app_detail_video_status_current_time_color">#CDFFFFFF</color>
     <color name="app_zone_navigator_textcolor">#BFffffff</color>
     <color name="black">#ffffffff</color>  
     <color name="black_alpha_03">H7_BACKGROUND</color>  
     <color name="black_alpha_3">#141414</color>
     <color name="black_alpha_5">#1Affffff</color>
     <color name="black_alpha_8">H7_BACKGROUND</color>
     <color name="change_submit_btn_bg">#05ffffff</color>
     <color name="change_submit_btn_pressed_bg">#0Cffffff</color>
     <color name="detail_comment_list_reply_item_time_color">H7_BACKGROUND_PRESS</color>
     <color name="detail_comment_user_level_titel_color">#ec7251</color>
     <color name="devider_e3e3e3">#33ffffff</color>  
     <color name="edittext_hint_color">#33ffffff</color>
     <color name="get_score_title_color">#777777</color>
     <color name="half_black">#80ffffff</color>   
     <color name="itemtext_remind_color">#8acb55</color>
     <color name="my_actionbar_title_color">#DDDDDD</color>
     <color name="network_remind_bar_color">#4B0D0E</color>
     <color name="prize_dlg_color">#FF610A5F</color>
     <color name="push_app_size_color">#c0c0c0</color>
     <color name="search_bar_edit_text_bg_color">#33ffffff</color> 
     <color name="search_bar_edit_text_normal_bg_color">#393939</color>
     <color name="small_post_item_title_color">H7_BACKGROUND_PRESS</color>
     <color name="tab_background_emui5">H7_BACKGROUND</color>     
     <color name="tips_content_color">#cccccc</color>
     <color name="title_name_black">#ffffffff</color>
    <color name="CS_background">H7_BACKGROUND</color>
    <color name="CS_black">#FFFFFF</color>
    <color name="CS_black_100_percent">#ffFFFFFF</color>
    <color name="CS_black_20_percent">#33FFFFFF</color>
    <color name="CS_black_50_percent">#80ffffff</color>
    <color name="CS_emui_color_gray_10">#E6E6E6</color>
    <color name="accent_emui">H7_ACCENT_COLOR</color>
    <color name="accent_emui_dark">H7_ACCENT_COLOR</color>
    <color name="accent_emui_dark_color">#FFFFFFFF</color>
    <color name="accent_emui_emphasize">H7_ACCENT_COLOR</color>
    <color name="accent_emui_emphasize_disabled">H7_ACCENT_COLOR_DISABLED</color>
    <color name="accent_emui_emphasize_pressed">H7_ACCENT_COLOR</color>
    <color name="accent_emui_emphasize_pressed">#FF0A7FC9</color>
    <color name="accent_emui_pressed">H7_ACCENT_COLOR</color>
    <color name="accent_emui_pressed">#FF0a7fc9</color>
    <color name="accent_emui_text_hightlight">H7_ACCENT_COLOR</color>
    <color name="accent_emui_text_hightlight">#FF0a7fc8</color>
    <color name="accent_emui_text_hightlight_dark">#FFCCCCCC</color>
    <color name="accent_off_dark_emui">#33FFFFFF</color>
    <color name="accent_off_disable_dark_emui">#19FFFFFF</color>
    <color name="accent_off_disable_emui">#33ffffff</color>
    <color name="accent_off_emui">#33ffffff</color>
    <color name="accent_on_dark_emui">H7_ACCENT_COLOR</color>
    <color name="accent_on_disable_dark_emui">H7_ACCENT_COLOR_DISABLED</color>
    <color name="accent_on_disable_emui">H7_ACCENT_COLOR_PRESS</color>
    <color name="action_bar_title_emui">#FFFFFFFF</color>
    <color name="action_bar_title_emui_dark">#FFFFFFFF</color>
    <color name="airplane_color">#ff666666</color>
    <color name="alphaindexer_popup_bg_color">#FFCCE5FF</color>
    <color name="alphaindexer_selected_alpha_color">H7_ACCENT_COLOR</color>
    <color name="alphaindexer_selected_alpha_color_dark">#FFFFFFFF</color>
    <color name="alphaindexer_unselected_alpha_color">#FF7C7C7C</color>
    <color name="alphaindexer_unselected_alpha_color_dark">#4CFFFFFF</color>
    <color name="apk_management_cannot_install">#4C26a69a</color>
    <color name="apk_management_cannot_install">#4C0d9ffb</color>
    <color name="app_detail_video_status_current_time_color">#CDFFFFFF</color>
    <color name="app_not_safe_textcolor">#fb6522</color>
    <color name="app_zone_navigator_textcolor">#BFffffff</color>
    <color name="appcomment_backgound_gray">H7_BACKGROUND</color>
    <color name="appcomment_black_20">#80ffffff</color>
    <color name="appcomment_default_bg">H7_ACTIONBAR</color>
    <color name="appcommon_mine_sub_divider_color">H7_ACTIONBAR</color>
    <color name="appdetail_label_default_bg">#33FFFFFF</color>
    <color name="appdetail_label_pressed_bg">#4DFFFFFF</color>
    <color name="appgallery_card_color_default_background">#19FFFFFF</color>
    <color name="appgallery_color_card_stroke_normal">#33ffffff</color>
    <color name="appgallery_color_card_stroke_on_clicked">#1Affffff</color>
    <color name="appgallery_color_edit_subtab_background">#1A1A1A</color>
    <color name="appgallery_color_edit_subtab_drag_background">#313131</color>
    <color name="appgallery_text_color_primary">#A8FFFFFF</color>
    <color name="appgallery_text_color_secondary">#80FFFFFF</color>
    <color name="appgallery_text_color_tertiary">#61FFFFFF</color>
    <color name="approve_text_color">H7_ACCENT_COLOR</color>
    <color name="backgound_0064cc">H7_ACCENT_COLOR</color>
    <color name="backgound_0064cc">#0A7FC9</color>
    <color name="backgound_fcfcfc">H7_BACKGROUND</color>
    <color name="backgound_gray">H7_BACKGROUND</color>
    <color name="bigbuoy_backgroud">#F2000000</color>
    <color name="bigbuoy_backgroud">#F2202125</color>
    <color name="black">#ffffff</color>
    <color name="black">#ffffffff</color>
    <color name="black_10_percent_wisedist">#26ffffff</color>
    <color name="black_20_percent">#80ffffff</color>
    <color name="black_alpha30">#4cffffff</color>
    <color name="black_alpha_03">H7_BACKGROUND</color>
    <color name="black_alpha_03">#07ffffff</color>
    <color name="black_alpha_15">#26ffffff</color>
    <color name="black_alpha_3">#141414</color>
    <color name="black_alpha_3">#f2f2f2</color>
    <color name="black_alpha_5">#1Affffff</color>
    <color name="black_alpha_75">#BFffffff</color>
    <color name="black_alpha_8">H7_BACKGROUND</color>
    <color name="black_status_bar">H7_BACKGROUND</color>
    <color name="blue_text_007dff">H7_ACCENT_COLOR</color>
    <color name="blue_text_007dff_alpha_20">H7_ACCENT_COLOR_DISABLED</color>
    <color name="blue_text_007dff_subtab">H7_ACCENT_COLOR</color>
    <color name="bright_foreground_disabled_holo_dark_emui">#ff4c4c4c</color>
    <color name="bright_foreground_emui">#fff3f3f3</color>
    <color name="bright_foreground_holo_dark_emui">#ffffffff</color>
    <color name="bubble_tips_bg_color">#F2B3B3B3</color>
    <color name="buoy_webview_bg">#FFFFFF</color>
    <color name="button_text_color">H7_ACCENT_COLOR</color>
    <color name="c_black">#FFFFFF</color>
    <color name="c_feedback_question_color">#012E5D</color>
    <color name="card_intro_savetraffic">#5BB755</color>
    <color name="cardview_stroke">#0dffffff</color>
    <color name="category_button_select_unpressed">H7_ACCENT_COLOR</color>
    <color name="category_button_unselect">#3E3E3E</color>
    <color name="change_submit_btn_bg">#05ffffff</color>
    <color name="change_submit_btn_pressed_bg">#0Cffffff</color>
    <color name="check_box_edit_text_normal_bg_color">#ffffff</color>
    <color name="check_box_edit_text_normal_bg_color">#ffffff</color> 
    <color name="checkbox_inner_disable_dark">#33ffffff</color>
    <color name="checkbox_inner_normal_dark">#80ffffff</color>
    <color name="clone_app_mark_bg_color">H7_ACCENT_COLOR</color>
    <color name="colorful_emui">H7_BACKGROUND00</color>
    <color name="comment_num_error">#ff3320</color>
    <color name="content_score_color">#ffba1b</color>
    <color name="design_textinput_error_color">#ffff3320</color>
    <color name="detail_comment_approve_selected">H7_ACCENT_COLOR</color>
    <color name="detail_comment_list_reply_item_time_color">#7F000000</color>
    <color name="detail_comment_progress_color">#1Affffff</color>
    <color name="detail_comment_user_level_titel_color">#ec7251</color>
    <color name="detail_dowanload_button_background">#0072d6</color>
    <color name="detail_dowanload_progressbar_background">H7_ACCENT_COLOR_PRESS</color>
    <color name="detail_dowanload_progressbar_color">H7_ACCENT_COLOR</color>
    <color name="detail_download_button_content_normal">#FFFFFF</color>
    <color name="detail_downloadbutton_processing">#4d26a69a</color>
    <color name="detail_downloadbutton_processing">#4d0d9ffb</color>
    <color name="detail_line_background">#33ffffff</color>
    <color name="detail_navigator_normal">#bfffffff</color>
    <color name="detail_navigator_selected">H7_ACCENT_COLOR</color>
    <color name="detail_navigator_selected_split">#5926a69a</color>
    <color name="detail_navigator_selected_split">#590d9ffb</color>
    <color name="devider_e3e3e3">#33ffffff</color>
    <color name="devider_e3e3e3">#51ffffff</color>
    <color name="dialog_title">#ffffffff</color>
    <color name="dim_foreground_disabled_emui">#80bebebe</color>
    <color name="dim_foreground_disabled_holo_dark_emui">#80bebebe</color>
    <color name="dim_foreground_emui">#bebebe</color>
    <color name="dim_foreground_holo_dark_emui">#80ffffff</color>
    <color name="dim_foreground_inverse_emui">#323232</color>
    <color name="disable_touch_text_color">#ffffffff</color>
    <color name="disable_touch_translucent">#e0000000</color>
    <color name="disable_touch_translucent">#e2021250</color>
    <color name="divider_horizontal_color_dark_emui">#33ffffff</color>
    <color name="divider_horizontal_color_emui">#33ffffff</color>
    <color name="edittext_cancel_hint_press_color">H7_ACCENT_COLOR</color>
    <color name="edittext_hint_color">#33ffffff</color>
    <color name="edittext_hint_press_color">#26ffffff</color>
    <color name="emui_accent">H7_ACCENT_COLOR</color>
    <color name="emui_appbar_bg">#E6000000</color>
    <color name="emui_appbar_subtitle">#66ffffff</color>
    <color name="emui_appbar_title">#A9ffffff</color>
    <color name="emui_background_light">#f2333333</color>
    <color name="emui_badge_red">#fa2a2d</color>
    <color name="emui_basetitle_color">H7_ACTIONBAR</color>
    <color name="emui_black">#FFFFFF</color>
    <color name="emui_black_color_alpha_10">#19000000</color>
    <color name="emui_black_color_alpha_10">#19202125</color>
    <color name="emui_black_color_alpha_100">H7_BACKGROUND</color>
    <color name="emui_black_color_alpha_20">#33000000</color>
    <color name="emui_black_color_alpha_20">#33202125</color>
    <color name="emui_black_color_alpha_3">#0D000000</color>
    <color name="emui_black_color_alpha_3">#0D202125</color>
    <color name="emui_black_color_alpha_40">#66000000</color>
    <color name="emui_black_color_alpha_40">#66202125</color>
    <color name="emui_black_color_alpha_5">#0D000000</color>
    <color name="emui_black_color_alpha_5">#0D202125</color>
    <color name="emui_black_color_alpha_50">#80000000</color>
    <color name="emui_black_color_alpha_50">#82021250</color>
    <color name="emui_black_color_alpha_60">#99000000</color>
    <color name="emui_black_color_alpha_60">#99202125</color>
    <color name="emui_black_color_alpha_75">#C0000000</color>
    <color name="emui_black_color_alpha_75">#C2021250</color>
    <color name="emui_blue_dark">H7_ACCENT_COLOR</color>
    <color name="emui_blue_dark">#ff0099cc</color>
    <color name="emui_blue_light">H7_ACCENT_COLOR</color>
    <color name="emui_blue_light">#ff0a9dcd</color>
    <color name="emui_bottombar_icon_off">66ffffff</color>
    <color name="emui_bottombar_icon_on">H7_ACCENT_COLOR</color>
    <color name="emui_bottombar_text_off">66ffffff</color>
    <color name="emui_bottombar_text_on">H7_ACCENT_COLOR</color>
    <color name="emui_bright_foreground_dark_disabled">#33000000</color>
    <color name="emui_bright_foreground_dark_disabled">#33202125</color>
    <color name="emui_bright_foreground_light">H7_BACKGROUND</color>
    <color name="emui_bright_foreground_light_inverse">#ffffffff</color>
    <color name="emui_bright_foreground_light_inverse_alpha">#8fffffff</color>
    <color name="emui_button_text_color">#ffffff</color>
    <color name="emui_button_text_color_inverse">#D8ffffff</color>
    <color name="emui_button_text_disabled">#33ffffff</color>
    <color name="emui_button_text_disabled_inverse">#41ffffff</color>
    <color name="emui_button_text_emphasize_color">#D8ffffff</color>
    <color name="emui_button_text_emphasize_disabled">#41ffffff</color>
    <color name="emui_button_text_pressed_inverse">#D8ffffff</color>
    <color name="emui_color_1">#4d5ceb</color>
    <color name="emui_color_10">#da830b</color>
    <color name="emui_color_11">#d49f0f</color>
    <color name="emui_color_2">#1596d1</color>
    <color name="emui_color_3">#15a5ad</color>
    <color name="emui_color_4">#40ae3f</color>
    <color name="emui_color_5">#77b40f</color>
    <color name="emui_color_6">#923ae4</color>
    <color name="emui_color_7">#e20277</color>
    <color name="emui_color_8">#ed2a2b</color>
    <color name="emui_color_9">#e16808</color>
    <color name="emui_color_gray_1">H7_ACTIONBAR</color>
    <color name="emui_color_gray_1">H7_ACTIONBAR</color>
    <color name="emui_color_gray_10">#E6E6E6</color>
    <color name="emui_color_gray_2">#1A1A1A</color>
    <color name="emui_color_gray_3">H7_ACTIONBAR</color>
    <color name="emui_color_gray_3">H7_ACTIONBAR</color>
    <color name="emui_color_gray_4">H7_BACKGROUND</color>
    <color name="emui_color_gray_5">#4CE6E6E6</color>
    <color name="emui_color_gray_6">#666666</color>
    <color name="emui_color_gray_7">#808080</color>
    <color name="emui_color_gray_7">#80E6E6E6</color>
    <color name="emui_color_gray_8">#B3B3B3</color>
    <color name="emui_color_gray_9">#CCCCCC</color>
    <color name="emui_color_list_divider">#33ffffff</color>
    <color name="emui_color_progress">#66ffffff</color>
    <color name="emui_color_spinner_icon">#A9ffffff</color>
    <color name="emui_color_subheader_divider">#0DFFFFFF</color>
    <color name="emui_color_tips_bg">#F21A1A1A</color>
    <color name="emui_custom_panel_background">H7_BACKGROUND</color>
    <color name="emui_detail_text_pressed">H7_ACCENT_COLOR</color>
    <color name="emui_detail_text_selected">#ffffffff</color>
    <color name="emui_dialog_bg">#404040</color>
    <color name="emui_dialog_blue_light">H7_ACCENT_COLOR</color>
    <color name="emui_dialog_blue_light">#ff0a9dcd</color>
    <color name="emui_dialog_title_text_Color">#ffffff</color>
    <color name="emui_edit_text_hint_color">#33ffffff</color>
    <color name="emui_fab_pressed">#cccccc</color>
    <color name="emui_functional_blue">H7_ACCENT_COLOR</color>
    <color name="emui_functional_blue">#1596d1</color>
    <color name="emui_functional_green">#3db03d</color>
    <color name="emui_functional_red">#ed2a2b</color>
    <color name="emui_functional_red">#fa2a2d</color>
    <color name="emui_gray_2_translucent">#80ffffff</color>
    <color name="emui_green_dark">#ff669900</color>
    <color name="emui_green_light">#ff99cc00</color>
    <color name="emui_highlighted_text">H7_ACCENT_COLOR_PRESS</color>
    <color name="emui_hint_foreground">#33ffffff</color>
    <color name="emui_label_primary_text">#ffffffff</color>
    <color name="emui_list_dark_default">#ffffffff</color>
    <color name="emui_list_dark_disabled">#33ffffff</color>
    <color name="emui_list_primary_default">#ffffff</color>
    <color name="emui_list_secondary_text_dark">#80ffffff</color>
    <color name="emui_list_secondray_text">#ffffffff</color>
    <color name="emui_list_separator_dark_default">#c0ffffff</color>
    <color name="emui_list_separator_default">#bfffffff</color>
    <color name="emui_listitem_text_color">#80FFFFFF</color>
    <color name="emui_master_color_0">#FFFFFFFF</color>
    <color name="emui_master_color_1">#FFBDDDFF</color>
    <color name="emui_master_color_10">#FF003166</color>
    <color name="emui_master_color_11">H7_BACKGROUND</color>
    <color name="emui_master_color_2">#FF85C1FF</color>
    <color name="emui_master_color_3">#FF3D9CFF</color>
    <color name="emui_master_color_4">#FF1F8DFF</color>
    <color name="emui_master_color_5">H7_ACCENT_COLOR</color>
    <color name="emui_master_color_6">#FF006EE0</color>
    <color name="emui_master_color_7">#FF005FC2</color>
    <color name="emui_master_color_8">#FF0050A3</color>
    <color name="emui_master_color_9">#FF004185</color>
    <color name="emui_master_color_alert">#FFFF3320</color>
    <color name="emui_master_color_incoming_call">#FF00D659</color>
    <color name="emui_master_color_mark_0">#FF10DDEC</color>
    <color name="emui_master_color_mark_0_alpha_20">#3310DDEC</color>
    <color name="emui_master_color_mark_0_alpha_70">#B310DDEC</color>
    <color name="emui_master_color_mark_1">#FF01C1F2</color>
    <color name="emui_master_color_mark_10">#FF00D659</color>
    <color name="emui_master_color_mark_10_alpha_20">#3300D659</color>
    <color name="emui_master_color_mark_10_alpha_70">#B300D659</color>
    <color name="emui_master_color_mark_11">#FF00D796</color>
    <color name="emui_master_color_mark_11_alpha_20">#3300D796</color>
    <color name="emui_master_color_mark_11_alpha_70">#B300D796</color>
    <color name="emui_master_color_mark_1_alpha_20">#3301C1F2</color>
    <color name="emui_master_color_mark_1_alpha_70">#B301C1F2</color>
    <color name="emui_master_color_mark_2">#FF0D82FB</color>
    <color name="emui_master_color_mark_2_alpha_20">#330D82FB</color>
    <color name="emui_master_color_mark_2_alpha_70">#B30D82FB</color>
    <color name="emui_master_color_mark_3">#FFCF21FF</color>
    <color name="emui_master_color_mark_3_alpha_20">#33CF21FF</color>
    <color name="emui_master_color_mark_3_alpha_70">#B3CF21FF</color>
    <color name="emui_master_color_mark_4">#FFFF2294</color>
    <color name="emui_master_color_mark_4_alpha_20">#33FF2294</color>
    <color name="emui_master_color_mark_4_alpha_70">#B3FF2294</color>
    <color name="emui_master_color_mark_5">#FFFF3320</color>
    <color name="emui_master_color_mark_5_alpha_20">#33FF3320</color>
    <color name="emui_master_color_mark_5_alpha_70">#B3FF3320</color>
    <color name="emui_master_color_mark_6">#FFFB6522</color>
    <color name="emui_master_color_mark_6_alpha_20">#33FB6522</color>
    <color name="emui_master_color_mark_6_alpha_70">#B3FB6522</color>
    <color name="emui_master_color_mark_7">#FFFFBA1B</color>
    <color name="emui_master_color_mark_7_alpha_20">#33FFBA1B</color>
    <color name="emui_master_color_mark_7_alpha_70">#B3FFBA1B</color>
    <color name="emui_master_color_mark_8">#FFFFDC1A</color>
    <color name="emui_master_color_mark_8_alpha_20">#33FFDC1A</color>
    <color name="emui_master_color_mark_8_alpha_70">#B3FFDC1A</color>
    <color name="emui_master_color_mark_9">#FFD8FA55</color>
    <color name="emui_master_color_mark_9_alpha_20">#33D8FA55</color>
    <color name="emui_master_color_mark_9_alpha_70">#B3D8FA55</color>
    <color name="emui_message_text_color">#ffffff</color>
    <color name="emui_navigationbar_bg">#E6000000</color>
    <color name="emui_nodata">H7_BACKGROUND</color>
    <color name="emui_numberpicker_normal_textcolor">#80ffffff</color>
    <color name="emui_numberpicker_normal_textcolor_dark">#d9ffffff</color>
    <color name="emui_numberpicker_select_textcolor">#ff12d4dc</color>
    <color name="emui_numberpicker_small_textcolor">#80ffffff</color>
    <color name="emui_numberpicker_small_textcolor_dark">#7bffffff</color>
    <color name="emui_popmenu_text_color">#cc000000</color>
    <color name="emui_popmenu_text_color">#cc202125</color>
    <color name="emui_pressed">#1162af</color>
    <color name="emui_primary">#E6E6E6</color>
    <color name="emui_primary_text_dark_disabled">#33000000</color>
    <color name="emui_primary_text_dark_disabled">#33202125</color>
    <color name="emui_primary_translucent">#ffffff</color>
    <color name="emui_progressbar_loading_fill_color">H7_ACCENT_COLOR</color>
    <color name="emui_searchview_text_color">#ffffffff</color>
    <color name="emui_searchview_text_color_dark">#ffffffff</color>
    <color name="emui_searchview_text_hint_color">#33ffffff</color>
    <color name="emui_searchview_text_hint_color_dark">#33ffffff</color>
    <color name="emui_secondary_text_dark">#80ffffff</color>
    <color name="emui_secondary_text_dark_disabled">#33ffffff</color>
    <color name="emui_spinner_dropdown_item_default_dark">#d8000000</color>
    <color name="emui_spinner_dropdown_item_default_dark">#d8202125</color>
    <color name="emui_spinner_dropdown_item_default_emphasize">#ffffffff</color>
    <color name="emui_spinner_dropdown_item_disabled_dark">#3f000000</color>
    <color name="emui_spinner_dropdown_item_disabled_dark">#3f202125</color>
    <color name="emui_spinner_dropdown_item_disabled_emphasize">#3fffffff</color>
    <color name="emui_spinner_dropdown_item_pressed_dark">#6b000000</color>
    <color name="emui_spinner_dropdown_item_pressed_dark">#6b202125</color>
    <color name="emui_spinner_dropdown_item_pressed_emphasize">#ffffffff</color>
    <color name="emui_spinner_item_default">#d8ffffff</color>
    <color name="emui_spinner_item_default_dark">#ffffffff</color>
    <color name="emui_spinner_item_disabled">#33ffffff</color>
    <color name="emui_spinner_item_disabled_dark">#33ffffff</color>
    <color name="emui_spinner_item_pressed">#6bffffff</color>
    <color name="emui_spinner_item_pressed_dark">#ffcccccc</color>
    <color name="emui_subtab_bg">#E6000000</color>
    <color name="emui_subtab_line_on">H7_ACCENT_COLOR</color>
    <color name="emui_subtab_text_off">66ffffff</color>
    <color name="emui_subtab_text_on">H7_ACCENT_COLOR</color>
    <color name="emui_svg_icon_dark_default">#33ffffff</color>
    <color name="emui_svg_icon_dark_disabled">#33ffffff</color>
    <color name="emui_svg_icon_light_default">#33ffffff</color>
    <color name="emui_svg_icon_light_disabled">#33ffffff</color>
    <color name="emui_tab_title_off">#99333333</color>
    <color name="emui_tab_title_on">#ffffffff</color>
    <color name="emui_text_dark">#ffffff</color>
    <color name="emui_text_disabled">#33ffffff</color>
    <color name="emui_text_hint">#7Fffffff</color>
    <color name="emui_text_inverse_disable_light">#ffb2b2b2</color>
    <color name="emui_text_light">#ffffff</color>
    <color name="emui_time_axis_info_default">#7f000000</color>
    <color name="emui_time_axis_info_default">H7_BACKGROUND_PRESS</color>
    <color name="emui_toast_bg">#F21A1A1A</color>
    <color name="emui_toolbar_bg">#1A1A1A</color>
    <color name="emui_toolbar_icon">#A9ffffff</color>
    <color name="emui_toolbar_icon_actived">H7_ACCENT_COLOR</color>
    <color name="emui_toolbar_text">#A9ffffff</color>
    <color name="emui_toolbar_text_actived">H7_ACCENT_COLOR</color>
    <color name="emui_white">H7_BACKGROUND</color>
    <color name="emui_white_dialog_bg">H7_BACKGROUND</color>
    <color name="essentialapp_black">#ffffff</color>
    <color name="fastapp_black">#ffffff</color>
    <color name="fastapp_blue_text_007dff">H7_ACCENT_COLOR</color>
    <color name="fastapp_half_black">#ffffff</color>
    <color name="forum_black_20_percent">#80ffffff</color>
    <color name="forum_post_tips_bg_color">#4DFFD796</color>
    <color name="forum_post_tips_text_color">#AB6600</color>
    <color name="forum_section_head_icon_second_change_color">#ffffff</color>
    <color name="forum_section_head_statusbar_second_change_color">H7_BACKGROUND</color>
    <color name="forum_section_head_title_second_change_color">#ffffff</color>
    <color name="forum_section_msgcount_color">#e6e6e6</color>
    <color name="forum_stamp_moderator_bg">#4D0D9FFB</color>
    <color name="forum_user_head_bg">H7_ACTIONBAR</color>
    <color name="forum_user_head_divider">#26ffffff</color>
    <color name="get_score_title_color">#777777</color>
    <color name="grade_description_white">#33ffffff</color>
    <color name="green_text_28c0c6">H7_ACCENT_COLOR</color>
    <color name="half_black">#80ffffff</color>
    <color name="hiappbase_navigation_bar">H7_ACTIONBAR</color>
    <color name="hiappbase_refreshcard_select_bg">#08FFFFFF</color>
    <color name="hiappbase_status_bar">H7_BACKGROUND</color>
    <color name="hottopic_card_bg">#33ffffff</color>
    <color name="huawei_brand_color">H7_ACCENT_COLOR</color>
    <color name="hw_ampm_off">#ff404040</color>
    <color name="hw_ampm_on">#ffffffff</color>
    <color name="hw_black">H7_BACKGROUND</color>
    <color name="hw_black_a">#ffbebebe</color>
    <color name="hw_black_b">#ffffffff</color>
    <color name="hw_button_text">H7_BACKGROUND</color>
    <color name="hw_canvas_color">#a5fe9a31</color>
    <color name="hw_color">#ffffffff</color>
    <color name="hw_color_inverse">H7_BACKGROUND</color>
    <color name="hw_dkgray">#ffe0e0e0</color>
    <color name="hw_emergency_dialer_bg">H7_BACKGROUND</color>
    <color name="hw_gray_a">#ffffffff</color>
    <color name="hw_gray_b">#bebebe</color>
    <color name="hw_gray_c">#ffa0a0a0</color>
    <color name="hw_gray_d">#ff505050</color>
    <color name="hw_handle_color">#ff28c0c6</color>
    <color name="hw_ltgrey">#ffe0e0e0</color>
    <color name="hw_mainmenu_focused">#ffff8e00</color>
    <color name="hw_mainmenu_pressed">#ffffc300</color>
    <color name="hw_mauve_a">#ffff8a00</color>
    <color name="hw_menu_icon_focused">#ffed6e00</color>
    <color name="hw_menu_icon_pressed">#ffeaa300</color>
    <color name="hw_read_bgcolor">H7_BACKGROUND</color>
    <color name="hw_title_header_background">H7_BACKGROUND</color>
    <color name="hw_title_header_text">#ffbebebe</color>
    <color name="hw_unread_bgcolor">#ff404040</color>
    <color name="hw_white">#ffffffff</color>
    <color name="hwalphaindexerlistview_inactive_color">#808080</color>
    <color name="hwalphaindexerlistview_popup_text_color">#E6E6E6</color>
    <color name="hwalphaindexerlistview_select_color">H7_ACCENT_COLOR</color>
    <color name="hwbottomnavigationview_bg">H7_ACTIONBAR</color>
    <color name="hwbottomnavigationview_bg">H7_ACTIONBAR</color>
    <color name="hwbutton_text_color">#D8ffffff</color>
    <color name="hwbutton_text_disabled">#41ffffff</color>
    <color name="hwbutton_text_emphasize_color">#D8ffffff</color>
    <color name="hwbutton_text_emphasize_disabled">#41ffffff</color>
    <color name="hwcard_footer_bg_color">#0DFFFFFF</color>
    <color name="hwcheckbox_accent_off_dark_emui">#33FFFFFF</color>
    <color name="hwcheckbox_accent_off_disable_dark_emui">#19FFFFFF</color>
    <color name="hwcheckbox_accent_on_dark_emui">H7_ACCENT_COLOR</color>
    <color name="hwcheckbox_inner_checked_mark">#e6e6e6</color>
    <color name="hwcheckbox_inner_disable_dark">#33ffffff</color>
    <color name="hwcheckbox_inner_normal_dark">#80ffffff</color>
    <color name="hwcheckbox_off_mask">H7_BACKGROUND</color>
    <color name="hwdotspageindicator_emui_gray_2">#808080</color>
    <color name="hwdotspageindicator_emui_gray_3">#4CE6E6E6</color>
    <color name="hwdotspageindicator_emui_primary">H7_ACCENT_COLOR</color>
    <color name="hwdownload_button_text_emphasize_color">#D8ffffff</color>
    <color name="hwdownload_button_text_emphasize_disabled">#41ffffff</color>
    <color name="hwdownload_color">H7_ACCENT_COLOR</color>
    <color name="hwedit_emui_black_color_alpha_30">#4CE6E6E6</color>
    <color name="hwedit_emui_edit_text_hint_color">#33ffffff</color>
    <color name="hwsearchview_accent_emui_pressed">H7_ACCENT_COLOR</color>
    <color name="hwsearchview_accent_emui_pressed">#FF0a7fc9</color>
    <color name="hwsearchview_emui_text_dark">#ffffff</color>
    <color name="hwsearchview_emui_text_disabled">#33ffffff</color>
    <color name="hwsearchview_emui_text_hint">#4DFFFFFF</color>
    <color name="hwseekbar_scale_color">#33ffffff</color>
    <color name="hwspinner_accent_emui_dark">H7_ACCENT_COLOR</color>
    <color name="hwspinner_accent_emui_emphasize">H7_ACCENT_COLOR</color>
    <color name="hwspinner_accent_emui_emphasize_disabled">H7_ACCENT_COLOR_DISABLED</color>
    <color name="hwspinner_accent_emui_emphasize_pressed">H7_ACCENT_COLOR</color>
    <color name="hwspinner_accent_emui_emphasize_pressed">#FF0A7FC9</color>
    <color name="hwspinner_accent_emui_text_hightlight_dark">#FFCCCCCC</color>
    <color name="hwspinner_dropdown_item_default_dark">#d8000000</color>
    <color name="hwspinner_dropdown_item_default_dark">#d8202125</color>
    <color name="hwspinner_dropdown_item_default_emphasize">#ffffffff</color>
    <color name="hwspinner_dropdown_item_disabled_dark">#3f000000</color>
    <color name="hwspinner_dropdown_item_disabled_dark">#3f202125</color>
    <color name="hwspinner_dropdown_item_disabled_emphasize">#3fffffff</color>
    <color name="hwspinner_dropdown_item_pressed_dark">#6b000000</color>
    <color name="hwspinner_dropdown_item_pressed_dark">#6b202125</color>
    <color name="hwspinner_dropdown_item_pressed_emphasize">#ffffffff</color>
    <color name="hwspinner_emui_master_color_0">#FFFFFFFF</color>
    <color name="hwspinner_emui_text_dark">#ffffff</color>
    <color name="hwspinner_emui_text_disabled">#33ffffff</color>
    <color name="hwspinner_item_default">#d8ffffff</color>
    <color name="hwspinner_item_default_dark">#ffffffff</color>
    <color name="hwspinner_item_disabled">#33ffffff</color>
    <color name="hwspinner_item_disabled_dark">#33ffffff</color>
    <color name="hwspinner_item_pressed">#6bffffff</color>
    <color name="hwspinner_item_pressed_dark">#ffcccccc</color>
    <color name="hwswitch_accent_emui">H7_ACCENT_COLOR</color>
    <color name="hwswitch_accent_off_dark_emui">#33FFFFFF</color>
    <color name="hwswitch_accent_on_dark_emui">H7_ACCENT_COLOR</color>
    <color name="hwswitch_bg_off_disable_emui">#1f1f1f</color>
    <color name="hwswitch_bg_off_emui">#FF515151</color>
    <color name="hwswitch_emui_list_dark_disabled">#33ffffff</color>
    <color name="hwswitch_emui_list_secondary_text_dark">#80ffffff</color>
    <color name="hwswitch_off_disable_dark_emui">#19000000</color>
    <color name="hwswitch_off_disable_dark_emui">#19202125</color>
    <color name="hwswitch_on_disable_dark_emui">H7_ACCENT_COLOR_DISABLED</color>
    <color name="hwswitch_thumb_color">#e6e6e6</color>
    <color name="hwswitch_thumb_disable_emui">#33FFFFFF</color>
    <color name="hwswitch_thumb_disable_emui_dark">#33FFFFFF</color>
    <color name="hwswitch_thumb_emui">#FFFFFFFF</color>
    <color name="hwswitch_thumb_emui_dark">#FFFFFFFF</color>
    <color name="hwtoolbar_background">H7_ACTIONBAR</color>
    <color name="hwtoolbar_background">#F2262626</color>
    <color name="hwtoolbar_background_translucent">#00FFFFFF</color>
    <color name="hwtoolbar_menu_clicked_emui">#FF1596D1</color>
    <color name="hwtoolbar_menu_clicked_emui_translucent">#33ffffff</color>
    <color name="hwtoolbar_splitbackground">#0D0D0D</color>
    <color name="hwtoolbar_splitbackground_translucent">#00FFFFFF</color>
    <color name="ic_searchview_color_emui">#ffffffff</color>
    <color name="ic_searchview_color_emui_dark">#ffffffff</color>
    <color name="item_desc_gray">#80ffffff</color>
    <color name="itemtext_remind_color">#8acb55</color>
    <color name="judge_darktheme_color">#ffffffff</color>
    <color name="list_background">H7_BACKGROUND</color>
    <color name="list_dialog_selected">#e0e0e0</color>
    <color name="list_dialog_unselected">H7_BACKGROUND</color>
    <color name="list_item_normal">#B30337D0</color>
    <color name="list_selector_F9F9F9">#202020</color>
    <color name="lock_pattern_view_regular_color_emui">#ffc9c9c9</color>
    <color name="lock_pattern_view_success_color_emui">#ffc9c9c9</color>
    <color name="media_show_image_activity_00000000">H7_BACKGROUND00</color>
    <color name="media_show_image_activity_80000000">#80ffffff</color>
    <color name="media_show_image_activity_82021250">#80ffffff</color>
    <color name="media_video_grid_child_item_000000">#ffffff</color>
    <color name="media_video_grid_child_item_202125">#ffffff</color>
    <color name="media_video_grid_child_item_80FFFFFF">#80FFFFFF</color>
    <color name="media_video_grid_child_item_ffffff">#ffffff</color>
    <color name="menuitem_default_checkedcolor">#99ffffff</color>
    <color name="menuitem_default_checkedcolor_disabled">#33FFFFFF</color>
    <color name="menuitem_default_checkedcolor_pressed">#FFFFFFFF</color>
    <color name="menuitem_default_dark_checkedcolor">#B2ffffff</color>
    <color name="menuitem_default_dark_checkedcolor_disabled">#36ffffff</color>
    <color name="menuitem_default_dark_checkedcolor_pressed">#59ffffff</color>
    <color name="menuitem_default_dark_uncheckedcolor">#B2ffffff</color>
    <color name="menuitem_default_dark_uncheckedcolor_disabled">#36ffffff</color>
    <color name="menuitem_default_dark_uncheckedcolor_pressed">#59ffffff</color>
    <color name="menuitem_default_uncheckedcolor">#99FFFFFF</color>
    <color name="menuitem_default_uncheckedcolor_disabled">#33ffffff</color>
    <color name="menuitem_default_uncheckedcolor_pressed">#80FFFFFF</color>
    <color name="more_btn_bg_normal">H7_BACKGROUND00</color>
    <color name="more_btn_bg_pressed">#F5F5F5</color>
    <color name="mw_divide_bg">H7_ACCENT_COLOR</color>
    <color name="mw_trans_bg">H7_BACKGROUND00</color>
    <color name="mw_translucent_dark_bg">#7f000000</color>
    <color name="mw_translucent_dark_bg">H7_BACKGROUND_PRESS</color>
    <color name="my_actionbar_title_color">#DDDDDD</color>
    <color name="navigationbar_emui_dark">H7_BACKGROUND00</color>
    <color name="navigationbar_emui_light">H7_BACKGROUND</color>
    <color name="navigationbar_emui_light_line">#1a000000</color>
    <color name="navigationbar_emui_light_line">#1a202125</color>
    <color name="network_remind_bar_color">#4B0D0E</color>
    <color name="normal_protocol_hyperlink">H7_ACCENT_COLOR</color>
    <color name="normal_protocol_hyperlink">#0a7fc9</color>
    <color name="oobe_free">#61E6E6E6</color>
    <color name="oobe_install_while_no_app_selected">#61E6E6E6</color>
    <color name="oobe_permission_while_no_app_selected">#ADDAF5</color>
    <color name="overflow_list_view_divider_color">#33ffffff</color>
    <color name="pay_score_color">#FFec7251</color>
    <color name="personal_item_player_user_000000">#ffffffff</color>
    <color name="personal_item_player_user_202125">#ffffffff</color>
    <color name="press_protocol_hyperlink">H7_ACCENT_COLOR</color>
    <color name="pressure_tip_text_color">#D8ffffff</color>
    <color name="primary_emui_dark">H7_BACKGROUND00</color>
    <color name="primary_emui_light">H7_BACKGROUND</color>
    <color name="primary_text_emui">#ffffff</color>
    <color name="privacy_text_color">H7_ACCENT_COLOR</color>
    <color name="prize_dlg_color">#FF610A5F</color>
    <color name="push_app_size_color">#c0c0c0</color>
    <color name="radiobutton_inner_disable_dark">#33ffffff</color>
    <color name="radiobutton_inner_normal_dark">#ffffffff</color>
    <color name="score_item_score_color">#ff934b</color>
    <color name="search_bar_color_normal">#33ffffff</color>
    <color name="search_bar_color_pressed">#33ffffff</color>
    <color name="search_bar_color_shadow">#3affffff</color>
    <color name="search_bar_edit_text_bg_color">#33ffffff</color>
    <color name="search_bar_edit_text_bg_color">#FFFFFF</color>
    <color name="search_bar_edit_text_normal_bg_color">#33ffffff</color>
    <color name="search_bar_edit_text_normal_bg_color">#393939</color>
    <color name="search_bar_normal_color_normal">#1Affffff</color>
    <color name="search_bar_normal_color_pressed">#33ffffff</color>
    <color name="search_bar_normal_color_shadow">#3affffff</color>
    <color name="search_btn_color_normal">#ffffffff</color>
    <color name="search_btn_normal_color_normal">#26ffffff</color>
    <color name="search_edittext_hint_color">#4cFFFFFF</color>
    <color name="search_edittext_input_color">#d9FFFFFF</color>
    <color name="search_edittext_press_color">#26FFFFFF</color>
    <color name="search_label_color">#33ffffff</color>
    <color name="search_panel_circle_color">#ffffff</color>
    <color name="search_panel_ripple_color">#ffbbbbbb</color>
    <color name="search_tip_normal_color">#33ffffff</color>
    <color name="search_title_background">H7_BACKGROUND</color>
    <color name="secondary_text_emui">#7fe6e6e6</color>
    <color name="selected_text_item">#ff28c0c6</color>
    <color name="setting_bg_color">H7_BACKGROUND</color>
    <color name="share_bg">H7_BACKGROUND</color>
    <color name="small_post_item_title_color">#da000000</color>
    <color name="sub_tab_title_normal_emui">#80FFFFFF</color>
    <color name="sub_tab_title_normal_emui_dark">H7_ACCENT_COLOR</color>
    <color name="sub_tab_title_normal_emui_emphasize">#bfffffff</color>
    <color name="sub_tab_title_normal_pressed_emui">#80FFFFFF</color>
    <color name="sub_tab_title_normal_pressed_emui_dark">#5926a69a</color>
    <color name="sub_tab_title_normal_pressed_emui_dark">#590D9FFB</color>
    <color name="sub_tab_title_normal_pressed_emui_emphasize">#bfffffff</color>
    <color name="sub_tab_title_selected_emui">H7_ACCENT_COLOR</color>
    <color name="sub_tab_title_selected_emui_dark">#ffffffff</color>
    <color name="sub_tab_title_selected_emui_emphasize">H7_ACCENT_COLOR</color>
    <color name="sub_tab_title_selected_emui_emphasize">#ff0a7fc9</color>
    <color name="sub_tab_title_selected_pressed_emui">H7_ACCENT_COLOR</color>
    <color name="sub_tab_title_selected_pressed_emui_dark">#80FFFFFF</color>
    <color name="sub_tab_title_selected_pressed_emui_emphasize">H7_ACCENT_COLOR</color>
    <color name="sub_tab_title_selected_pressed_emui_emphasize">#ff0a7fc9</color>
    <color name="switch_bg_off_disable_emui">#1f1f1f</color>
    <color name="switch_bg_off_emui">#FF515151</color>
    <color name="switch_off_disable_dark_emui">#19000000</color>
    <color name="switch_off_disable_dark_emui">#19202125</color>
    <color name="switch_on_disable_dark_emui">H7_ACCENT_COLOR_DISABLED</color>
    <color name="switch_thumb_disable_emui">#33FFFFFF</color>
    <color name="switch_thumb_disable_emui_dark">#33FFFFFF</color>
    <color name="switch_thumb_emui">#FFFFFFFF</color>
    <color name="switch_thumb_emui_dark">#FFFFFFFF</color>
    <color name="tab_background">#2c9195</color>
    <color name="tab_background_emui5">H7_BACKGROUND</color>
    <color name="tab_bg_normal_def">H7_BACKGROUND</color>
    <color name="tab_bg_normal_def_sd">H7_BACKGROUND</color>
    <color name="tab_bg_normal_emui">H7_BACKGROUND</color>
    <color name="tab_bg_normal_emui_dark">#26FFFFFF</color>
    <color name="tab_bg_normal_emui_emphasize">H7_ACTIONBAR</color>
    <color name="tab_bg_normal_emui_emphasize">#FF262626</color>
    <color name="tab_bg_normal_imm">#01000000</color>
    <color name="tab_bg_normal_imm">#01202125</color>
    <color name="tab_line_bg_def">#33ffffff</color>
    <color name="tab_line_bg_imm">H7_BACKGROUND00</color>
    <color name="tab_selected_line_def">H7_ACCENT_COLOR</color>
    <color name="tab_selected_line_imm">#FFFFFFFF</color>
    <color name="tab_text_click">#FFFFFFFF</color>
    <color name="tab_text_normal_def">#FFffffff</color>
    <color name="tab_text_normal_imm">#FFFFFFFF</color>
    <color name="tab_text_selected_def">H7_ACCENT_COLOR</color>
    <color name="tab_text_selected_def_honor">H7_ACCENT_COLOR</color>
    <color name="tab_text_selected_imm">#FFFFFFFF</color>
    <color name="tab_title_normal_emui">#FFFFFFFF</color>
    <color name="tab_title_normal_emui_dark">#FFFFFFFF</color>
    <color name="tab_title_normal_emui_emphasize">#FFFFFFFF</color>
    <color name="tab_title_normal_pressed_emui">#FFFFFFFF</color>
    <color name="tab_title_normal_pressed_emui_dark">#FFFFFFFF</color>
    <color name="tab_title_normal_pressed_emui_emphasize">#80FFFFFF</color>
    <color name="tab_title_selected_emui">H7_ACCENT_COLOR</color>
    <color name="tab_title_selected_emui_dark">H7_ACCENT_COLOR</color>
    <color name="tab_title_selected_emui_emphasize">H7_ACCENT_COLOR</color>
    <color name="tab_title_selected_pressed_emui">H7_ACCENT_COLOR</color>
    <color name="tab_title_selected_pressed_emui_dark">#80FFFFFF</color>
    <color name="tab_title_selected_pressed_emui_emphasize">H7_ACCENT_COLOR</color>
    <color name="textColor_dialer_highlight">#fff6d705</color>
    <color name="text_app_no_adapt">#ff3320</color>
    <color name="text_search_app">#00D796</color>
    <color name="theme_style">#000001</color>
    <color name="tips_content_color">#cccccc</color>
    <color name="title_black">#ffffffff</color>
    <color name="title_green">H7_ACCENT_COLOR</color>
    <color name="title_green_alfpercent_15">#2626a69a</color>
    <color name="title_green_alfpercent_15">#260d9ffb</color>
    <color name="title_green_alfpercent_5">#0D26a69a</color>
    <color name="title_green_alfpercent_5">#0D0d9ffb</color>
    <color name="title_green_click">#26b6bc</color>
    <color name="title_name_black">#FFffffff</color>
    <color name="title_name_black">#ffffffff</color>
    <color name="toggle_button_off_bg_color_emui">#202020</color>
    <color name="toggle_button_off_bg_color_emui_dark">#FFFFFFFF</color>
    <color name="toggle_button_on_bg_color_emui_dark">#FFFFFFFF</color>
    <color name="transparent">H7_BACKGROUND00</color >
    <color name="transparent">H7_BACKGROUND00</color>
    <color name="uninstall_bg_color">#80ffffff</color>
    <color name="uninstall_color">#ffffff</color>
    <color name="update_notification_background">#AFABB4</color>
    <color name="update_tips_red">#FF3320</color>
    <color name="updatemanager_blue_text_007dff_alpha_20">H7_ACCENT_COLOR_DISABLED</color>
    <color name="url_background">H7_BACKGROUND00</color>
    <color name="url_line_color">#20ffffff</color>
    <color name="url_txt_color">#85ffffff</color>
    <color name="url_txt_color_normal">#30ffffff</color>
    <color name="voicemail_background_theme">H7_BACKGROUND</color>
    <color name="volumepanel_text_color">#a6ffffff</color>
    <color name="wallet_sdk_black_a_BF">#BFffffff</color>
    <color name="wallet_sdk_black_message">#7fffffff</color>
    <color name="wallet_sdk_black_title">#ffffffff</color>
    <color name="wallet_sdk_brandcolor">H7_ACCENT_COLOR</color>
    <color name="wallet_sdk_hwpay_bg_color">H7_BACKGROUND</color>
    <color name="wallet_sdk_primarycolor">#FFffffff</color>
    <color name="wallet_sdk_white">H7_BACKGROUND</color>
    <color name="white">#FFFFFF</color>
    <color name="white_status_bar">H7_BACKGROUND</color>
    <color name="white_text_7c7c7c">#ffffff</color>
    <color name="wisedist_fragment_bg">H7_BACKGROUND</color>
    <color name="wish_image_stroke_select_nor_color">#33FFFFFF</color>
    <color name="wlanzone_half_black">#80ffffff</color>
    <color name="wlanzone_itemtext_remind_color">#8acb55</color>
    <color name="wlanzone_title_name_black">#FFffffff</color>
    <color name="wlanzone_transparent">H7_BACKGROUND00</color>
    <color name="xh_item_7f000000">#7fffffff</color>
    <color name="xh_item_7f202125">#7fffffff</color>
    <color name="xh_item_ff000000">#ffffff</color>
    <color name="xh_item_ff202125">#ffffff</color>
    <drawable name="black_alpha_03_divier">#14ffffff</drawable>
    <drawable name="hw_screen_background_gray">H7_BACKGROUND</drawable>
    <item  name="disabled_alpha_emui" format="float" type="dimen">0.20</item>
    <item  name="pressed_alpha_emui" format="float" type="dimen">0.50</item>
    <item  name="searchview_disable_alpha_emui_dark" format="float" type="dimen">0.20</item>
    <item  name="searchview_nomal_alpha_emui" format="float" type="dimen">0.30</item>
    <item  name="searchview_nomal_alpha_emui_dark" format="float" type="dimen">0.40</item>
    <item  name="searchview_pressed_alpha_emui_dark" format="float" type="dimen">0.60</item>
    <item name="disabled_alpha_emui" format="float" type="dimen">0.20</item>
    <item name="pressed_alpha_emui" format="float" type="dimen">0.50</item>
    <item name="searchview_disable_alpha_emui_dark" format="float" type="dimen">0.20</item>
    <item name="searchview_nomal_alpha_emui" format="float" type="dimen">0.30</item>
    <item name="searchview_nomal_alpha_emui_dark" format="float" type="dimen">0.40</item>
    <item name="searchview_pressed_alpha_emui_dark" format="float" type="dimen">0.60</item>
   <color name="appcomment_backgound_gray">H7_BACKGROUND</color>
   <color name="appcomment_black_20">#80ffffff</color>
   <color name="appcomment_default_bg">H7_ACTIONBAR</color>
   <color name="appcommon_mine_sub_divider_color">H7_ACTIONBAR</color>
   <color name="emui_basetitle_color">H7_ACTIONBAR</color>
   <color name="emui_white_dialog_bg">H7_BACKGROUND</color>
   <color name="forum_black_20_percent">#80ffffff</color>
   <color name="forum_post_tips_bg_color">#4DFFD796</color>
   <color name="forum_post_tips_text_color">#AB6600</color>
   <color name="forum_section_head_icon_second_change_color">#ffffff</color>
   <color name="forum_section_head_statusbar_second_change_color">H7_BACKGROUND</color>
   <color name="forum_section_head_title_second_change_color">#ffffff</color>
   <color name="forum_section_msgcount_color">#e6e6e6</color>
   <color name="forum_stamp_text_replyed">#CCE6E6E6</color>
   <color name="hiappbase_navigation_bar">H7_ACTIONBAR</color>
   <color name="hiappbase_status_bar">H7_BACKGROUND</color>
   <color name="search_title_background">H7_BACKGROUND</color>
   <color name="secondary_text_emui">#7fe6e6e6</color>
   <color name="wisedist_fragment_bg">H7_BACKGROUND</color>
</resources>
