<?xml version="1.0" encoding="utf-8"?>
<resources>
    <color name="CS_background">H7_BACKGROUND</color>
    <color name="CS_black">#ffffffff</color>
    <color name="CS_black_0_percent">#00000000</color>
    <color name="CS_black_100_percent">#ffffffff</color>
    <color name="CS_black_10_percent">#19ffffff</color>
    <color name="CS_black_15_percent">#26ffffff</color>
    <color name="CS_black_20_percent">#33ffffff</color>
    <color name="CS_black_2_percent">#14ffffff</color>
    <color name="CS_black_30_percent">#4cffffff</color>
    <color name="CS_black_50_percent">#80ffffff</color>
    <color name="CS_black_5_percent">#0dffffff</color>
    <color name="CS_black_60_percent">#a6ffffff</color>
    <color name="CS_black_65_percent">#a6ffffff</color>
    <color name="CS_black_70_percent">#b3ffffff</color>
    <color name="CS_black_75_percent">#c0ffffff</color>
    <color name="CS_black_85_percent">#daffffff</color>
    <color name="CS_black_90_percent">#e6ffffff</color>
    <color name="CS_blue">H7_ACCENT_COLOR</color>
    <color name="CS_blue_text">H7_ACCENT_COLOR</color>
    <color name="CS_both_black_85_percent">#daffffff</color>
    <color name="CS_delete_red">#fff0460e</color>
    <color name="CS_divider_color">#ffaeaeae</color>
    <color name="CS_emui_color_gray_1">#fff2f2f2</color>
    <color name="CS_emui_color_gray_10">#ffe6e6e6</color>
    <color name="CS_gray_color">#26ffffff</color>
    <color name="CS_gray_text">#ff7b7b7b</color>
    <color name="CS_highlight_color">#ffff6500</color>
    <color name="CS_hint_color">#26ffffff</color>
    <color name="CS_hint_color_emui5">#33ffffff</color>
    <color name="CS_item_pressed">H7_ACCENT_COLOR_PRESS</color>
    <color name="CS_link_color">#ffffffff</color>
    <color name="CS_more_detail">H7_ACCENT_COLOR</color>
    <color name="CS_password_and_welcome_color">H7_ACCENT_COLOR</color>
    <color name="CS_security_setting_text_color">H7_ACCENT_COLOR</color>
    <color name="CS_steep_blue">#ff28c0c6</color>
    <color name="CS_textview_jump_color">H7_ACCENT_COLOR</color>
    <color name="CS_upgrade_account_success">#ff575656</color>
    <color name="CS_white">#ffffffff</color>
    <color name="CS_white_50_percent">#80ffffff</color>
    <color name="CS_white_65_percent">#a6ffffff</color>
    <color name="CS_white_80_percent">#80202020</color>
    <color name="album_list_bg">H7_BACKGROUND</color>
    <color name="app_detail_video_status_current_time_color">#cdffffff</color>
    <color name="app_not_safe_textcolor">#fffb6522</color>
    <color name="app_zone_navigator_textcolor">#bfffffff</color>
    <color name="appcomment_backgound_gray">H7_BACKGROUND</color>
    <color name="appcomment_black_20">#80ffffff</color>
    <color name="appcomment_default_bg">H7_ACTIONBAR</color>
    <color name="appcommon_color_personal_divider">#4dffffff</color>
    <color name="appcommon_mine_sub_divider_color">H7_ACTIONBAR</color>
    <color name="appdetail_label_default_bg">#33ffffff</color>
    <color name="appdetail_label_pressed_bg">#4dffffff</color>
    <color name="appgallery_card_color_default_background">#19ffffff</color>
    <color name="appgallery_color_accent">H7_ACCENT_COLOR</color>
    <color name="appgallery_color_appbar_bg">H7_ACTIONBAR</color>
    <color name="appgallery_color_bottomtab_bg">H7_ACTIONBAR</color>
    <color name="appgallery_color_card_stroke_normal">#33ffffff</color>
    <color name="appgallery_color_card_stroke_on_clicked">#1affffff</color>
    <color name="appgallery_color_edit_subtab_background">H7_ACTIONBAR</color>
    <color name="appgallery_color_edit_subtab_drag_background">#ff313131</color>
    <color name="appgallery_color_toolbar_bg">H7_ACTIONBAR</color>
    <color name="appgallery_text_color_link">H7_ACCENT_COLOR</color>
    <color name="appgallery_text_color_primary">#a9ffffff</color>
    <color name="appgallery_text_color_secondary">#80ffffff</color>
    <color name="appgallery_text_color_tertiary">#61ffffff</color>
    <color name="approve_text_color">H7_ACCENT_COLOR</color>
    <color name="backgound_0064cc">H7_ACTIONBAR</color>
    <color name="backgound_fcfcfc">H7_BACKGROUND</color>
    <color name="backgound_gray">H7_BACKGROUND</color>
    <color name="bigbuoy_backgroud">H7_ACTIONBAR</color>
    <color name="black">#ffffffff</color>
    <color name="black_10_percent_wisedist">#26ffffff</color>
    <color name="black_20_percent">#80ffffff</color>
    <color name="black_alpha30">#4cffffff</color>
    <color name="black_alpha_03">#07ffffff</color>
    <color name="black_alpha_15">#26ffffff</color>
    <color name="black_alpha_5">#1affffff</color>
    <color name="black_alpha_75">#bfffffff</color>
    <color name="black_alpha_8">#ff333333</color>
    <color name="black_status_bar">H7_BACKGROUND</color>
    <color name="blue_text_007dff">H7_ACCENT_COLOR</color>
    <color name="blue_text_007dff_alpha_20">H7_ACCENT_COLOR_DISABLED</color>
    <color name="blue_text_007dff_subtab">H7_ACCENT_COLOR</color>
    <color name="buoy_webview_bg">#ffffffff</color>
    <color name="button_text_color">H7_ACCENT_COLOR</color>
    <color name="c_feedback_question_color">#ff012e5d</color>
    <color name="cardview_stroke">#0dffffff</color>
    <color name="category_button_select_unpressed">H7_ACCENT_COLOR</color>
    <color name="category_button_unselect">#ff3e3e3e</color>
    <color name="change_submit_btn_pressed_bg">#0cffffff</color>
    <color name="check_box_edit_text_normal_bg_color">#ffffffff</color>
    <color name="content_score_color">#ffffba1b</color>
    <color name="design_textinput_error_color">#ffff3320</color>
    <color name="detail_comment_list_reply_item_time_color">#7f000000</color>
    <color name="detail_comment_user_level_titel_color">#ffec7251</color>
    <color name="detail_dowanload_button_background">#ff0072d6</color>
    <color name="detail_dowanload_progressbar_color">H7_ACCENT_COLOR</color>
    <color name="detail_download_button_content_normal">#ffffffff</color>
    <color name="detail_downloadbutton_processing">H7_ACCENT_COLOR_PRESS</color>
    <color name="detail_line_background">#33ffffff</color>
    <color name="detail_navigator_normal">#bfffffff</color>
    <color name="detail_navigator_selected">H7_ACCENT_COLOR</color>
    <color name="detail_navigator_selected_split">#590d9ffb</color>
    <color name="devider_e3e3e3">#33ffffff</color>
    <color name="dialog_title">#ffffffff</color>
    <color name="divider_horizontal_color_emui">#33ffffff</color>
    <color name="edittext_hint_color">#33ffffff</color>
    <color name="edittext_hint_press_color">#26ffffff</color>
    <color name="emui_accent">H7_ACCENT_COLOR</color>
    <color name="emui_accent_inverse">H7_ACCENT_COLOR</color>
    <color name="emui_accent_pressed">H7_ACCENT_COLOR</color>
    <color name="emui_appbar_bg">H7_ACTIONBAR</color>
    <color name="emui_appbar_icon">#a9ffffff</color>
    <color name="emui_appbar_subtitle">#7fffffff</color>
    <color name="emui_appbar_title">#a9ffffff</color>
    <color name="emui_badge_red">#ffd30003</color>
    <color name="emui_basetitle_color">H7_ACTIONBAR</color>
    <color name="emui_black">#ffe6e6e6</color>
    <color name="emui_bottombar_icon_off">#7fffffff</color>
    <color name="emui_bottombar_icon_on">H7_ACCENT_COLOR</color>
    <color name="emui_bottombar_text_off">#7fffffff</color>
    <color name="emui_bottombar_text_on">H7_ACCENT_COLOR</color>
    <color name="emui_button_default">#1affffff</color>
    <color name="emui_button_default_disabled">#0affffff</color>
    <color name="emui_card_bg">#ff404040</color>
    <color name="emui_clickeffic_default_color">#19ffffff</color>
    <color name="emui_color_1">#ff3f56ea</color>
    <color name="emui_color_10">#ffa56200</color>
    <color name="emui_color_11">#ff8c6800</color>
    <color name="emui_color_2">#ff007aac</color>
    <color name="emui_color_3">#ff00777e</color>
    <color name="emui_color_4">#ff007900</color>
    <color name="emui_color_5">#ff4e7800</color>
    <color name="emui_color_6">#ff8a2be2</color>
    <color name="emui_color_7">#ffe40078</color>
    <color name="emui_color_8">#ffd30003</color>
    <color name="emui_color_9">#ffba5500</color>
    <color name="emui_color_bg">H7_BACKGROUND</color>
    <color name="emui_color_connected">#ff007900</color>
    <color name="emui_color_divider_horizontal">#33ffffff</color>
    <color name="emui_color_fg">#ffffffff</color>
    <color name="emui_color_fg_inverse">#ffe5e5e5</color>
    <color name="emui_color_fg_inverse_disable">#ff616161</color>
    <color name="emui_color_gray_1">H7_ACTIONBAR</color>
    <color name="emui_color_gray_10">#ffe6e6e6</color>
    <color name="emui_color_gray_2">H7_ACTIONBAR</color>
    <color name="emui_color_gray_3">H7_ACTIONBAR</color>
    <color name="emui_color_gray_4">#ff333333</color>
    <color name="emui_color_gray_5">#4ce6e6e6</color>
    <color name="emui_color_gray_6">#ff666666</color>
    <color name="emui_color_gray_7">#ff808080</color>
    <color name="emui_color_gray_8">#ffb3b3b3</color>
    <color name="emui_color_gray_9">#ffcccccc</color>
    <color name="emui_color_handup">#ffd30003</color>
    <color name="emui_color_list_divider">#33ffffff</color>
    <color name="emui_color_primary">#a9ffffff</color>
    <color name="emui_color_progress">#7fffffff</color>
    <color name="emui_color_secondary">#80ffffff</color>
    <color name="emui_color_spinner_icon">#a9ffffff</color>
    <color name="emui_color_subheader_divider">#19ffffff</color>
    <color name="emui_color_tertiary">#61ffffff</color>
    <color name="emui_color_text_highlight">#61006cde</color>
    <color name="emui_color_text_primary">#a9ffffff</color>
    <color name="emui_color_text_secondary">#80ffffff</color>
    <color name="emui_color_text_tertiary">#61ffffff</color>
    <color name="emui_color_tips_bg">#f21a1a1a</color>
    <color name="emui_color_warning">#ffba5500</color>
    <color name="emui_control_highlight">H7_ACCENT_COLOR</color>
    <color name="emui_control_normal">#19ffffff</color>
    <color name="emui_control_normal_disabled">#0affffff</color>
    <color name="emui_dialog_bg">H7_ACTIONBAR</color>
    <color name="emui_fab_bg_normal">H7_ACCENT_COLOR</color>
    <color name="emui_fab_bg_pressed">#ff1a7be1</color>
    <color name="emui_fab_icon">#ffffffff</color>
    <color name="emui_functional_blue">H7_ACCENT_COLOR</color>
    <color name="emui_functional_blue_disable">H7_ACCENT_COLOR_DISABLED</color>
    <color name="emui_functional_blue_inverse">H7_ACCENT_COLOR</color>
    <color name="emui_functional_green">#ff007900</color>
    <color name="emui_functional_red">#ffd30003</color>
    <color name="emui_list_separator_text">#80000000</color>
    <color name="emui_navigationbar_bg">H7_ACTIONBAR</color>
    <color name="emui_nodata">H7_BACKGROUND</color>
    <color name="emui_pressed">H7_ACCENT_COLOR_PRESS</color>
    <color name="emui_primary">#ffffffff</color>
    <color name="emui_primary_inverse">#ffe5e5e5</color>
    <color name="emui_primary_translucent">#ffffffff</color>
    <color name="emui_subtab_bg">H7_BACKGROUND</color>
    <color name="emui_subtab_line_on">H7_ACCENT_COLOR</color>
    <color name="emui_subtab_text_off">#7fffffff</color>
    <color name="emui_subtab_text_on">H7_ACCENT_COLOR</color>
    <color name="emui_text_disabled">#61ffffff</color>
    <color name="emui_text_highlight_inverse">#61006cde</color>
    <color name="emui_text_hint">#7fffffff</color>
    <color name="emui_text_hint_inverse">#99ffffff</color>
    <color name="emui_text_inverse_disable">#61ffffff</color>
    <color name="emui_text_primary">#ffffffff</color>
    <color name="emui_text_primary_inverse">#ffffffff</color>
    <color name="emui_text_secondary_inverse">#99ffffff</color>
    <color name="emui_text_tertiary_inverse">#61ffffff</color>
    <color name="emui_toast_bg">#ff404040</color>
    <color name="emui_toolbar_bg">H7_ACTIONBAR</color>
    <color name="emui_toolbar_icon">#a9ffffff</color>
    <color name="emui_toolbar_icon_actived">H7_ACCENT_COLOR</color>
    <color name="emui_toolbar_icon_pressed">#a9ffffff</color>
    <color name="emui_toolbar_press_color">#19ffffff</color>
    <color name="emui_toolbar_text">#a9ffffff</color>
    <color name="emui_toolbar_text_actived">H7_ACCENT_COLOR</color>
    <color name="emui_toolbar_text_pressed">#a9ffffff</color>
    <color name="emui_white">H7_BACKGROUND</color>
    <color name="essentialapp_black">#ffffffff</color>
    <color name="forum_black_20_percent">#80ffffff</color>
    <color name="forum_post_tips_bg_color">#4dffd796</color>
    <color name="forum_post_tips_text_color">#ffab6600</color>
    <color name="forum_section_head_icon_second_change_color">#ffffffff</color>
    <color name="forum_section_head_statusbar_second_change_color">H7_BACKGROUND</color>
    <color name="forum_section_head_title_second_change_color">#ffffffff</color>
    <color name="forum_section_msgcount_color">#ffe6e6e6</color>
    <color name="forum_stamp_moderator_bg">H7_ACCENT_COLOR_PRESS</color>
    <color name="forum_user_head_bg">#ff191919</color>
    <color name="forum_user_head_divider">#26ffffff</color>
    <color name="grade_description_white">#33ffffff</color>
    <color name="green_text_28c0c6">H7_ACCENT_COLOR</color>
    <color name="half_black">#80ffffff</color>
    <color name="hiappbase_navigation_bar">H7_ACTIONBAR</color>
    <color name="hiappbase_refreshcard_select_bg">#08ffffff</color>
    <color name="hiappbase_status_bar">H7_BACKGROUND</color>
    <color name="hottopic_card_bg">#33ffffff</color>
    <color name="hwalphaindexerlistview_popup_bg_color">#ff666666</color>
    <color name="hwbottomnav_blur_color">H7_ACTIONBAR</color>
    <color name="hwbottomnav_emui_accent">H7_ACCENT_COLOR</color>
    <color name="hwbottomnav_item_default">#7fffffff</color>
    <color name="hwbottomnav_message_bg">#ffd30003</color>
    <color name="hwbottomnavigationview_bg">H7_ACTIONBAR</color>
    <color name="hwcheckbox_accent_off_dark_emui">#80ffffff</color>
    <color name="hwcheckbox_accent_off_disable_dark_emui">#33ffffff</color>
    <color name="hwcheckbox_accent_on_dark_emui">#80ffffff</color>
    <color name="hwcheckbox_accent_on_disable_dark_emui">#33ffffff</color>
    <color name="hwcheckbox_emui_black">H7_BACKGROUND</color>
    <color name="hwcheckbox_emui_boxedge">#4dffffff</color>
    <color name="hwcheckbox_emui_white_bg">#4d000000</color>
    <color name="hwcheckbox_inner_disable_dark">#33ffffff</color>
    <color name="hwcheckbox_inner_normal_dark">#ffffffff</color>
    <color name="hwclickeffic_default_color_emui">#19ffffff</color>
    <color name="hwclickeffic_default_color_emui_dark">#19ffffff</color>
    <color name="hwdownload_button_text_emphasize_color">#d8ffffff</color>
    <color name="hwdownload_button_text_emphasize_disabled">#41ffffff</color>
    <color name="hwdownload_click_effect_color">#19ffffff</color>
    <color name="hwdownload_color">H7_ACCENT_COLOR</color>
    <color name="hwradiobutton_accent_off_dark_emui">#33ffffff</color>
    <color name="hwradiobutton_accent_off_disable_dark_emui">#19ffffff</color>
    <color name="hwradiobutton_accent_on_dark_emui">H7_ACCENT_COLOR</color>
    <color name="hwradiobutton_accent_on_disable_dark_emui">H7_ACCENT_COLOR_DISABLED</color>
    <color name="hwradiobutton_inner_disable_dark">#33ffffff</color>
    <color name="hwradiobutton_inner_normal_dark">#ffffffff</color>
    <color name="hwradiobutton_off_path_inner_bg">#4d000000</color>
    <color name="hwradiobutton_off_stroke">#4dffffff</color>
    <color name="hwseekbar_scale_color">#33ffffff</color>
    <color name="hwseekbar_step_text">#80ffffff</color>
    <color name="hwspinner_icon_emui">#a9ffffff</color>
    <color name="hwspinner_item_disabled">#40ffffff</color>
    <color name="hwspinner_item_disabled_dark">#33ffffff</color>
    <color name="hwsubtab_click_effect_color">#19ffffff</color>
    <color name="hwsubtab_emui_color_bg">H7_BACKGROUND</color>
    <color name="hwsubtab_emui_subtab_text_off">#66ffffff</color>
    <color name="hwsubtab_emui_subtab_text_on">H7_ACCENT_COLOR</color>
    <color name="hwsubtab_indicator_color">H7_ACCENT_COLOR</color>
    <color name="hwswitch_emui_list_dark_disabled">#33ffffff</color>
    <color name="hwswitch_emui_list_secondary_text_dark">#80ffffff</color>
    <color name="hwswitch_off_disable_dark_emui">#19000000</color>
    <color name="hwswitch_off_track_bg">#ff616161</color>
    <color name="hwswitch_thumb_disable">#ff616161</color>
    <color name="item_desc_gray">#80ffffff</color>
    <color name="itemtext_remind_color">#ff8acb55</color>
    <color name="judge_darktheme_color">#ffffffff</color>
    <color name="list_dialog_selected">#ffe0e0e0</color>
    <color name="list_dialog_unselected">H7_BACKGROUND</color>
    <color name="list_item_normal">#b30337d0</color>
    <color name="media_show_image_activity_00000000">#00000000</color>
    <color name="media_show_image_activity_80000000">#80ffffff</color>
    <color name="media_video_grid_child_item_000000">#ffffffff</color>
    <color name="media_video_grid_child_item_80FFFFFF">#80ffffff</color>
    <color name="media_video_grid_child_item_ffffff">#ffffffff</color>
    <color name="more_btn_bg_normal">#00000000</color>
    <color name="more_btn_bg_pressed">#fff5f5f5</color>
    <color name="my_actionbar_title_color">#ffdddddd</color>
    <color name="network_remind_bar_color">#ff4b0d0e</color>
    <color name="normal_protocol_hyperlink">H7_ACTIONBAR</color>
    <color name="oobe_install_while_no_app_selected">#61e6e6e6</color>
    <color name="oobe_permission_while_no_app_selected">#ffaddaf5</color>
    <color name="personal_item_player_user_000000">#ffffffff</color>
    <color name="press_protocol_hyperlink">H7_ACCENT_COLOR</color>
    <color name="privacy_text_color">H7_ACCENT_COLOR</color>
    <color name="purchasehistory_popupwindow_bg">#ff333333</color>
    <color name="push_app_size_color">#ffc0c0c0</color>
    <color name="search_bar_color_normal">#33ffffff</color>
    <color name="search_bar_color_shadow">#3affffff</color>
    <color name="search_bar_normal_color_normal">#1affffff</color>
    <color name="search_bar_normal_color_shadow">#3affffff</color>
    <color name="search_btn_color_normal">#ffffffff</color>
    <color name="search_btn_normal_color_normal">#26ffffff</color>
    <color name="search_edittext_hint_color">#4cffffff</color>
    <color name="search_edittext_input_color">#d9ffffff</color>
    <color name="search_edittext_press_color">#26ffffff</color>
    <color name="search_label_color">#33ffffff</color>
    <color name="search_tip_normal_color">#33ffffff</color>
    <color name="search_title_background">H7_BACKGROUND</color>
    <color name="share_bg">#ff333333</color>
    <color name="small_post_item_title_color">#da000000</color>
    <color name="tab_background">#ff2c9195</color>
    <color name="tab_background_emui5">H7_BACKGROUND</color>
    <color name="tab_bg_normal_def">H7_BACKGROUND</color>
    <color name="tab_bg_normal_def_sd">H7_BACKGROUND</color>
    <color name="tab_bg_normal_imm">#01000000</color>
    <color name="tab_line_bg_def">#33ffffff</color>
    <color name="tab_line_bg_imm">#00000000</color>
    <color name="tab_selected_line_def">H7_ACCENT_COLOR</color>
    <color name="tab_selected_line_imm">#ffffffff</color>
    <color name="tab_text_click">#ffffffff</color>
    <color name="tab_text_normal_def">#ffffffff</color>
    <color name="tab_text_normal_imm">#ffffffff</color>
    <color name="tab_text_selected_def">H7_ACCENT_COLOR</color>
    <color name="tab_text_selected_def_honor">H7_ACCENT_COLOR</color>
    <color name="tab_text_selected_imm">#ffffffff</color>
    <color name="text_app_no_adapt">#ffff3320</color>
    <color name="theme_style">#ff000001</color>
    <color name="tips_content_color">#ffcccccc</color>
    <color name="title_black">#ffffffff</color>
    <color name="title_name_black">#ffffffff</color>
    <color name="transparent">#00000000</color>
    <color name="uninstall_bg_color">#80ffffff</color>
    <color name="uninstall_color">#ffffffff</color>
    <color name="update_notification_background">#ffafabb4</color>
    <color name="update_tips_red">#ffff3320</color>
    <color name="updatemanager_blue_text_007dff_alpha_20">H7_ACCENT_COLOR_DISABLED</color>
    <color name="vertical_multi_tabs_bg">#ffffffff</color>
    <color name="welfare_gift_backcolor">#19ffffff</color>
    <color name="white">#ffffffff</color>
    <color name="white_status_bar">H7_BACKGROUND</color>
    <color name="white_text_7c7c7c">#ffffffff</color>
    <color name="wisedist_fragment_bg">H7_BACKGROUND</color>
    <color name="wish_image_stroke_select_nor_color">#33ffffff</color>
    <color name="wlanzone_half_black">#80ffffff</color>
    <color name="wlanzone_itemtext_remind_color">#ff8acb55</color>
    <color name="wlanzone_title_name_black">#ffffffff</color>
    <color name="wlanzone_transparent">#00000000</color>
    <color name="xh_item_7f000000">#7fffffff</color>
    <color name="xh_item_ff000000">#ffffffff</color>
    <color name="CS_background_801_oversea">H7_BACKGROUND</color>
    <color name="CS_black_circle">#80ffffff</color>
    <color name="CS_blue_color">H7_ACCENT_COLOR</color>
    <color name="CS_blue_text_20_percent">H7_ACCENT_COLOR_DISABLED</color>
    <color name="CS_blue_text_pressed">H7_ACTIONBAR</color>
    <color name="CS_yellow">#fffb6522</color>
    <color name="CS_yellow_light">#ffeed6ad</color>
    <color name="Cs_emui_black">#ffffffff</color>
    <color name="Cs_emui_gray_10">#ffffffff</color>
    <color name="Cs_emui_gray_2">#80ffffff</color>
    <color name="Cs_emui_white">#ffffffff</color>
    <color name="accent_emui">H7_ACCENT_COLOR</color>
    <color name="accent_emui_dark">H7_ACCENT_COLOR</color>
    <color name="accent_emui_dark_color">#ffffffff</color>
    <color name="accent_emui_emphasize">H7_ACCENT_COLOR</color>
    <color name="accent_emui_emphasize_disabled">H7_ACCENT_COLOR_DISABLED</color>
    <color name="accent_emui_emphasize_pressed">H7_ACTIONBAR</color>
    <color name="accent_emui_pressed">H7_ACTIONBAR</color>
    <color name="accent_emui_text_hightlight">#ff0a7fc8</color>
    <color name="accent_emui_text_hightlight_dark">#ffcccccc</color>
    <color name="accent_off_dark_emui">#33ffffff</color>
    <color name="accent_off_disable_dark_emui">#19ffffff</color>
    <color name="accent_off_disable_emui">#33ffffff</color>
    <color name="accent_off_emui">#33ffffff</color>
    <color name="accent_on_dark_emui">H7_ACCENT_COLOR</color>
    <color name="accent_on_disable_dark_emui">H7_ACCENT_COLOR_DISABLED</color>
    <color name="accent_on_disable_emui">#800d9ffb</color>
    <color name="action_bar_title_emui">#ffffffff</color>
    <color name="action_bar_title_emui_dark">#ffffffff</color>
    <color name="airplane_color">#ff666666</color>
    <color name="alphaindexer_popup_bg_color">#ffcce5ff</color>
    <color name="alphaindexer_selected_alpha_color">H7_ACCENT_COLOR</color>
    <color name="alphaindexer_selected_alpha_color_dark">#ffffffff</color>
    <color name="alphaindexer_unselected_alpha_color">#ff7c7c7c</color>
    <color name="alphaindexer_unselected_alpha_color_dark">#4cffffff</color>
    <color name="apk_management_cannot_install">#4c0d9ffb</color>
    <color name="black_alpha_3">#fff2f2f2</color>
    <color name="bright_foreground_disabled_holo_dark_emui">#ff4c4c4c</color>
    <color name="bright_foreground_emui">#fff3f3f3</color>
    <color name="bright_foreground_holo_dark_emui">#ffffffff</color>
    <color name="c_black">#ffffffff</color>
    <color name="card_intro_savetraffic">#ff5bb755</color>
    <color name="change_submit_btn_bg">#05ffffff</color>
    <color name="checkbox_inner_disable_dark">#33ffffff</color>
    <color name="checkbox_inner_normal_dark">#80ffffff</color>
    <color name="clone_app_mark_bg_color">H7_ACCENT_COLOR</color>
    <color name="cloudsetting_arrow_right">#33ffffff</color>
    <color name="cloudsetting_background_90_percent">#e5000000</color>
    <color name="cloudsetting_black_100_percent">#ffffffff</color>
    <color name="cloudsetting_black_10_percent">#19ffffff</color>
    <color name="cloudsetting_black_30_percent">#4cffffff</color>
    <color name="cloudsetting_black_50_percent">#80ffffff</color>
    <color name="cloudsetting_black_5_percent">#0dffffff</color>
    <color name="cloudsetting_black_65_percent">#a6ffffff</color>
    <color name="cloudsetting_black_70_percent">#b3ffffff</color>
    <color name="cloudsetting_black_75_percent">#c0ffffff</color>
    <color name="cloudsetting_black_85_percent">#daffffff</color>
    <color name="cloudsetting_black_90_percent">#e6ffffff</color>
    <color name="cloudsetting_black_color">#ffffffff</color>
    <color name="cloudsetting_color_actionbar_themecolor">H7_BACKGROUND</color>
    <color name="cloudsetting_color_diliver">#26ffffff</color>
    <color name="cloudsetting_color_primary_theme5">H7_BACKGROUND</color>
    <color name="cloudsetting_del_quit_but_color">#fff0460e</color>
    <color name="cloudsetting_dowanload_progressbar_color">H7_ACCENT_COLOR</color>
    <color name="cloudsetting_slide_color">#20ffffff</color>
    <color name="cloudsetting_white_login_authcode">#19ffffff</color>
    <color name="cloudsetting_white_needchange">H7_BACKGROUND</color>
    <color name="colorful_emui">#00000000</color>
    <color name="comment_num_error">#ffff3320</color>
    <color name="cs_emui_accent">H7_ACCENT_COLOR</color>
    <color name="cs_emui_color_gray_2">#ff666666</color>
    <color name="cs_emui_color_gray_7">#80ffffff</color>
    <color name="detail_comment_approve_selected">H7_ACCENT_COLOR</color>
    <color name="detail_comment_progress_color">#1affffff</color>
    <color name="detail_dowanload_progressbar_background">#800d9ffb</color>
    <color name="dim_foreground_disabled_emui">#80bebebe</color>
    <color name="dim_foreground_disabled_holo_dark_emui">#80bebebe</color>
    <color name="dim_foreground_emui">#ffbebebe</color>
    <color name="dim_foreground_holo_dark_emui">#80ffffff</color>
    <color name="dim_foreground_inverse_emui">#ff323232</color>
    <color name="disable_touch_text_color">#ffffffff</color>
    <color name="disable_touch_translucent">#e0000000</color>
    <color name="divider_horizontal_color_dark_emui">#33ffffff</color>
    <color name="edittext_cancel_hint_press_color">H7_ACCENT_COLOR</color>
    <color name="emui_background_light">#f2333333</color>
    <color name="emui_black_color_alpha_10">#19000000</color>
    <color name="emui_black_color_alpha_100">H7_BACKGROUND</color>
    <color name="emui_black_color_alpha_20">#33000000</color>
    <color name="emui_black_color_alpha_3">#0d000000</color>
    <color name="emui_black_color_alpha_30">#4ce6e6e6</color>
    <color name="emui_black_color_alpha_40">#66000000</color>
    <color name="emui_black_color_alpha_5">#0d000000</color>
    <color name="emui_black_color_alpha_50">#80000000</color>
    <color name="emui_black_color_alpha_60">#99000000</color>
    <color name="emui_black_color_alpha_75">#c0000000</color>
    <color name="emui_blue_dark">#ff0099cc</color>
    <color name="emui_blue_light">#ff0a9dcd</color>
    <color name="emui_bright_foreground_dark_disabled">#33ffffff</color>
    <color name="emui_bright_foreground_light">H7_BACKGROUND</color>
    <color name="emui_bright_foreground_light_inverse">#ffffffff</color>
    <color name="emui_bright_foreground_light_inverse_alpha">#8fffffff</color>
    <color name="emui_button_text_color">#ffffffff</color>
    <color name="emui_button_text_color_inverse">#d8ffffff</color>
    <color name="emui_button_text_disabled">#33ffffff</color>
    <color name="emui_button_text_disabled_inverse">#41ffffff</color>
    <color name="emui_button_text_emphasize_color">#d8ffffff</color>
    <color name="emui_button_text_emphasize_disabled">#41ffffff</color>
    <color name="emui_button_text_pressed_inverse">#d8ffffff</color>
    <color name="emui_custom_panel_background">H7_BACKGROUND</color>
    <color name="emui_detail_text_pressed">H7_ACCENT_COLOR</color>
    <color name="emui_detail_text_selected">#ffffffff</color>
    <color name="emui_dialog_blue_light">#ff0a9dcd</color>
    <color name="emui_dialog_title_text_Color">#ffffffff</color>
    <color name="emui_edit_text_hint_color">#33ffffff</color>
    <color name="emui_fab_pressed">#ffcccccc</color>
    <color name="emui_gray_2_translucent">#80ffffff</color>
    <color name="emui_green_dark">#ff669900</color>
    <color name="emui_green_light">#ff99cc00</color>
    <color name="emui_highlighted_text">#800d9ffb</color>
    <color name="emui_hint_foreground">#33ffffff</color>
    <color name="emui_label_primary_text">#ffffffff</color>
    <color name="emui_list_dark_default">#ffffffff</color>
    <color name="emui_list_dark_disabled">#33ffffff</color>
    <color name="emui_list_primary_default">#ffffffff</color>
    <color name="emui_list_secondary_text_dark">#80ffffff</color>
    <color name="emui_list_secondray_text">#ffffffff</color>
    <color name="emui_list_separator_dark_default">#c0ffffff</color>
    <color name="emui_list_separator_default">#bfffffff</color>
    <color name="emui_listitem_text_color">#80ffffff</color>
    <color name="emui_master_color_0">#ffffffff</color>
    <color name="emui_master_color_1">#ffbdddff</color>
    <color name="emui_master_color_10">#ff003166</color>
    <color name="emui_master_color_11">H7_BACKGROUND</color>
    <color name="emui_master_color_2">#ff85c1ff</color>
    <color name="emui_master_color_3">#ff3d9cff</color>
    <color name="emui_master_color_4">#ff1f8dff</color>
    <color name="emui_master_color_5">H7_ACCENT_COLOR</color>
    <color name="emui_master_color_6">#ff006ee0</color>
    <color name="emui_master_color_7">#ff005fc2</color>
    <color name="emui_master_color_8">#ff0050a3</color>
    <color name="emui_master_color_9">#ff004185</color>
    <color name="emui_master_color_alert">#ffff3320</color>
    <color name="emui_master_color_incoming_call">#ff00d659</color>
    <color name="emui_master_color_mark_0">#ff10ddec</color>
    <color name="emui_master_color_mark_0_alpha_20">#3310ddec</color>
    <color name="emui_master_color_mark_0_alpha_70">#b310ddec</color>
    <color name="emui_master_color_mark_1">#ff01c1f2</color>
    <color name="emui_master_color_mark_10">#ff00d659</color>
    <color name="emui_master_color_mark_10_alpha_20">#3300d659</color>
    <color name="emui_master_color_mark_10_alpha_70">#b300d659</color>
    <color name="emui_master_color_mark_11">#ff00d796</color>
    <color name="emui_master_color_mark_11_alpha_20">#3300d796</color>
    <color name="emui_master_color_mark_11_alpha_70">#b300d796</color>
    <color name="emui_master_color_mark_1_alpha_20">#3301c1f2</color>
    <color name="emui_master_color_mark_1_alpha_70">#b301c1f2</color>
    <color name="emui_master_color_mark_2">#ff0d82fb</color>
    <color name="emui_master_color_mark_2_alpha_20">#330d82fb</color>
    <color name="emui_master_color_mark_2_alpha_70">#b30d82fb</color>
    <color name="emui_master_color_mark_3">#ffcf21ff</color>
    <color name="emui_master_color_mark_3_alpha_20">#33cf21ff</color>
    <color name="emui_master_color_mark_3_alpha_70">#b3cf21ff</color>
    <color name="emui_master_color_mark_4">#ffff2294</color>
    <color name="emui_master_color_mark_4_alpha_20">#33ff2294</color>
    <color name="emui_master_color_mark_4_alpha_70">#b3ff2294</color>
    <color name="emui_master_color_mark_5">#ffff3320</color>
    <color name="emui_master_color_mark_5_alpha_20">#33ff3320</color>
    <color name="emui_master_color_mark_5_alpha_70">#b3ff3320</color>
    <color name="emui_master_color_mark_6">#fffb6522</color>
    <color name="emui_master_color_mark_6_alpha_20">#33fb6522</color>
    <color name="emui_master_color_mark_6_alpha_70">#b3fb6522</color>
    <color name="emui_master_color_mark_7">#ffffba1b</color>
    <color name="emui_master_color_mark_7_alpha_20">#33ffba1b</color>
    <color name="emui_master_color_mark_7_alpha_70">#b3ffba1b</color>
    <color name="emui_master_color_mark_8">#ffffdc1a</color>
    <color name="emui_master_color_mark_8_alpha_20">#33ffdc1a</color>
    <color name="emui_master_color_mark_8_alpha_70">#b3ffdc1a</color>
    <color name="emui_master_color_mark_9">#ffd8fa55</color>
    <color name="emui_master_color_mark_9_alpha_20">#33d8fa55</color>
    <color name="emui_master_color_mark_9_alpha_70">#b3d8fa55</color>
    <color name="emui_message_text_color">#ffffffff</color>
    <color name="emui_numberpicker_normal_textcolor">#80ffffff</color>
    <color name="emui_numberpicker_normal_textcolor_dark">#d9ffffff</color>
    <color name="emui_numberpicker_select_textcolor">#ff12d4dc</color>
    <color name="emui_numberpicker_small_textcolor">#80ffffff</color>
    <color name="emui_numberpicker_small_textcolor_dark">#7bffffff</color>
    <color name="emui_popmenu_text_color">#cc000000</color>
    <color name="emui_primary_text_dark_disabled">#33ffffff</color>
    <color name="emui_progressbar_loading_fill_color">H7_ACCENT_COLOR</color>
    <color name="emui_searchview_text_color">#ffffffff</color>
    <color name="emui_searchview_text_color_dark">#ffffffff</color>
    <color name="emui_searchview_text_hint_color">#33ffffff</color>
    <color name="emui_searchview_text_hint_color_dark">#33ffffff</color>
    <color name="emui_secondary_text_dark">#80ffffff</color>
    <color name="emui_secondary_text_dark_disabled">#33ffffff</color>
    <color name="emui_spinner_dropdown_item_default_dark">#d8000000</color>
    <color name="emui_spinner_dropdown_item_default_emphasize">#ffffffff</color>
    <color name="emui_spinner_dropdown_item_disabled_dark">#3f000000</color>
    <color name="emui_spinner_dropdown_item_disabled_emphasize">#3fffffff</color>
    <color name="emui_spinner_dropdown_item_pressed_dark">#6b000000</color>
    <color name="emui_spinner_dropdown_item_pressed_emphasize">#ffffffff</color>
    <color name="emui_spinner_item_default">#d8ffffff</color>
    <color name="emui_spinner_item_default_dark">#ffffffff</color>
    <color name="emui_spinner_item_disabled">#33ffffff</color>
    <color name="emui_spinner_item_disabled_dark">#33ffffff</color>
    <color name="emui_spinner_item_pressed">#6bffffff</color>
    <color name="emui_spinner_item_pressed_dark">#ffcccccc</color>
    <color name="emui_svg_icon_dark_default">#33ffffff</color>
    <color name="emui_svg_icon_dark_disabled">#33ffffff</color>
    <color name="emui_svg_icon_light_default">#33ffffff</color>
    <color name="emui_svg_icon_light_disabled">#33ffffff</color>
    <color name="emui_tab_title_off">#99333333</color>
    <color name="emui_tab_title_on">#ffffffff</color>
    <color name="emui_text_dark">#ffffffff</color>
    <color name="emui_text_inverse_disable_light">#ffb2b2b2</color>
    <color name="emui_text_light">#ffffffff</color>
    <color name="emui_time_axis_info_default">#7f000000</color>
    <color name="emui_white_bg">H7_BACKGROUND</color>
    <color name="emui_white_dialog_bg">#ff333333</color>
    <color name="fastapp_black">#ffffffff</color>
    <color name="fastapp_blue_text_007dff">H7_ACCENT_COLOR</color>
    <color name="fastapp_half_black">#ffffffff</color>
    <color name="feedback_actionbar_bg">H7_ACTIONBAR</color>
    <color name="feedback_background">#fff7f7f7</color>
    <color name="feedback_bg_press">#0dffffff</color>
    <color name="feedback_black_03">#07000000</color>
    <color name="feedback_black_10">#26ffffff</color>
    <color name="feedback_blue">H7_ACCENT_COLOR</color>
    <color name="feedback_blue_disable">H7_ACCENT_COLOR_DISABLED</color>
    <color name="feedback_common_black_5">#0cffffff</color>
    <color name="feedback_divideline">#26000000</color>
    <color name="feedback_et_bg">#ff3d3d3d</color>
    <color name="feedback_highlight_color">H7_ACCENT_COLOR</color>
    <color name="feedback_highlight_color_disable">H7_ACCENT_COLOR_DISABLED</color>
    <color name="feedback_highlight_color_disable_old">H7_ACCENT_COLOR_DISABLED</color>
    <color name="feedback_highlight_color_old">H7_ACCENT_COLOR</color>
    <color name="feedback_light_white">#55ffffff</color>
    <color name="feedback_question_type_color">#fff0460e</color>
    <color name="feedback_record_listview_title">#14ffffff</color>
    <color name="feedback_smarthelper_textview_bg">#33ffffff</color>
    <color name="feedback_smarthelper_user_textview_bg">H7_ACCENT_COLOR</color>
    <color name="feedback_spannable_click_color">H7_ACTIONBAR</color>
    <color name="feedback_text_color1">#ffffffff</color>
    <color name="feedback_text_color2">#80ffffff</color>
    <color name="feedback_text_color3">#33ffffff</color>
    <color name="feedback_text_color_75">#c0ffffff</color>
    <color name="feedback_text_color_customer_service">#ffffffff</color>
    <color name="feedback_text_color_data">#ffffffff</color>
    <color name="feedback_title_bar_unnormal_color">#0d000000</color>
    <color name="feedback_transparent">#00000000</color>
    <color name="feedback_white">#ffffffff</color>
    <color name="get_score_title_color">#ff777777</color>
    <color name="hmspush_click_span">H7_ACCENT_COLOR</color>
    <color name="hmspush_protocal_text_color">#ffffffff</color>
    <color name="huawei_brand_color">H7_ACCENT_COLOR</color>
    <color name="hw_ampm_off">#ff404040</color>
    <color name="hw_ampm_on">#ffffffff</color>
    <color name="hw_black">H7_BACKGROUND</color>
    <color name="hw_black_a">#ffbebebe</color>
    <color name="hw_black_b">#ffffffff</color>
    <color name="hw_button_text">H7_BACKGROUND</color>
    <color name="hw_canvas_color">#a5fe9a31</color>
    <color name="hw_color">#ffffffff</color>
    <color name="hw_color_inverse">H7_BACKGROUND</color>
    <color name="hw_dkgray">#ffe0e0e0</color>
    <color name="hw_emergency_dialer_bg">H7_BACKGROUND</color>
    <color name="hw_gray_a">#ffffffff</color>
    <color name="hw_gray_b">#ffbebebe</color>
    <color name="hw_gray_c">#ffa0a0a0</color>
    <color name="hw_gray_d">#ff505050</color>
    <color name="hw_handle_color">H7_ACCENT_COLOR</color>
    <color name="hw_ltgrey">#ffe0e0e0</color>
    <color name="hw_mainmenu_focused">#ffff8e00</color>
    <color name="hw_mainmenu_pressed">#ffffc300</color>
    <color name="hw_mauve_a">#ffff8a00</color>
    <color name="hw_menu_icon_focused">#ffed6e00</color>
    <color name="hw_menu_icon_pressed">#ffeaa300</color>
    <color name="hw_read_bgcolor">H7_BACKGROUND</color>
    <color name="hw_theme_value">#ffe6e6e6</color>
    <color name="hw_title_header_background">#ff212121</color>
    <color name="hw_title_header_text">#ffbebebe</color>
    <color name="hw_unread_bgcolor">#ff404040</color>
    <color name="hw_white">#ffffffff</color>
    <color name="hwalphaindexerlistview_inactive_color">#ff808080</color>
    <color name="hwalphaindexerlistview_popup_text_color">#ffe6e6e6</color>
    <color name="hwalphaindexerlistview_select_color">H7_ACCENT_COLOR</color>
    <color name="hwbutton_color_fg_inverse_disable">#ff616161</color>
    <color name="hwbutton_functional_blue_disable">H7_ACCENT_COLOR_PRESS</color>
    <color name="hwbutton_text_color">#d8ffffff</color>
    <color name="hwbutton_text_disabled">#41ffffff</color>
    <color name="hwbutton_text_emphasize_color">#d8ffffff</color>
    <color name="hwbutton_text_emphasize_disabled">#41ffffff</color>
    <color name="hwcard_footer_bg_color">#0dffffff</color>
    <color name="hwcheckbox_inner_checked_mark">#ffe6e6e6</color>
    <color name="hwcheckbox_off_mask">H7_BACKGROUND</color>
    <color name="hwdivider_horizontal_color_dark_emui">#33ffffff</color>
    <color name="hwdivider_horizontal_color_emui">#33ffffff</color>
    <color name="hwdotspageindicator_emui_gray_2">#ff808080</color>
    <color name="hwdotspageindicator_emui_gray_3">#4ce6e6e6</color>
    <color name="hwdotspageindicator_emui_primary">H7_ACCENT_COLOR</color>
    <color name="hwedit_emui_black_color_alpha_30">#4ce6e6e6</color>
    <color name="hwedit_emui_edit_text_hint_color">#33ffffff</color>
    <color name="hwid_check_theme_color">H7_BACKGROUND</color>
    <color name="hwid_check_theme_dark_color">H7_BACKGROUND</color>
    <color name="hwid_check_theme_emui_color">#ffffffff</color>
    <color name="hwid_check_theme_honor_color">#ff0000ff</color>
    <color name="hwid_check_theme_nova_color">#ff00ffff</color>
    <color name="hwpush_60_black_color">#80ffffff</color>
    <color name="hwpush_bgcolor_gray">H7_BACKGROUND</color>
    <color name="hwpush_black_color">#ffffffff</color>
    <color name="hwpush_text_color_history_url">#80ffffff</color>
    <color name="hwpush_text_color_snapshot_title">#ffffffff</color>
    <color name="hwradiobutton_accent_off_emui">#33ffffff</color>
    <color name="hwradiobutton_off_mask">H7_BACKGROUND</color>
    <color name="hwsearchview_accent_emui_pressed">H7_ACCENT_COLOR_PRESS</color>
    <color name="hwsearchview_emui_text_dark">#ffffffff</color>
    <color name="hwsearchview_emui_text_disabled">#33ffffff</color>
    <color name="hwspinner_accent_emui_dark">H7_ACCENT_COLOR</color>
    <color name="hwspinner_accent_emui_emphasize">H7_ACCENT_COLOR</color>
    <color name="hwspinner_accent_emui_emphasize_disabled">H7_ACCENT_COLOR_DISABLED</color>
    <color name="hwspinner_accent_emui_emphasize_pressed">H7_ACCENT_COLOR_PRESS</color>
    <color name="hwspinner_accent_emui_text_hightlight_dark">#ffcccccc</color>
    <color name="hwspinner_dropdown_item_default_dark">#d8000000</color>
    <color name="hwspinner_dropdown_item_default_emphasize">#ffffffff</color>
    <color name="hwspinner_dropdown_item_disabled_dark">#3f000000</color>
    <color name="hwspinner_dropdown_item_disabled_emphasize">#3fffffff</color>
    <color name="hwspinner_dropdown_item_pressed_dark">#6b000000</color>
    <color name="hwspinner_dropdown_item_pressed_emphasize">#ffffffff</color>
    <color name="hwspinner_emui_master_color_0">#ffffffff</color>
    <color name="hwspinner_emui_text_dark">#ffffffff</color>
    <color name="hwspinner_emui_text_disabled">#33ffffff</color>
    <color name="hwspinner_item_default">#d8ffffff</color>
    <color name="hwspinner_item_default_dark">#ffffffff</color>
    <color name="hwspinner_item_pressed">#6bffffff</color>
    <color name="hwspinner_item_pressed_dark">#ffcccccc</color>
    <color name="hwswitch_accent_emui">H7_ACCENT_COLOR</color>
    <color name="hwswitch_accent_off_dark_emui">#33ffffff</color>
    <color name="hwswitch_accent_on_dark_emui">H7_ACCENT_COLOR</color>
    <color name="hwswitch_bg_off_disable_emui">#ff1f1f1f</color>
    <color name="hwswitch_bg_off_emui">#ff515151</color>
    <color name="hwswitch_on_disable_dark_emui">H7_ACCENT_COLOR_DISABLED</color>
    <color name="hwswitch_thumb_color">#ffe6e6e6</color>
    <color name="hwswitch_thumb_disable_emui">#33ffffff</color>
    <color name="hwswitch_thumb_disable_emui_dark">#33ffffff</color>
    <color name="hwswitch_thumb_emui">#ffffffff</color>
    <color name="hwswitch_thumb_emui_dark">#ffffffff</color>
    <color name="hwtoolbar_background">H7_ACTIONBAR</color>
    <color name="hwtoolbar_background_translucent">#00ffffff</color>
    <color name="hwtoolbar_menu_clicked_emui">#ff1596d1</color>
    <color name="hwtoolbar_menu_clicked_emui_translucent">#33ffffff</color>
    <color name="hwtoolbar_splitbackground">#ff0d0d0d</color>
    <color name="hwtoolbar_splitbackground_translucent">#00ffffff</color>
    <color name="iap_brandcolor">H7_ACCENT_COLOR</color>
    <color name="iap_brandcolor_7_f">#7f0d9ffb</color>
    <color name="iap_colorPrimary">H7_ACCENT_COLOR</color>
    <color name="iap_common_black_10">#19ffffff</color>
    <color name="iap_common_black_100">#ffffffff</color>
    <color name="iap_common_black_15">#26ffffff</color>
    <color name="iap_common_black_20">#33ffffff</color>
    <color name="iap_common_black_25">#3fffffff</color>
    <color name="iap_common_black_30">#4cffffff</color>
    <color name="iap_common_black_35">#59ffffff</color>
    <color name="iap_common_black_40">#66ffffff</color>
    <color name="iap_common_black_45">#72ffffff</color>
    <color name="iap_common_black_5">#0cffffff</color>
    <color name="iap_common_black_50">#7fffffff</color>
    <color name="iap_common_black_55">#8cffffff</color>
    <color name="iap_common_black_60">#99ffffff</color>
    <color name="iap_common_black_65">#a5ffffff</color>
    <color name="iap_common_black_70">#b2ffffff</color>
    <color name="iap_common_black_75">#bfffffff</color>
    <color name="iap_common_black_80">#ccffffff</color>
    <color name="iap_common_black_85">#d8ffffff</color>
    <color name="iap_common_black_90">#e5ffffff</color>
    <color name="iap_common_black_95">#f2ffffff</color>
    <color name="iap_common_default_bg_color">#fff4f4f4</color>
    <color name="iap_common_pad_offset_bg_color">H7_BACKGROUND</color>
    <color name="iap_common_transparent">#00ffffff</color>
    <color name="iap_common_white_10">#19000000</color>
    <color name="iap_common_white_100">H7_BACKGROUND</color>
    <color name="iap_common_white_15">#26000000</color>
    <color name="iap_common_white_20">#33000000</color>
    <color name="iap_common_white_25">#3f000000</color>
    <color name="iap_common_white_30">#4c000000</color>
    <color name="iap_common_white_35">#59000000</color>
    <color name="iap_common_white_40">#66000000</color>
    <color name="iap_common_white_45">#72000000</color>
    <color name="iap_common_white_5">#0c000000</color>
    <color name="iap_common_white_50">#7f000000</color>
    <color name="iap_common_white_55">#8c000000</color>
    <color name="iap_common_white_60">#99000000</color>
    <color name="iap_common_white_65">#a5000000</color>
    <color name="iap_common_white_70">#b2000000</color>
    <color name="iap_common_white_75">#bf000000</color>
    <color name="iap_common_white_80">#cc000000</color>
    <color name="iap_common_white_85">#d8000000</color>
    <color name="iap_common_white_90">#e5000000</color>
    <color name="iap_common_white_95">H7_ACTIONBAR</color>
    <color name="iap_dialog_bg_color">H7_ACTIONBAR</color>
    <color name="iap_dialog_title_line_to_message_color">#33ffffff</color>
    <color name="iap_f3_color">H7_BACKGROUND</color>
    <color name="iap_keyboard_num_locked_color">#26222222</color>
    <color name="iap_license_background">#99ffffff</color>
    <color name="iap_progress_circle_tips_color">#80ffffff</color>
    <color name="iap_read_card_number_anim_background">H7_BACKGROUND</color>
    <color name="iap_read_card_number_flash_background">H7_BACKGROUND</color>
    <color name="iap_selection_devide_background">H7_ACTIONBAR</color>
    <color name="iap_toast_bg_color">#ff373737</color>
    <color name="iap_wrap_progress_background_color">H7_BACKGROUND</color>
    <color name="iap_wrap_progress_color">H7_ACCENT_COLOR</color>
    <color name="ic_searchview_color_emui">#ffffffff</color>
    <color name="ic_searchview_color_emui_dark">#ffffffff</color>
    <color name="list_background">H7_BACKGROUND</color>
    <color name="list_selector_F9F9F9">#ff202020</color>
    <color name="lock_pattern_view_regular_color_emui">#ffc9c9c9</color>
    <color name="lock_pattern_view_success_color_emui">#ffc9c9c9</color>
    <color name="menuitem_default_checkedcolor">#99ffffff</color>
    <color name="menuitem_default_checkedcolor_disabled">#33ffffff</color>
    <color name="menuitem_default_checkedcolor_pressed">#ffffffff</color>
    <color name="menuitem_default_dark_checkedcolor">#b2ffffff</color>
    <color name="menuitem_default_dark_checkedcolor_disabled">#36ffffff</color>
    <color name="menuitem_default_dark_checkedcolor_pressed">#59ffffff</color>
    <color name="menuitem_default_dark_uncheckedcolor">#b2ffffff</color>
    <color name="menuitem_default_dark_uncheckedcolor_disabled">#36ffffff</color>
    <color name="menuitem_default_dark_uncheckedcolor_pressed">#59ffffff</color>
    <color name="menuitem_default_uncheckedcolor">#99ffffff</color>
    <color name="menuitem_default_uncheckedcolor_disabled">#33ffffff</color>
    <color name="menuitem_default_uncheckedcolor_pressed">#80ffffff</color>
    <color name="mw_divide_bg">H7_ACCENT_COLOR</color>
    <color name="mw_trans_bg">#00000000</color>
    <color name="mw_translucent_dark_bg">H7_ACTIONBAR</color>
    <color name="navigationbar_emui_dark">#00000000</color>
    <color name="navigationbar_emui_light">H7_BACKGROUND</color>
    <color name="navigationbar_emui_light_line">#33ffffff</color>
    <color name="opendevice_black_10_percent">#19ffffff</color>
    <color name="opendevice_black_50_percent">#80ffffff</color>
    <color name="opendevice_black_5_percent">#0dffffff</color>
    <color name="opendevice_translucent">#00ffffff</color>
    <color name="overflow_list_view_divider_color">#33ffffff</color>
    <color name="pay_score_color">#ffec7251</color>
    <color name="pressure_tip_text_color">#d8ffffff</color>
    <color name="primary_edit_text_emui">#ffe6e6e6</color>
    <color name="primary_emui_dark">#00000000</color>
    <color name="primary_emui_light">H7_ACTIONBAR</color>
    <color name="primary_text_emui">#ffffffff</color>
    <color name="prize_dlg_color">#ff610a5f</color>
    <color name="ql_black">#ffffffff</color>
    <color name="ql_black_100_percent">#ffffffff</color>
    <color name="ql_black_50_percent">#80ffffff</color>
    <color name="ql_blue_text">H7_ACCENT_COLOR</color>
    <color name="ql_hint_color_emui5">#51ffffff</color>
    <color name="radiobutton_inner_disable_dark">#33ffffff</color>
    <color name="radiobutton_inner_normal_dark">#ffffffff</color>
    <color name="score_item_score_color">#ffff934b</color>
    <color name="search_bar_color_pressed">#33ffffff</color>
    <color name="search_bar_edit_text_bg_color">#33ffffff</color>
    <color name="search_bar_edit_text_normal_bg_color">#33ffffff</color>
    <color name="search_bar_normal_color_pressed">#33ffffff</color>
    <color name="search_panel_circle_color">#ffffffff</color>
    <color name="search_panel_ripple_color">#ffbbbbbb</color>
    <color name="secondary_text_emui">#7fe6e6e6</color>
    <color name="selected_text_item">H7_ACCENT_COLOR</color>
    <color name="setting_bg_color">H7_BACKGROUND</color>
    <color name="sns_album_pic_title_color">#ffffffff</color>
    <color name="sns_alphaindexer_bg_color">#ff666666</color>
    <color name="sns_assist_chat_text_bg">#33ffffff</color>
    <color name="sns_assist_chat_text_detail_bg">#4c000000</color>
    <color name="sns_assist_chat_text_detail_press_bg">H7_ACTIONBAR</color>
    <color name="sns_assist_chat_text_press_bg">#4cffffff</color>
    <color name="sns_assist_chat_text_stroke_color">#4cffffff</color>
    <color name="sns_assist_menu_normal_text_color">H7_ACCENT_COLOR</color>
    <color name="sns_assist_menu_pressed_text_color">H7_ACCENT_COLOR_PRESS</color>
    <color name="sns_assist_msg_bg_color">H7_ACTIONBAR</color>
    <color name="sns_assist_msg_bg_white">#ffffffff</color>
    <color name="sns_assist_sub_menu_text_color">#d8ffffff</color>
    <color name="sns_background">H7_BACKGROUND</color>
    <color name="sns_background_90_percent">H7_ACTIONBAR</color>
    <color name="sns_black_100_percent">#ffffffff</color>
    <color name="sns_black_10_percent">#19ffffff</color>
    <color name="sns_black_20_percent">#33ffffff</color>
    <color name="sns_black_2_percent">#05ffffff</color>
    <color name="sns_black_30">#4cffffff</color>
    <color name="sns_black_30_percent">#ffafafaf</color>
    <color name="sns_black_3_percent">#08ffffff</color>
    <color name="sns_black_50_percent">#80ffffff</color>
    <color name="sns_black_5_percent">#19ffffff</color>
    <color name="sns_black_60_percent">#99ffffff</color>
    <color name="sns_black_65_percent">#a5ffffff</color>
    <color name="sns_black_75_percent">#b3ffffff</color>
    <color name="sns_black_80_percent">#ccffffff</color>
    <color name="sns_black_85_percent">#daffffff</color>
    <color name="sns_black_90_percent">#e6ffffff</color>
    <color name="sns_bottom_navigation_bg_color">H7_ACTIONBAR</color>
    <color name="sns_button_text_nomal">H7_ACCENT_COLOR</color>
    <color name="sns_button_text_pressed">H7_ACCENT_COLOR_PRESS</color>
    <color name="sns_chat_input_edittext">#19ffffff</color>
    <color name="sns_chat_left_msg_bg_pressed">H7_ACTIONBAR</color>
    <color name="sns_chat_link_background">H7_ACTIONBAR</color>
    <color name="sns_chat_right_background_normal_bg">H7_ACCENT_COLOR</color>
    <color name="sns_chat_right_background_pressed_bg">#ff0c96ee</color>
    <color name="sns_chat_white">#ffffffff</color>
    <color name="sns_check_intent_layout">#4cff0000</color>
    <color name="sns_check_theme_color">H7_BACKGROUND</color>
    <color name="sns_complain_notice">H7_ACCENT_COLOR</color>
    <color name="sns_delete_text_color">#ffff1400</color>
    <color name="sns_divider_blod_color">H7_ACTIONBAR</color>
    <color name="sns_dowanload_progressbar_color">H7_ACCENT_COLOR</color>
    <color name="sns_emui4_default_color">H7_BACKGROUND</color>
    <color name="sns_fast_search_pup_num_color">H7_ACCENT_COLOR</color>
    <color name="sns_group_manager_color">#ffff3320</color>
    <color name="sns_group_normal_color">#ff666666</color>
    <color name="sns_huaweipay_black_a_D8">#d8ffffff</color>
    <color name="sns_huaweipay_black_a_FF">#ffffffff</color>
    <color name="sns_huaweipay_white_a_D8">#d8ffffff</color>
    <color name="sns_huaweipay_white_a_FF">#ffffffff</color>
    <color name="sns_img_picture_selected_color">#0effffff</color>
    <color name="sns_input_bg_color">H7_ACTIONBAR</color>
    <color name="sns_list_black_2_6">#26ffffff</color>
    <color name="sns_list_item_normal">#00000000</color>
    <color name="sns_list_item_pressed">#ffa8a8a8</color>
    <color name="sns_new_friend_background_color">#190d9ffb</color>
    <color name="sns_nickname_color">#ff178af9</color>
    <color name="sns_panel_bg">H7_BACKGROUND</color>
    <color name="sns_photo_send">H7_ACCENT_COLOR</color>
    <color name="sns_preview_selected_color">#4cffffff</color>
    <color name="sns_progress_bar_progress_color">#a5ffffff</color>
    <color name="sns_progress_bar_round_color">#30ffffff</color>
    <color name="sns_qr_result_bg">#ff2c9195</color>
    <color name="sns_search_word_color">H7_ACCENT_COLOR</color>
    <color name="sns_select_num_bg_color">#33ffffff</color>
    <color name="sns_select_num_color">#ffffffff</color>
    <color name="sns_stop_visit_url_learn_more_press">H7_ACCENT_COLOR_PRESS</color>
    <color name="sns_stop_visit_url_learn_more_unpress">H7_ACCENT_COLOR</color>
    <color name="sns_sub_title_bg">#14ffffff</color>
    <color name="sns_tab_color_default">#ffffffff</color>
    <color name="sns_tab_color_emui4_default">#ff787878</color>
    <color name="sns_tab_color_emui4_selected">H7_ACCENT_COLOR</color>
    <color name="sns_tab_color_emui5_selected">H7_ACCENT_COLOR</color>
    <color name="sns_translucent">#00ffffff</color>
    <color name="sns_user_selector_actionbar_bg">#33ffffff</color>
    <color name="sns_vcard_bg_gray_left">#ffffffff</color>
    <color name="sns_vcard_bg_gray_right">#ffffffff</color>
    <color name="sns_white">H7_ACTIONBAR</color>
    <color name="sns_white_100">#ffffffff</color>
    <color name="sns_white_20">#33ffffff</color>
    <color name="sns_white_50">#89ffffff</color>
    <color name="sns_white_60">#99ffffff</color>
    <color name="sns_white_80">#c8000000</color>
    <color name="sns_white_90">#e5ffffff</color>
    <color name="sns_zimu_bg_color">#ff09dffb</color>
    <color name="sns_zimu_color">H7_BACKGROUND</color>
    <color name="social_text_black_100_percent">#ffffffff</color>
    <color name="sub_tab_title_normal_emui">#80ffffff</color>
    <color name="sub_tab_title_normal_emui_dark">H7_ACCENT_COLOR</color>
    <color name="sub_tab_title_normal_emui_emphasize">#bfffffff</color>
    <color name="sub_tab_title_normal_pressed_emui">#80ffffff</color>
    <color name="sub_tab_title_normal_pressed_emui_dark">#590d9ffb</color>
    <color name="sub_tab_title_normal_pressed_emui_emphasize">#bfffffff</color>
    <color name="sub_tab_title_selected_emui">H7_ACCENT_COLOR</color>
    <color name="sub_tab_title_selected_emui_dark">#ffffffff</color>
    <color name="sub_tab_title_selected_emui_emphasize">H7_ACCENT_COLOR_PRESS</color>
    <color name="sub_tab_title_selected_pressed_emui">H7_ACCENT_COLOR</color>
    <color name="sub_tab_title_selected_pressed_emui_dark">#80ffffff</color>
    <color name="sub_tab_title_selected_pressed_emui_emphasize">H7_ACCENT_COLOR_PRESS</color>
    <color name="switch_bg_off_disable_emui">#ff1f1f1f</color>
    <color name="switch_bg_off_emui">#ff515151</color>
    <color name="switch_off_disable_dark_emui">#19000000</color>
    <color name="switch_on_disable_dark_emui">H7_ACCENT_COLOR_DISABLED</color>
    <color name="switch_thumb_disable_emui">#33ffffff</color>
    <color name="switch_thumb_disable_emui_dark">#33ffffff</color>
    <color name="switch_thumb_emui">#ffffffff</color>
    <color name="switch_thumb_emui_dark">#ffffffff</color>
    <color name="tab_bg_normal_emui">H7_BACKGROUND</color>
    <color name="tab_bg_normal_emui_dark">#26ffffff</color>
    <color name="tab_bg_normal_emui_emphasize">H7_ACTIONBAR</color>
    <color name="tab_title_normal_emui">#ffffffff</color>
    <color name="tab_title_normal_emui_dark">#ffffffff</color>
    <color name="tab_title_normal_emui_emphasize">#ffffffff</color>
    <color name="tab_title_normal_pressed_emui">#ffffffff</color>
    <color name="tab_title_normal_pressed_emui_dark">#ffffffff</color>
    <color name="tab_title_normal_pressed_emui_emphasize">#80ffffff</color>
    <color name="tab_title_selected_emui">H7_ACCENT_COLOR</color>
    <color name="tab_title_selected_emui_dark">H7_ACCENT_COLOR</color>
    <color name="tab_title_selected_emui_emphasize">H7_ACCENT_COLOR</color>
    <color name="tab_title_selected_pressed_emui">H7_ACCENT_COLOR</color>
    <color name="tab_title_selected_pressed_emui_dark">#80ffffff</color>
    <color name="tab_title_selected_pressed_emui_emphasize">H7_ACCENT_COLOR</color>
    <color name="test_color">#ffff1155</color>
    <color name="textColor_dialer_highlight">#fff6d705</color>
    <color name="text_search_app">#ff00d796</color>
    <color name="title_green">H7_ACCENT_COLOR</color>
    <color name="title_green_alfpercent_15">#260d9ffb</color>
    <color name="title_green_alfpercent_5">#0d0d9ffb</color>
    <color name="title_green_click">#ff26b6bc</color>
    <color name="toggle_button_off_bg_color_emui">H7_ACTIONBAR</color>
    <color name="toggle_button_off_bg_color_emui_dark">#ffffffff</color>
    <color name="toggle_button_on_bg_color_emui_dark">#ffffffff</color>
    <color name="toolbar_bg_color">H7_ACTIONBAR</color>
    <color name="url_background">#00000000</color>
    <color name="url_line_color">#20ffffff</color>
    <color name="url_txt_color">#85ffffff</color>
    <color name="url_txt_color_normal">#30ffffff</color>
    <color name="voicemail_background_theme">H7_BACKGROUND</color>
    <color name="volumepanel_text_color">#a6ffffff</color>
	
    <item type="drawable" name="black_alpha_03_divier">#00ffffff</item>
    <item type="drawable" name="hw_screen_background_gray">H7_BACKGROUND</item>
	
</resources>
