<?xml version="1.0" encoding="UTF-8"?><resources>
	<color name="hwouc_backgrColor">H7_ACCENT_COLOR</color>
	<color name="white">H7_ACTIONBAR</color>    
	<color name="blue">H7_ACCENT_COLOR</color>
	<color name="highlight_color">H7_ACCENT_COLOR</color>
	<!-- 85% black -->
	<!-- 75% black -->
	<!-- 70% black -->
	<!-- 65% black -->
	<!-- 30% black -->
	<!-- 10% black -->
	<!-- DTS2014120805072 zhanghaibo/00202427 20150225 begin -->
	<color name="cotaUpdateDivideBg">H7_ACTIONBAR</color>
	<!-- DTS2014120805072 zhanghaibo/00202427 20150225 end -->
	<!-- DTS2017102404202  qinpeng/qwx399752 20171024 begin -->
	 <!-- -->
	<!-- DTS2017112108041 maoying/mwx499780 20171123 begin -->
	<!-- DTS2017112108041 maoying/mwx499780 20171123 end -->
	  <!-- -->
	<!-- DTS2017112108041 maoying/mwx499780 20171123 begin -->
	<!-- DTS2017112108041 maoying/mwx499780 20171123 end -->
	<!-- DTS2017102404202  qinpeng/qwx399752 20171024 end -->
	<color name="statusbar_bg">H7_ACTIONBAR</color>
</resources>