<?xml version="1.0" encoding="utf-8"?>
<resources>
    <color name="appbarTitle">#dbffffff</color>
    <color name="colorBackImg">#ffffffff</color>
    <color name="colorFocused">H7_ACCENT_COLOR</color>
    <color name="colorGray1">H7_ACTIONBAR</color>
    <color name="colorHover">#19ffffff</color>
    <color name="colorPress">#26ffffff</color>
    <color name="colorPrimary">H7_BACKGROUND</color>
    <color name="colorProgressPrimary">H7_ACCENT_COLOR</color>
    <color name="colorScrollSlider">#66ffffff</color>
</resources>
