<?xml version="1.0" encoding="UTF-8"?><resources>


    
    
    
    
    
    
    
    
    
    
    
    
    
    
    
    
    
    
    
    
    
    
    
    
    
    
    
    <color name="message_pop_incoming_bg_color">H7_COLOR_DIALER_AB</color>
    
    
    
    
    <color name="mms_bg_change">H7_COLOR_DIALER_AB</color>
    
    <color name="emoji_category_panel_dark">H7_COLOR_DIALER_AB</color>
    
    
    
    
    
    
    
    
    
    
    
    
    

    
    
    
    
    
    
    
    
    
    <color name="duoqu_menu_bg">H7_COLOR_DIALER_AB</color>
    
    
    
    
    
    
    
    
    
    
    
    
    
    
    
    
    
    
    
    
    

    
    
    
    
    
    
    
    

    
    
    
    
    
    
    
    
    
    
    
    
    
    
    

    
    
    
    
    
    
    
    
    
    <color name="mms_emui_white">H7_COLOR_DIALER_AB</color>
    <color name="mms_emui_white_adapter_dark">H7_COLOR_DIALER_AB</color>
    
    
    <color name="emui_gray_5_crypto_stub_bg">H7_COLOR_DIALER_AB</color>
    <color name="rcs_talk_button_emui_white">H7_COLOR_DIALER_AB</color>
    
    
    

    <color name="fab_new_message_bg">H7_COLOR_DIALER</color>
    <color name="fab_new_message_bg_press">H7_COLOR_DIALER</color>
    
	<color name="hwtoolbar_splitbackground">H7_COLOR_DIALER_AB</color>
	<color name="hwtoolbar_background">H7_COLOR_DIALER_AB</color>
	<color name="new_message_edit_color">H7_COLOR_DIALER_AB</color>
	<color name="toolbar_menu_line_bg">H7_COLOR_DIALER_AB</color>
	<bool name="hw_blur_effect_enable">true</bool>
	<color name="emui_color_gray_1">H7_COLOR_DIALER_AB</color>
	<color name="primary_emui">H7_COLOR_DIALER_AB</color>
	<color name="primary_emui_light">H7_COLOR_DIALER_AB</color>
	<color name="primary_emui_dark">H7_COLOR_DIALER_AB</color>
	<color name="duoqu_menu_background_color">H7_COLOR_DIALER_AB</color>  
	<color name="mms_search_view_edit_bg_color_onappbar">H7_COLOR_DIALER_AB</color>  
	<color name="emui_gray_5">H7_COLOR_DIALER_AB</color>  
	<color name="emoji_category_panel_choose">H7_COLOR_DIALER_AB</color>
	<color name="attach_panel_item_color">H7_COLOR_DIALER_AB</color>
	<color name="search_view_background_color">H7_COLOR_DIALER_AB</color>
	<color name="record_panel_bg">H7_COLOR_DIALER_AB</color>
	<color name="white">H7_COLOR_DIALER_AB</color>
	<color name="mediapicker_others_view_background">H7_COLOR_DIALER_AB</color>
	<color name="duoqu_actionbar_bg_color">H7_COLOR_DIALER_AB</color>
	<color name="delivery_report_activity_color">H7_COLOR_DIALER_AB</color>
	<color name="mms_messagelist_background">H7_COLOR_DIALER_AB</color>
	<color name="navation_bar_white_color">H7_COLOR_DIALER_AB</color>
	<color name="tips_bg_color">H7_COLOR_DIALER_AB</color>
	<color name="emui_gray_5_adaptation_nova">H7_COLOR_DIALER_AB</color>
	<color name="emui_gray_5_adaptation">H7_COLOR_DIALER_AB</color> 
	<color name="emui_gray_5_adaptation_honor">H7_COLOR_DIALER_AB</color> 
	<color name="emui_gray_5_adaptation_huawei">H7_COLOR_DIALER_AB</color>
	<color name="navation_bar_black_color">H7_COLOR_DIALER_AB</color> 
</resources>